datetime,underlying_price,NIFTY27JAN2625200CE,NIFTY27JAN2625300CE,NIFTY27JAN2625400CE,NIFTY27JAN2625500CE,NIFTY27JAN2625600CE,NIFTY27JAN2625700CE,NIFTY27JAN2625800CE,NIFTY27JAN2625900CE,NIFTY27JAN2626000CE,NIFTY27JAN2626100CE,NIFTY27JAN2626200CE,NIFTY27JAN2626300CE,NIFTY27JAN2626400CE,NIFTY27JAN2626500CE,NIFTY27JAN2623800PE,NIFTY27JAN2623900PE,NIFTY27JAN2624000PE,NIFTY27JAN2624100PE,NIFTY27JAN2624200PE,NIFTY27JAN2624300PE,NIFTY27JAN2624400PE,NIFTY27JAN2624500PE,NIFTY27JAN2624600PE,NIFTY27JAN2624700PE,NIFTY27JAN2624800PE,NIFTY27JAN2624900PE,NIFTY27JAN2625000PE,NIFTY27JAN2625100PE
07-01-2026 09:15,26111.65,0.12662,0.1233,0.11741,0.11731592399917687,0.11005,0.10576,0.10073262174421586,0.09724,0.0957,0.09397,0.09187,0.09041,0.08908,0.08795,0.1784,0.17237,0.16928,0.16328970765520837,0.1576,0.1524,0.14697,0.14105,0.13613,0.13085,0.1264,0.12142,0.11631,0.1115
07-01-2026 09:20,26141.4,0.08632,0.10346131234770835,0.11099408878871106,0.11779,0.11197,0.11028,0.10671444293798572,0.10340783267957232,0.09837,0.09619,0.09413,0.09236,0.09057,0.08925,0.17962,0.17477,0.17027823089132602,0.16534,0.15951483882449044,0.1542,0.14753,0.14274,0.13849,0.13282,0.12828609267373747,0.12363,0.118527423406518,0.11353
07-01-2026 09:25,26139.35,0.09147,0.09581800027447568,0.09514,0.09933,0.09599,0.09204,0.09216,0.08954,0.08996,0.08861,0.08697,0.08627,0.08541,0.0849330182132003,0.1801,0.17574,0.17154,0.16567,0.15927,0.15425450171969218,0.14919,0.14245,0.13806,0.13242,0.12877,0.12349,0.11817,0.11287578849730263
07-01-2026 09:30,26128.95,0.1086,0.10842,0.1115,0.12248,0.10715,0.11098,0.10345,0.10135957490766656,0.09864,0.09511,0.09304,0.09123,0.08927419618666907,0.08843,0.18174,0.17683279516727718,0.17206,0.16502,0.15755,0.15287786155381083,0.14691,0.14209,0.13721,0.13184,0.12722,0.12252,0.11729,0.112
07-01-2026 09:35,26131.9,0.10462,0.10538,0.12459,0.12051,0.11225,0.11294,0.10544,0.10273137769733713,0.09896,0.09590780180676954,0.09412,0.09136,0.09014,0.08885,0.18193,0.17718449713308118,0.17226,0.16522,0.15924,0.15334,0.14784,0.1423,0.13730590491633904,0.13219,0.12733,0.12295,0.11707,0.11145491469505453
07-01-2026 09:40,26145.15,0.07079,0.07639,0.08313,0.08523,0.0881503616385155,0.08734,0.0878558325687852,0.08641085212206812,0.0845,0.08386,0.08371849471094066,0.08301,0.08262,0.08249,0.18277,0.1782,0.17265,0.16631,0.15883,0.15343,0.14961,0.14337,0.1382,0.13313,0.12864,0.12374,0.11872,0.11364273479012094
07-01-2026 09:45,26113.1,0.12346577989586358,0.11837,0.10826,0.11514,0.1083,0.1055,0.10226,0.09957338656596142,0.09741,0.09438,0.09237,0.09075,0.08895794552071694,0.08809,0.18107,0.17468,0.1704,0.16426,0.157,0.15289,0.14697,0.14089,0.13571,0.13075,0.12599,0.12096,0.1159204140325251,0.11071
07-01-2026 09:50,26110.0,0.1323675350398714,0.12087,0.10978,0.10781428367615392,0.10550939514920316,0.10476,0.09939,0.0968,0.09542,0.09316,0.09122,0.08945,0.08826325046230293,0.08699,0.1789644407002601,0.1745,0.17045,0.16386,0.15681,0.15155,0.14694,0.14103923117186898,0.13566,0.13068,0.12601,0.12093451100235027,0.11607,0.11095
07-01-2026 09:55,26108.9,0.13029,0.12175,0.13487,0.12474504574114428,0.12009,0.11328,0.11092665083825118,0.10703859792558856,0.10426,0.10032,0.09739,0.09479,0.09256,0.09083,0.18084,0.17444,0.16945,0.16358,0.15675,0.15173331476792518,0.14636,0.14063,0.1353,0.13058390220128,0.12571,0.12047,0.11530343733261261,0.10983
07-01-2026 10:00,26140.3,0.09239,0.0877,0.115,0.11531,0.11123,0.10752,0.10161,0.10048607565138502,0.09747,0.09471133963169753,0.09255,0.09062,0.08911,0.08845224669099774,0.1828,0.17745,0.1717,0.16515,0.16067,0.15356,0.1481,0.14259,0.13745703903878764,0.13216,0.12774,0.12248,0.11736674227197226,0.1122
07-01-2026 10:05,26142.95,0.051677119487606726,0.08237,0.11304,0.11311616892245085,0.11037,0.11308,0.11004,0.10336,0.10275,0.09909,0.09616,0.0932935586132285,0.09181,0.09023,0.18298,0.17622,0.1714,0.16534,0.15961,0.15374,0.14828,0.14278,0.13766,0.13236,0.12794,0.12247,0.11739,0.11183
07-01-2026 10:10,26159.15,0.10591,0.11189,0.09886,0.10243708156199172,0.10290759463323908,0.10433602776084921,0.10588,0.10235646136358334,0.10021353624337993,0.09746,0.09524,0.09264,0.09117,0.08945,0.18543755693137373,0.17904252938426135,0.17292,0.16683,0.16079751559277358,0.15501,0.14937,0.14421,0.13893,0.1335,0.12947,0.12462,0.11843,0.11309
07-01-2026 10:15,26183.8,0.12049,0.09722,0.11136,0.09406,0.09202,0.09271447833011892,0.09326,0.08786,0.08838,0.08770032063646414,0.0865766786369006,0.08527,0.08415,0.08307409482008338,0.18267,0.17854525788473097,0.17425,0.16842,0.16269,0.15663,0.15173,0.14572,0.14048,0.13536,0.13028,0.12548,0.12019,0.115
07-01-2026 10:20,26169.15,0.13492,0.11376,0.12267,0.11138114561963251,0.10785,0.10291576138578806,0.09695,0.09399,0.09285,0.09072487923974552,0.08918,0.08778,0.08646,0.08546,0.18381,0.17694,0.17239455140176332,0.1675,0.16154452488461743,0.15603786615045956,0.15024,0.14514466107191215,0.13994,0.13449,0.12949,0.12431,0.11901,0.11379
07-01-2026 10:25,26152.25,0.14819,0.11685,0.1055,0.10144,0.09464911013054222,0.09327437189757556,0.09325,0.09388,0.0911,0.08993576355472059,0.08801,0.08672,0.0857,0.08459,0.18279,0.1759,0.17077059075795906,0.1654170266744741,0.16026,0.15459,0.14949,0.14378,0.13834,0.13291,0.12889,0.1234,0.11784,0.11258
07-01-2026 10:30,26130.45,0.14045,0.13392,0.12199,0.11585218700979526,0.11049027864820776,0.10631,0.10164,0.09839,0.09595442115065707,0.09407,0.09185760183254196,0.09001012476408021,0.0883,0.08712,0.18145,0.17666,0.17139,0.16528,0.159518838597814,0.15318,0.14805,0.14233,0.13686,0.1314,0.12709,0.1217,0.11602,0.11043784967080861
07-01-2026 10:35,26133.05,0.13848,0.13213,0.12247397649864997,0.11484590170534027,0.109,0.10357,0.10375,0.09754,0.09843,0.09513767473390769,0.09299,0.09123160568743496,0.08935,0.08769,0.18111855551510797,0.17607,0.17133,0.16478,0.15932165128286419,0.15317,0.1486,0.14253020556256724,0.13675,0.13159,0.12694,0.12169,0.11635112070852972,0.11086
07-01-2026 10:40,26144.05,0.13166563797311487,0.1239,0.11658039541485656,0.11069,0.10629806488537165,0.10253,0.09978489762921766,0.09761,0.09496,0.09273552451266359,0.09067,0.08891840701806374,0.08738,0.08609,0.18288,0.177335289486081,0.17204,0.1655,0.15977,0.15409,0.14898,0.14327,0.13781,0.13264,0.12761,0.12223958863926282,0.11697,0.11162297626016371
07-01-2026 10:45,26141.15,0.12448,0.12027685698978743,0.11456,0.114,0.10828,0.10332,0.10041,0.09745,0.0948006561482476,0.09195,0.09043,0.08885,0.08722873245717788,0.08575,0.18131,0.1766,0.17095697628725312,0.16533,0.15938,0.15392,0.14844,0.14292,0.13762,0.13204,0.12718,0.12241,0.11676,0.11134365854336267
07-01-2026 10:50,26146.85,0.15441,0.12166,0.12264,0.12576,0.11054094820019895,0.10062,0.10355432168067112,0.10421,0.10121,0.09751,0.09502,0.09229,0.09052,0.08866,0.18168,0.17659552263859868,0.17128,0.1657,0.15999009117172705,0.15411,0.14865,0.14331,0.13772,0.13245,0.12747,0.12241,0.11671,0.11127
07-01-2026 10:55,26168.55,0.11618,0.09908,0.10582,0.10208937639213797,0.10027,0.09883,0.09819,0.09465,0.09529,0.09256,0.0906,0.08877,0.08737,0.08584,0.18331,0.17727,0.17315,0.16687,0.16117,0.15571734754335562,0.1501,0.14478,0.13937,0.13411,0.12903,0.12353394536683379,0.11815,0.11277
07-01-2026 11:00,26160.15,0.14217,0.10926,0.12493,0.12832,0.11709,0.11632,0.11182,0.10649,0.10367,0.0996,0.09689,0.09419,0.09188,0.08971968162748116,0.18281,0.17727,0.17264,0.16635,0.1609299214632053,0.155,0.14973,0.1444,0.13896,0.1334,0.12844,0.12318,0.11743,0.11204
07-01-2026 11:05,26182.1,0.02060013441446286,0.06317,0.10803,0.11224,0.11009,0.10412,0.09991,0.09817,0.0950291564460497,0.0919,0.08998065255606832,0.08838,0.08688,0.0856,0.18446,0.17867,0.17404,0.16776,0.16186,0.1564787338822373,0.15102,0.14572,0.1403676997196867,0.13508,0.12987295910199573,0.12479,0.11928,0.11373
07-01-2026 11:10,26166.7,0.08471459337589957,0.10165,0.12041,0.11278658429778143,0.10432,0.10238191232765854,0.09653,0.0948577840877943,0.09205,0.08991,0.08867,0.08688418037623923,0.08535,0.08431,0.18353,0.1772,0.17284,0.16679,0.16173,0.15382,0.14989637206179993,0.14469,0.13988,0.13401,0.1290290914138162,0.1239,0.11804,0.11274
07-01-2026 11:15,26148.15,0.15103,0.12068,0.11817349283318325,0.11697,0.10479,0.10114,0.10383,0.10015,0.09801,0.09552551307868543,0.09307,0.09125447727439705,0.08902,0.08724,0.18212,0.17646,0.17108320924368417,0.16562,0.1597,0.15445,0.14843,0.14362,0.13802,0.13232,0.1274621797725462,0.12244,0.11685,0.11124
07-01-2026 11:20,26148.9,0.13325,0.1294818853343819,0.13221,0.10563,0.10438,0.10038807830782583,0.09484,0.09535,0.09244014563765746,0.0912,0.08892,0.08742,0.0862,0.08517,0.18030175057237025,0.17612,0.17222,0.16569,0.16007809497495326,0.15412,0.14849,0.14368,0.13808,0.13238,0.1278,0.12220566997583034,0.11682,0.11139
07-01-2026 11:25,26140.4,0.14019,0.1383673108713062,0.13724,0.11602,0.10911,0.1054308363871991,0.10085714890492742,0.09746933421440125,0.09524399886945367,0.09357,0.09156367989053615,0.08967,0.08807,0.08663,0.17959594717187477,0.17534,0.17146,0.16493,0.15901,0.15337,0.1481464418670854,0.14296,0.13721,0.13166,0.1266396930703308,0.12146,0.1159,0.11031
07-01-2026 11:30,26144.45,0.13223,0.1238,0.13491,0.12795,0.10692,0.10959,0.11051,0.10497,0.10338,0.09905,0.0955,0.0933,0.09089,0.08913,0.18165,0.17587,0.17124,0.16588,0.1595,0.1542951542951361,0.14871627460052123,0.14324,0.13734,0.13195,0.12677,0.12154,0.11602,0.11071
07-01-2026 11:35,26160.05,0.1379,0.10954,0.12705,0.11342,0.1144,0.09898,0.09861,0.0955,0.09382,0.09112,0.08876,0.08773397831707681,0.08612,0.08473,0.18262,0.17686,0.17249,0.16689,0.16051,0.15488,0.14989,0.1443,0.13873,0.13333,0.12776,0.12250239617983882,0.11739,0.11192
07-01-2026 11:40,26147.1,0.11286557709261218,0.12168,0.13513,0.11628,0.12094,0.10735,0.10434,0.10028991972704768,0.09677,0.09297,0.09119,0.08937,0.08741,0.08616,0.18184,0.17607,0.17109802931172197,0.16608,0.15948,0.15385,0.14842,0.14310613126697547,0.13755,0.13244,0.12735,0.12187,0.11653,0.11076
07-01-2026 11:45,26136.15,0.15533,0.13021,0.12347,0.11394738141964449,0.10992609444519125,0.10719,0.10479,0.09917,0.09782,0.09505,0.09244,0.09021,0.08868023246398414,0.08711,0.18118,0.17565,0.17037749816494466,0.16517,0.15878,0.15314,0.14771,0.14255,0.13711,0.13168,0.12657,0.12108,0.11582724148908957,0.11045
07-01-2026 11:50,26138.65,0.15371,0.12839,0.12183,0.10693,0.11294,0.10108615199177227,0.09573,0.09332,0.09232,0.08996,0.08826,0.08661,0.08588125466300033,0.08458,0.18163,0.17566,0.17027299469023058,0.16488,0.15896,0.15312,0.1477,0.14256,0.13713978740772906,0.13173,0.127,0.12127,0.11611,0.11082
07-01-2026 11:55,26126.7,0.1524981012676832,0.13681,0.12325622988342373,0.11165,0.11006,0.10405,0.10053,0.0968,0.09586,0.09281694046549241,0.09077,0.08914928356285667,0.08749,0.08637,0.18119,0.17565982651307732,0.17019,0.16413,0.1582,0.15235,0.14692,0.14193,0.13603,0.13077,0.12604,0.12062,0.11541,0.11042
07-01-2026 12:00,26121.55,0.16447,0.14018,0.12062,0.11229909474856416,0.10672777015034007,0.10525,0.10099,0.09795,0.09557,0.09277,0.09077,0.08877,0.08752782112822238,0.08587,0.18089,0.17468,0.17036,0.16382,0.15788,0.15234942877022273,0.14659,0.14121313090228485,0.13584,0.13042,0.12544,0.12036,0.11541,0.11002
07-01-2026 12:05,26110.95,0.17059,0.1453378375958217,0.12592,0.11854,0.11393,0.10904,0.10471,0.10031071653352586,0.09754996297976887,0.09505,0.09261,0.0909808608554272,0.08930899054695103,0.08731,0.18024,0.17388,0.16946,0.16361,0.1577635175774174,0.15206798849030823,0.14608,0.14106,0.13542,0.13009,0.12564,0.12023,0.1149,0.10954
07-01-2026 12:10,26110.45,0.16872454490186065,0.14699,0.12624,0.12268,0.11389496985159539,0.10926,0.10682,0.10029,0.10023,0.09643,0.09378,0.09151,0.08936,0.08701035235917051,0.18051,0.17387,0.16843450485284583,0.16336,0.15632,0.15152,0.14588,0.14087,0.13554,0.13007,0.12538,0.11999,0.11469,0.10926
07-01-2026 12:15,26107.4,0.1726,0.14731586213188133,0.1281,0.11917965470666361,0.11243311701308263,0.11083,0.10355,0.10125,0.09722,0.09467,0.09205,0.09009,0.08853,0.08725,0.18033,0.17372,0.16902,0.16318,0.15679,0.15138819757957167,0.14568,0.14051,0.1352,0.13013,0.1254,0.11967,0.1140675612691833,0.1081979340195594
07-01-2026 12:20,26103.3,0.14749,0.15113,0.12846,0.12228,0.11176,0.1131,0.10716,0.10184,0.09835,0.09590815275446447,0.09375,0.09145,0.08962,0.0882,0.18064,0.17369,0.1682899937119221,0.16293,0.15675,0.15088,0.14577779072087943,0.14057,0.13537,0.12972,0.12512,0.1199,0.115,0.11011976998944156
07-01-2026 12:25,26106.55,0.14529,0.13464735510576306,0.12654,0.11526,0.11023,0.10932,0.10306,0.09924,0.09688,0.09433,0.09216,0.09031484413174662,0.08851,0.08719,0.18086,0.17367,0.16924,0.16338,0.15697,0.15111,0.1460976012669002,0.1408,0.13569978805997887,0.13066697744663386,0.12583,0.12057,0.11544,0.11046
07-01-2026 12:30,26108.85,0.13692052150197145,0.13189,0.12764,0.12135,0.11389,0.1097,0.1052,0.10143,0.09905,0.09602,0.09375,0.0915053183843325,0.08962,0.0881,0.1796694340070597,0.17382,0.16805402738919784,0.16243545976359944,0.15713,0.15127,0.14704,0.14120262832640823,0.13592679018656006,0.13053,0.12554,0.12044,0.11535,0.11008
07-01-2026 12:35,26106.25,0.13895,0.12870524548558743,0.1212557794641316,0.11553,0.11035,0.10842,0.10552,0.10146,0.09871,0.09611,0.09355,0.09112459660516695,0.08912,0.08684711096451728,0.17976,0.17473,0.169,0.16316,0.15719,0.15237,0.14602,0.14097,0.13531,0.13035,0.12571,0.12036,0.11516,0.10992852991381445
07-01-2026 12:40,26103.5,0.11991,0.11696,0.11289,0.10667,0.10291,0.09959672516589158,0.09545,0.09235,0.0917,0.08965,0.08826,0.08653,0.0853,0.08439,0.1796,0.17457,0.16884,0.16299,0.15724,0.15153,0.14638,0.14079,0.13557,0.13083,0.12552,0.12089,0.11587,0.11090734743969603
07-01-2026 12:45,26084.3,0.13611,0.13107,0.1253,0.11451,0.11253,0.10675,0.1022843461307184,0.0982,0.09613,0.09317,0.09116,0.08921,0.08769379353819637,0.08642,0.17758145266688533,0.17193,0.1665634770798184,0.16086,0.156,0.15028,0.14511,0.1395,0.13425,0.12896,0.12449,0.11932851165849806,0.11439335412560604,0.10937
07-01-2026 12:50,26084.8,0.13576,0.13076,0.12502,0.11425,0.11181,0.10873,0.10386,0.09994,0.09747,0.09457,0.09258,0.09052068211602476,0.08887,0.08759,0.17985,0.17281,0.16768,0.16159,0.15605,0.15118,0.1451491887334048,0.13954,0.13415,0.12917692572425202,0.1243,0.1192,0.11391,0.10864354331257353
07-01-2026 12:55,26089.25,0.12490409720104594,0.12431771322560967,0.12235,0.1206,0.11469,0.10908,0.10466,0.10084,0.0984,0.0947,0.09279,0.09043,0.08873,0.08741,0.17959116965153302,0.1735709150044813,0.16774,0.16189,0.15657,0.15117,0.14577,0.13937,0.13418,0.1288,0.12429,0.11934,0.11381,0.10827594089993331
07-01-2026 13:00,26099.15,0.13774,0.12918190524683426,0.12114,0.11955,0.11469,0.10982,0.10508495780752077,0.10038,0.09815,0.09453,0.09202,0.09013,0.0883,0.087,0.17939,0.17435,0.16856449503597185,0.16276,0.15729,0.1513,0.14585499735279134,0.14022,0.13487375234884177,0.12951,0.12442,0.11914,0.1141,0.10896
07-01-2026 13:05,26103.3,0.11659017392289944,0.11724,0.11794019663945979,0.11697,0.11188,0.10731,0.1025,0.09934,0.09665,0.09357590918490928,0.09115,0.08926,0.0873,0.08606,0.17966,0.17415537839978787,0.16866,0.16285,0.15729,0.15201,0.14642,0.14034,0.13517,0.12984371081062474,0.12461,0.11956,0.11452,0.10938
07-01-2026 13:10,26105.85,0.13259,0.11512,0.11753302436220123,0.11921,0.10758,0.10426,0.10056,0.09768129299178069,0.09497,0.09178,0.08993,0.08809,0.08671306481917257,0.08572,0.1789,0.17454,0.16883,0.16274,0.15661,0.15176,0.14600058940515076,0.14036,0.13536,0.13024641373168658,0.12528,0.11997,0.11473,0.10925
07-01-2026 13:15,26097.2,0.13545,0.12209,0.11944867526116609,0.11572146634133089,0.11389,0.10821334983999407,0.10413776514570636,0.10025,0.09667,0.09342,0.0919,0.08937,0.08779726549749133,0.08674,0.17932,0.17401,0.16878,0.16261,0.15718,0.1512,0.14514,0.14012,0.13496455257725026,0.1298,0.1249,0.11945,0.11408,0.10916
07-01-2026 13:20,26097.45,0.13528,0.12192,0.12229,0.11051,0.10726,0.10272,0.09787,0.09553,0.0935,0.09048,0.08899,0.08752221030602156,0.08593,0.08506,0.17786,0.17271,0.16754330205045018,0.16248,0.15609,0.15123,0.14535,0.14015594753270966,0.1348,0.12982,0.12454101065426648,0.11943145861110087,0.11435311284788952,0.10935
07-01-2026 13:25,26076.35,0.13635,0.13632,0.13447,0.11507,0.11124,0.10481,0.10174,0.09783,0.09578,0.09306,0.09102,0.08910992617043512,0.0875265920953899,0.0871151681867028,0.17677,0.17141,0.16651,0.16114,0.1555014922656646,0.14992,0.14396,0.13872,0.13333678137474658,0.12806969150545744,0.12294,0.11771,0.11287,0.10807391109760506
07-01-2026 13:30,26070.0,0.14088,0.13883340996307245,0.13783,0.11987,0.11361,0.1095406827235693,0.10439443179326814,0.10029,0.09795,0.09434,0.09254,0.09022,0.08856,0.08697232970867178,0.17822,0.17166,0.1663206088847573,0.16075,0.15539,0.14993,0.1441452518542906,0.13846,0.13315570121110884,0.12764,0.12272,0.11750641851963602,0.11258,0.1072
07-01-2026 13:35,26074.55,0.1687233750319901,0.14999831547298673,0.13547,0.12112,0.1144,0.11189,0.10505,0.10046,0.09766,0.09457,0.09234,0.09017,0.0882,0.08695,0.17852,0.17260061853161834,0.16691,0.16108,0.15550120204767479,0.14991337363762078,0.14467,0.13862,0.1328,0.1281,0.12259,0.11738,0.11229,0.10723042668338445
07-01-2026 13:40,26074.2,0.13798,0.13149,0.13567,0.12103,0.11374,0.11021480413070507,0.104,0.10033,0.09781,0.0945895216085701,0.09207,0.09026,0.08842,0.08693,0.17851,0.17132,0.16666,0.16104,0.15485,0.14969795842325012,0.14464,0.13877,0.13308,0.12729,0.12293,0.11799,0.11254828947223307,0.10731
07-01-2026 13:45,26072.8,0.14380097872126527,0.1375,0.1307996231655683,0.12452,0.11755,0.1126,0.10713,0.10257,0.10008,0.09637,0.09394,0.09167,0.08976,0.08827,0.17844,0.17243725629601006,0.16658,0.16074,0.15499322381489058,0.14982,0.14267,0.13852,0.13281907360743833,0.1272,0.12272,0.11748,0.11227,0.10712
07-01-2026 13:50,26083.4,0.1311,0.13079,0.13071,0.11458,0.1109,0.10573,0.09955,0.09775,0.09571,0.09249,0.09049,0.08864,0.08724,0.086,0.17860297399069666,0.17271955225131533,0.16703,0.16126231360447935,0.15547,0.15029,0.14357,0.13909,0.13359,0.12796,0.1235,0.11838,0.11309,0.10797
07-01-2026 13:55,26079.6,0.13406,0.13345472562377608,0.13283,0.12454,0.11271,0.11314,0.10700000631171575,0.10267,0.09951,0.09595,0.09371,0.09128,0.08929318312923012,0.0879,0.17644,0.17088,0.1663,0.16097,0.15524,0.14995,0.1442778824233848,0.13868,0.13319,0.1277,0.12323,0.11758,0.11262,0.10762285078109318
07-01-2026 14:00,26088.65,0.12683,0.12726,0.12031004088432487,0.11522742299814953,0.10839,0.10736,0.10616,0.10137852796414795,0.09891,0.09497,0.0928004982493761,0.09048,0.08855,0.08723,0.17659692193347665,0.17176193036300846,0.16664,0.16202,0.15453,0.15055,0.14487,0.13898,0.13368,0.12808,0.12366,0.11826,0.11304,0.10766
07-01-2026 14:05,26096.3,0.11994,0.12171,0.11491,0.11938,0.10453,0.10799,0.10284,0.09928516473990566,0.09620645618141765,0.09296,0.09098,0.08867451334263782,0.0871,0.08586,0.17797,0.17139,0.16710996796487115,0.16253,0.15632416128813068,0.15048,0.14521809791764048,0.13967,0.13406,0.1293,0.1241,0.11873,0.11363,0.10818
07-01-2026 14:10,26100.95,0.11527,0.11807,0.11166,0.11718,0.11077,0.10686,0.10024,0.09667,0.09492,0.09140632997401414,0.08935748116895617,0.08774,0.08613327931484012,0.08509,0.17590048370144395,0.17169,0.16717302528706665,0.16284,0.15557,0.15079,0.1446,0.14033,0.13485,0.129688123460393,0.12445,0.11951,0.11389,0.10872
07-01-2026 14:15,26097.3,0.12624664941239544,0.12055,0.11426,0.11114,0.10677355630037974,0.10373,0.09785,0.09599625408180187,0.09355,0.09092,0.08915926868085873,0.08749,0.08602,0.08474,0.17776,0.17148,0.16773,0.16193,0.15535,0.15096,0.14437,0.13993,0.13446,0.12926,0.12455,0.11925,0.11381,0.10886
07-01-2026 14:20,26090.7,0.12516,0.12549,0.1190589075487812,0.11458,0.10805,0.10504624583803367,0.10217,0.09626,0.09463,0.09177,0.08988,0.08784796433048443,0.08632,0.0852,0.17444887867423292,0.17108,0.16806,0.16129,0.15707,0.15093,0.14504,0.13956545953620927,0.13371,0.12826,0.12397,0.11856,0.11323,0.10826
07-01-2026 14:25,26090.45,0.1254,0.12569,0.11921972158496956,0.11309,0.11201,0.10650431950991555,0.10202,0.09924859815937181,0.09695,0.09333,0.09125,0.08911315092721098,0.08744,0.08588,0.17707,0.17252508836467914,0.16806,0.16128,0.15769,0.14994,0.14486,0.14014,0.134,0.12826,0.12384,0.11834,0.11312,0.10767
07-01-2026 14:30,26098.65,0.11775,0.11727519525564867,0.11338,0.11283,0.108,0.10375,0.0957,0.09374,0.09245,0.08931,0.08759,0.08627237976030881,0.08508,0.08388,0.17759,0.1716,0.16859,0.16182,0.15844,0.15109,0.14578,0.14087,0.13488,0.12884,0.12388293988166121,0.11906,0.11385,0.1089157628747529
07-01-2026 14:35,26088.15,0.12742,0.12736,0.12038,0.12188,0.1129,0.10654,0.10546,0.10076,0.09843,0.09465,0.09268,0.09026,0.08813701432085,0.08646763135928515,0.17696,0.17096,0.16668669772980518,0.1616973636632713,0.15715,0.15041,0.14545443977979364,0.14,0.13416,0.129021267921377,0.12393,0.11829,0.11314870466349196,0.10792
07-01-2026 14:40,26097.55,0.11889,0.12046,0.12078543267272285,0.12266,0.10834,0.11052,0.10398,0.10004,0.0976,0.09418,0.09176324748626803,0.09003,0.08824,0.0868,0.1763818211870044,0.17267,0.16855,0.16314195599341252,0.15778,0.15104,0.14536,0.14082,0.13497,0.12892,0.12414,0.11889,0.11311,0.10751645508907806
07-01-2026 14:45,26107.25,0.12396,0.11763,0.1223,0.1067,0.10319,0.10394,0.09526,0.09287,0.09155,0.08889,0.08749,0.08584,0.08476,0.0837,0.17733103267216888,0.17329,0.16885055639825966,0.16401,0.15797013722079462,0.15169,0.14639,0.14075076461105646,0.13506,0.12989,0.12485,0.1194336454576059,0.11414,0.10918
07-01-2026 14:50,26098.4,0.13162,0.13675,0.12915,0.12292,0.11777611241297024,0.11258,0.10664,0.1023,0.0996,0.09579,0.09332,0.09112,0.08915677091460533,0.08791470265175563,0.17642,0.1728641911534099,0.16839,0.16346,0.15807,0.15112,0.14581,0.14057,0.1343,0.12831,0.1241,0.11837125245268781,0.1132,0.108
07-01-2026 14:55,26113.35,0.13149,0.12732,0.11988,0.1167,0.10902,0.10408,0.10127,0.09787538806704467,0.09552,0.09223,0.09015,0.0882987619250199,0.0865,0.08529,0.17946,0.1737,0.16935,0.16398472911615114,0.15885,0.15269102389235462,0.14645,0.14127,0.13551795408683595,0.12937,0.12507,0.11986,0.11433,0.10908
07-01-2026 15:00,26123.1,0.12276,0.11978,0.11306,0.11132,0.10302,0.10129895202951256,0.09855,0.0946,0.09262978925184275,0.09028,0.08881,0.08709,0.08574575972902419,0.08446,0.17827,0.17433374798494886,0.16948,0.1653,0.15908,0.15355,0.1473,0.14211,0.13767,0.13048,0.12578,0.12037,0.11508,0.10995611618862293
07-01-2026 15:05,26133.7,0.11118,0.11022,0.11108928192611961,0.11163,0.10334,0.10225,0.09753,0.09433,0.09233166606014678,0.08993,0.08822,0.08652,0.08519835390932262,0.08421,0.17893,0.175,0.16966,0.16599,0.15901210592221618,0.15163,0.14746,0.1418934348685172,0.13677,0.13081,0.12618,0.12072,0.11529,0.10998
07-01-2026 15:10,26142.1,0.09884,0.11876,0.11059,0.11222,0.10533,0.10244,0.09801,0.09482,0.09307,0.0906,0.08896,0.08737,0.08575,0.08453924089170765,0.17828453200697647,0.17441,0.17031254671330556,0.16564,0.16034,0.15424,0.14887400006164378,0.14319391640396748,0.13766,0.13155,0.12641,0.12179,0.11633,0.11055
07-01-2026 15:15,26147.8,0.10654,0.11355,0.10582,0.09637,0.09611293423136864,0.09213,0.08989,0.086,0.08722,0.08611,0.08507,0.08366,0.08305,0.08238,0.17951,0.1759,0.17108,0.16531,0.16020121291692657,0.15482,0.14842,0.14365,0.13775,0.13182,0.12758,0.12182817512947874,0.11657,0.1111947097401178
07-01-2026 15:20,26138.3,0.11792,0.12203,0.1136,0.10598,0.0986,0.09832,0.09507,0.09199620428621932,0.09046,0.08884,0.08713,0.08594699765288073,0.08502,0.08402,0.18137,0.1742,0.17198,0.16521128884790673,0.1599,0.15239,0.14836,0.14335,0.13727,0.13102,0.12552,0.12142,0.11616,0.11054
07-01-2026 15:25,26139.7,0.11638,0.12088,0.11254,0.1092102894591557,0.09944,0.09616,0.09398,0.09147,0.09192,0.09000704318944044,0.08703,0.08549,0.08393043609520622,0.08203643774954777,0.17936,0.17731,0.17159,0.16754,0.16085,0.15228,0.14936,0.14228,0.13722,0.1314946811769659,0.12627,0.12052,0.11608,0.11012
08-01-2026 09:15,26101.75,0.11678,0.1281013480476706,0.09164,0.11444,0.09806,0.1029,0.09933,0.0938,0.09226,0.09026,0.08847,0.08694793979588708,0.08673,0.08567,0.18174,0.17806,0.17069,0.16156855172472243,0.15934,0.1537675865217769,0.148,0.14234,0.13554,0.13056,0.12504,0.11964,0.11443,0.10944470351435831
08-01-2026 09:20,26109.7,0.10711,0.10387563822909719,0.0813,0.09165,0.09017,0.09083,0.08783,0.08754404593264702,0.08608110488975856,0.08478,0.08368,0.08269,0.081729057940758,0.07994058466465676,0.18201152971820395,0.17724,0.17249,0.1633466060342218,0.15934,0.15404,0.14616,0.14272,0.13626,0.13099,0.12580877144007782,0.12063282339055072,0.11556,0.11016
08-01-2026 09:25,26087.55,0.10989,0.11028892014163413,0.10509,0.09447,0.09178,0.0908,0.08627,0.0861,0.08568,0.08435,0.08395492967100741,0.08332,0.08304683493335825,0.08234,0.18263,0.17721154129826786,0.17156,0.16357892505651084,0.15850831824284767,0.15257,0.14449,0.14138,0.13473,0.12985,0.12516,0.12037,0.11455,0.10927
08-01-2026 09:30,26063.1,0.13321,0.11121,0.10224,0.1061,0.09787,0.09834,0.09432,0.0918,0.091,0.08905,0.08770072695169143,0.08687160201844926,0.0856,0.0849,0.18109,0.17429,0.16925,0.16238095750347495,0.15695,0.15213,0.14305,0.14003,0.13411,0.12874408770213266,0.12378690772400566,0.11874371890525004,0.1136349861715103,0.10857
08-01-2026 09:35,26053.95,0.14005,0.1303060014433513,0.12413190059805226,0.1235,0.10269,0.11067,0.10566,0.10007,0.09883,0.09570390850794297,0.0933243008075495,0.0915,0.09,0.08830572039751898,0.17789,0.17351714101164323,0.16867,0.16257550959647593,0.15635,0.15153,0.14525630768760964,0.13941,0.13378,0.12774,0.12355,0.11742,0.11243,0.10685
08-01-2026 09:40,26092.65,0.04235602974581745,0.07222,0.10736,0.10182,0.09554,0.09845649556007116,0.09243,0.09023,0.08867,0.08688,0.0859496991870414,0.08526,0.08421368722437443,0.08339,0.1812600229557429,0.17621,0.17119,0.16453,0.15915,0.15415,0.14546,0.14211,0.13591,0.13053,0.12523307034125114,0.11999023188195065,0.11484279418739851,0.10987
08-01-2026 09:45,26077.7,0.12038,0.09884,0.102757150228135,0.1063,0.09633,0.09896,0.09438,0.09359764077111188,0.09236,0.09023,0.08831,0.08718,0.08581,0.0845066207335397,0.18062,0.17472,0.17048,0.16608,0.15906984001661573,0.15256,0.14601,0.14108,0.135329091869596,0.12961,0.12496,0.11967,0.11477,0.10919
08-01-2026 09:50,26070.8,0.12674,0.12348,0.12264,0.1176585961750552,0.11308897280861772,0.1098,0.10385,0.09989,0.09784,0.09522,0.09286,0.09054,0.08868911182602622,0.08742,0.1802,0.17457,0.1698,0.16429,0.15795,0.15191,0.14636493133086892,0.14061,0.13485,0.12954,0.12542,0.11937,0.11424,0.10893935762804491
08-01-2026 09:55,26089.4,0.11893,0.11496589295096794,0.10995,0.10776,0.1017,0.09898,0.09518,0.09178,0.09023284816989767,0.0884,0.0871793903890152,0.08609,0.08468,0.08383,0.18197,0.17577,0.17225,0.16643,0.16020885836554422,0.15377,0.14812,0.14291,0.13689786334705037,0.1313,0.12645,0.12111,0.11598997142847584,0.11100947341080782
08-01-2026 10:00,26081.9,0.12612,0.11463,0.11541,0.09567,0.0905,0.09307,0.09216,0.08847233789597699,0.08683,0.08602756190945944,0.08485643285726621,0.08348,0.08295,0.08222,0.18152,0.17531,0.17055,0.16595,0.15977,0.15308,0.14762,0.1424,0.13637143626096188,0.13036,0.12591,0.12012,0.1156,0.1098
08-01-2026 10:05,26068.05,0.13746,0.12556,0.10291,0.10102084917987267,0.09975,0.09371,0.09100590757930964,0.08884,0.08768444726139422,0.08659,0.08564,0.08442,0.08374,0.08261288926717317,0.1829,0.17444,0.1704,0.16505,0.15844,0.15236,0.1465,0.14209,0.13589,0.13005,0.12496888302824508,0.11972,0.11452,0.10903
08-01-2026 10:10,26050.3,0.16051516116660064,0.13736,0.11243,0.11244,0.10510577997093228,0.10496,0.0991068742423,0.09617,0.09397,0.09127,0.08964,0.08765,0.08618889448227822,0.08499,0.18178,0.1745,0.16974,0.16327098323061584,0.15727,0.15117,0.1453,0.1407,0.1342,0.1289,0.1237,0.11806,0.11264085302326955,0.10704291496286344
08-01-2026 10:15,26055.25,0.12383,0.13428,0.109,0.10141,0.0969,0.09307627500545768,0.08985593557995737,0.0878,0.08731,0.08648,0.08509,0.08406,0.08321,0.08214644256691046,0.18044,0.17472,0.17055,0.16423,0.15803,0.15249,0.14583,0.14138,0.135,0.12954,0.12443,0.11939,0.11427,0.10930956800090717
08-01-2026 10:20,26034.9,0.11692203866005502,0.11514,0.11445,0.10932,0.10163,0.10165,0.09571,0.09396,0.09295,0.091,0.08918,0.08756,0.08636368337988452,0.08519,0.17801,0.17343,0.16923,0.16312,0.15709,0.15112,0.14533,0.14027,0.13414,0.12859,0.1235,0.11824,0.11347,0.10802
08-01-2026 10:25,26034.15,0.12710136411090925,0.12074,0.11495,0.11028333846576543,0.10612923473431375,0.10266965314468612,0.09973,0.09619,0.09422,0.09199564578573648,0.09026,0.08852,0.08737,0.0862172799780827,0.17913,0.1742585585452848,0.1689053567878383,0.1633,0.15706,0.15089,0.1455293065449515,0.14023,0.13396,0.1288,0.12336975536826744,0.11819,0.11310882122993728,0.10813217394801412
08-01-2026 10:30,26034.2,0.13043,0.12296,0.11721,0.11248,0.10654,0.10325,0.0989,0.09655,0.0943088818079599,0.09269,0.09096,0.08901,0.08699531668477681,0.0849214895474602,0.1772285469190566,0.17341,0.1689958338338095,0.16481,0.15625,0.15166,0.14584731032446813,0.14017063313927958,0.1344,0.12945,0.12358,0.11841,0.11343,0.10783
08-01-2026 10:35,26040.5,0.11556,0.1184,0.10955,0.10308,0.09929,0.09834,0.09467537327946178,0.0917,0.0908,0.08918,0.08801,0.0868602380587657,0.08555,0.08437876833373965,0.1804,0.17383,0.16970558913423264,0.16525,0.1583309094448375,0.15173,0.14627,0.14086,0.13472,0.12929,0.12429,0.119,0.11438,0.10882
08-01-2026 10:40,26027.15,0.12731,0.12778,0.11939,0.11407104874258185,0.10746,0.10523,0.09862,0.09634180091980352,0.09385,0.09162863705875335,0.09018,0.08855008464783153,0.08723759146016816,0.08618,0.17956,0.17298,0.16772151726811,0.162,0.15683,0.15078564992141025,0.14466,0.13962,0.13434,0.12845,0.12352,0.11748,0.1128590728859034,0.10803
08-01-2026 10:45,26033.1,0.1377626708344337,0.1259838938373208,0.11577,0.10722,0.10374111362795332,0.10168,0.09616,0.09329,0.09228,0.0904,0.08908,0.08753,0.08583883594115387,0.08411660425530991,0.17855,0.17382387964441973,0.16848,0.1635,0.1571348742907224,0.15125,0.14402,0.1402,0.13407,0.12838,0.12398,0.11885,0.11398,0.10838
08-01-2026 10:50,26029.85,0.11819,0.12603,0.10632,0.10501530858195822,0.09795,0.09934,0.09511283694705341,0.09317,0.09208,0.0906104185162249,0.08927,0.08758,0.08634,0.08491579008374954,0.17836,0.17331890921054022,0.16804,0.16287,0.15642,0.15122,0.1454,0.14014,0.13441,0.1293,0.12408,0.11841,0.11399,0.10857
08-01-2026 10:55,26018.95,0.12741,0.13303,0.11809566345946913,0.10692,0.10452460261236174,0.10154,0.09625,0.09308,0.09332,0.09144,0.08964,0.08828,0.08684,0.08605,0.17825,0.1725,0.16731361692075616,0.16215,0.1557,0.15049,0.14465,0.13969,0.13433,0.1286520084448427,0.12321890352296715,0.11767,0.1138,0.11005122204712907
08-01-2026 11:00,26016.4,0.12889,0.11864,0.10849,0.11085,0.1006,0.10269,0.09771,0.0946,0.09377,0.09163,0.09012089343069957,0.08867,0.08761,0.08644463483272753,0.17385101428631877,0.1698159661312519,0.16610525813357277,0.16178,0.15696,0.15065198002376368,0.14414,0.13982,0.13426244497857637,0.12894,0.1245,0.11922,0.11388686854857646,0.10819141861982012
08-01-2026 11:05,26011.95,0.13223,0.12934,0.11955380455139497,0.11196,0.10841,0.1012,0.09888,0.09649,0.09405877121090529,0.09243,0.09089691209995363,0.08952515280865302,0.08817,0.08698,0.18379960897846565,0.1758,0.16808,0.16128,0.15551305254679418,0.15004,0.14465063860518815,0.13952,0.13506,0.12899,0.12417854446214188,0.11898,0.11392,0.1088
08-01-2026 11:10,26009.35,0.14916451389106544,0.13098,0.11365,0.10859,0.10288043263698085,0.10029,0.09856,0.09508433556529972,0.09308531381276615,0.09127,0.08993,0.08862,0.0876,0.08655,0.17986,0.17346,0.16718092980832042,0.16112,0.15559226575129317,0.14987,0.1450417174649278,0.14024,0.13517261985403156,0.1302242131116919,0.12544,0.11999,0.11509,0.10994
08-01-2026 11:15,26005.55,0.13798779689309282,0.12268,0.1073,0.10588,0.10003,0.09851,0.09432,0.09407,0.09316,0.09112,0.09024369820803457,0.08896,0.08812833128170261,0.08703,0.18067,0.17517,0.171,0.16464434858927915,0.15873582752822515,0.15248,0.14687,0.14114,0.13579,0.13133,0.12617,0.12108252051027955,0.11597,0.11087
08-01-2026 11:20,25984.4,0.14374,0.13566,0.11071,0.10416,0.09902,0.0958571266963077,0.09553,0.09345,0.09251,0.0916,0.09065,0.08947,0.08786123106805345,0.08541735915666736,0.17931,0.17519,0.17042,0.16514,0.1596,0.15426008619454815,0.14908,0.14263,0.13824,0.13264,0.12703,0.12199,0.11699,0.11194
08-01-2026 11:25,25968.0,0.13393,0.14451,0.1265984257327022,0.11621,0.10783,0.10532,0.10246,0.09972,0.09817,0.09555,0.09413226966539515,0.09258,0.0912,0.09028,0.17712344295732727,0.17343,0.16954,0.1644,0.15998,0.15381836339826177,0.14794271230439188,0.14131,0.13656,0.13086352125519005,0.12547,0.12017,0.11526,0.10994
08-01-2026 11:30,25968.05,0.1587532779372285,0.14451,0.12898978199049954,0.11845306556669226,0.10996,0.10584,0.10141548450032781,0.09904,0.09660372799356727,0.09499955989812298,0.09381,0.0924,0.09118,0.09058,0.17804430440359656,0.17458,0.17075,0.16508683696736828,0.15925492277486228,0.15315,0.14693,0.1421,0.13492,0.13068,0.12595,0.12068,0.11592,0.11084
08-01-2026 11:35,25971.65,0.12259842903653607,0.12227530296785913,0.12047,0.11888,0.11249,0.10861,0.10423,0.10083,0.09857,0.09641,0.09465,0.09281,0.09139,0.08997451550626549,0.17898157459463224,0.17483,0.17042,0.16425589921840542,0.15823,0.15199,0.14646699279982822,0.14083760956929722,0.13508,0.1300102672796969,0.12493,0.11965206496808695,0.11426,0.10886
08-01-2026 11:40,25983.85,0.13538,0.11016,0.11307,0.10963,0.10399134672031486,0.10171,0.09883057757352597,0.09626,0.09523,0.09304,0.09174,0.0905,0.08937,0.08904,0.17934,0.17566,0.17105,0.1652866813765143,0.15935278798815242,0.15302,0.14724728784913962,0.1413,0.13551,0.13019,0.12571,0.12025176278119017,0.11521,0.10985
08-01-2026 11:45,25973.8,0.12243,0.12497,0.10904,0.10931671250732608,0.10746,0.10034,0.09668,0.09564367709701893,0.0941,0.09232570442924459,0.09124,0.09009,0.08932,0.08911,0.1787,0.17567,0.17019,0.16335,0.15836491209079034,0.15249,0.14695,0.14125,0.13574,0.1303,0.12569,0.12043,0.11571,0.11036
08-01-2026 11:50,25958.25,0.13347,0.12051,0.1206,0.11501,0.10958,0.10569981928875913,0.10239516853337571,0.09931,0.09775,0.09542,0.0938,0.09237,0.09104,0.08971330836616467,0.1794316020241613,0.17465,0.16935,0.16471,0.15803,0.1514,0.14585,0.14052,0.13471,0.12923,0.12457,0.11926,0.11463,0.1092
08-01-2026 11:55,25958.05,0.12189,0.11063,0.10752899823508795,0.10429,0.10020317793348255,0.09719,0.09528627345874789,0.09325,0.09271,0.09138,0.09045,0.08941,0.08854,0.08892,0.18039,0.17443,0.17054,0.16471,0.15872565649231413,0.15281,0.14684,0.14193,0.13633,0.13118585334206,0.12657,0.12119,0.11693,0.11252182219775991
08-01-2026 12:00,25936.15,0.12217,0.11547,0.10832,0.10566472651286545,0.10256,0.10034,0.09708,0.09569,0.09503,0.09382,0.0926,0.09200593389040426,0.09081,0.09107,0.18079,0.17552,0.17076,0.16496,0.156,0.15065,0.14638,0.14153636102044082,0.13743,0.13203189568994494,0.12748,0.12229,0.11757602076127906,0.1128
08-01-2026 12:05,25896.7,0.1448,0.13625158506791654,0.12976,0.1243,0.11772,0.11319,0.10954499643166303,0.10661798460362337,0.10487,0.10247,0.10057,0.09884,0.09756592521417501,0.09686,0.1799,0.17523,0.17020563023608282,0.16499,0.15669638485198176,0.14801,0.14378,0.13862501350674297,0.13335,0.12858,0.12484,0.1197286746290953,0.11452,0.10966
08-01-2026 12:10,25920.3,0.1311,0.12721,0.12316,0.11872,0.11304,0.10923,0.10565,0.10319,0.10149,0.09916,0.09766,0.09594,0.0951,0.09445,0.18108,0.17569,0.17034895156455826,0.16472,0.1588,0.15031,0.1462318042061259,0.14123,0.13549,0.1291,0.12563,0.12046,0.11531,0.10996
08-01-2026 12:15,25935.5,0.12865315644891637,0.12281,0.11745803537946496,0.11256368217062647,0.10827,0.10475543580064822,0.10135,0.09952,0.09774,0.09636,0.09485,0.09395,0.09295,0.09262,0.18318,0.17791,0.17292,0.16664572833817945,0.16035,0.1549,0.14918795348304462,0.14401,0.13794,0.13165,0.12804,0.1227,0.11781,0.11288
08-01-2026 12:20,25923.15,0.13462,0.12982,0.1211,0.11657,0.11259,0.10757,0.10456215163257106,0.10183,0.09983,0.09796,0.09661,0.09531907282968413,0.09427,0.09404,0.18674,0.17896,0.17478,0.16847,0.16299,0.15402,0.15118,0.1452,0.13893,0.13283,0.12828855003719694,0.1236,0.11875,0.11375
08-01-2026 12:25,25934.95,0.12705,0.12349,0.11508,0.11706,0.11002,0.10723103119405768,0.10373,0.1013,0.09936144420310972,0.09751,0.09629,0.09469,0.09344,0.09341,0.18718,0.17979,0.17429,0.16874817281939802,0.16228,0.15913,0.15121919078644924,0.1449,0.13854,0.13267,0.12842,0.12282072065015506,0.11803,0.11335
08-01-2026 12:30,25935.9,0.12309,0.12295,0.11958,0.10904,0.10503,0.10269052754370826,0.09853,0.09758,0.09592533281740558,0.09479,0.09357,0.09246,0.09168,0.09175,0.1855,0.17987,0.17521,0.17092,0.16403236967000845,0.15796439107707683,0.15083,0.14631,0.14015,0.13405,0.13004,0.12477,0.11989,0.11507316762416016
08-01-2026 12:35,25914.7,0.13927,0.13463,0.12738306136336447,0.12096215634294512,0.11617,0.11019,0.1072668149273095,0.10462,0.10226,0.09968562661398958,0.09780775337585647,0.09653,0.09498,0.09504,0.18467,0.18126,0.17357,0.16729,0.16143,0.15625,0.1514,0.14427,0.1375,0.13174,0.1267468532868757,0.12192,0.11679101704437388,0.11202
08-01-2026 12:40,25920.75,0.13932626167235793,0.13148,0.12465,0.11739,0.11421,0.11052,0.10652,0.10369,0.1011358140067703,0.09919,0.09712,0.0957,0.09428,0.0943,0.18451,0.1783,0.17334,0.16773791663897417,0.1613,0.15799,0.15041097611612098,0.1443,0.13768,0.1313,0.12661077853460434,0.12209,0.11676859179203475,0.11197
08-01-2026 12:45,25921.8,0.13509,0.1254099311978639,0.11644,0.11302,0.10968,0.10613,0.10360197122555082,0.10173,0.09984,0.09802,0.09656608426898743,0.09522366318490239,0.09385,0.09401,0.18459,0.1782,0.17427,0.16751,0.16183,0.15808,0.15094735749238594,0.14505,0.13899335405719224,0.13223,0.12851,0.12311,0.11787305557309707,0.11301
08-01-2026 12:50,25913.2,0.1312,0.13546,0.11517,0.12057,0.11369265395101592,0.11085,0.1067,0.10438,0.10171,0.09974,0.09825,0.09677616375484503,0.09577275682889769,0.09513,0.1813098821486061,0.17763,0.17466,0.16692,0.16249,0.15695,0.15086,0.14408,0.13762,0.13137,0.12726,0.1216260457485874,0.11699,0.11152
08-01-2026 12:55,25910.65,0.1328,0.13677,0.11648,0.11758,0.11238,0.10766,0.10469,0.10295,0.1008,0.09896329583221565,0.09733,0.09612,0.09476,0.0946,0.18504,0.17875,0.17514,0.16873,0.16271903874164897,0.15641939758260395,0.1500215196028741,0.14379,0.13734,0.13127,0.12722,0.12162,0.11703,0.1113
08-01-2026 13:00,25905.65,0.13583,0.13928,0.1286557099712847,0.12451,0.11087,0.11208,0.10840806010603209,0.10712,0.10472,0.10241,0.10025,0.09844,0.09673,0.09617,0.1849,0.17824,0.17416,0.16839,0.16237939458751993,0.15642,0.14973,0.1436348060410025,0.13752511863753789,0.1318267741696176,0.1265,0.12156,0.1169225878406315,0.11251978998003906
08-01-2026 13:05,25924.95,0.12353,0.12931,0.12087,0.11706,0.10851,0.10772045827585294,0.1042185163989269,0.10217,0.09998630349587338,0.09821533479254872,0.09639962139128859,0.09480217360522598,0.09364,0.09321,0.18413992608040725,0.17959,0.17537,0.16857,0.16325,0.15786,0.15166,0.14501,0.13883008610622138,0.13215,0.12785,0.12213,0.11736,0.11212
08-01-2026 13:10,25922.25,0.13656,0.12639,0.12184408320476335,0.11962,0.10956,0.10842557922741465,0.10538148106495462,0.10381,0.10093,0.09903428424140383,0.09719825071846025,0.09566,0.09417,0.0937,0.18665,0.17942,0.17404,0.16816153889027224,0.1625,0.15598,0.14979,0.14416,0.13714,0.13092,0.12699,0.12106586894786825,0.11611,0.11058
08-01-2026 13:15,25921.8,0.13686,0.12666,0.12001,0.11462,0.10975,0.10641,0.10299,0.10073276766564121,0.09863,0.09725,0.09579,0.09451538300854857,0.09295,0.09277,0.18663,0.1794,0.17502,0.17019,0.16319,0.15759198183859227,0.15262,0.1448,0.13804,0.13155,0.12777,0.1221,0.11667736542765124,0.11163
08-01-2026 13:20,25914.55,0.14112,0.13027175803678617,0.12219770915112893,0.11617,0.10916,0.10646,0.10447,0.1013,0.09915,0.09761,0.0959513524843486,0.09483,0.09341,0.09347,0.18379376233937333,0.17892,0.17415416241882142,0.16863,0.16309,0.157,0.15078099319002977,0.14458,0.138,0.13155,0.12751,0.12179,0.11664504832213943,0.11148
08-01-2026 13:25,25911.75,0.14273,0.11662,0.109608148451728,0.10487667645852185,0.10431,0.10172,0.09957,0.09775577540658659,0.09627075760879161,0.09505129021791654,0.09439,0.09305,0.09214,0.09239,0.18654,0.178,0.17609,0.17066,0.16372,0.15681,0.15234,0.14556,0.13938740028515445,0.13278,0.12901,0.12314592296522116,0.11871,0.1133
08-01-2026 13:30,25888.65,0.15494,0.12545,0.12737,0.12153,0.11389555266723841,0.11053234027384547,0.10803,0.1054,0.10268,0.10064851087661673,0.09919,0.09714,0.0957,0.09391409391574237,0.18496,0.17858,0.17384,0.1659,0.16123,0.15459075284693546,0.14834431388516636,0.1423,0.1359,0.12941,0.12539,0.11989,0.11478,0.10939
08-01-2026 13:35,25907.5,0.13114,0.11468,0.11856,0.11656,0.10942,0.10737,0.10467,0.10234,0.09968,0.09784,0.09675,0.09513,0.09392,0.09367,0.18702,0.17624,0.17407,0.16726,0.16178,0.15753,0.149,0.14287,0.13679370551693992,0.130928756107002,0.12570456376947708,0.12061058433155225,0.11563,0.11024
08-01-2026 13:40,25901.95,0.132,0.12588297645115995,0.12127,0.1177,0.1127834286482173,0.10906718387284545,0.10502,0.10332,0.1007615165382517,0.09908,0.09728192889159398,0.09581923055700967,0.09445,0.0942,0.18665,0.17587,0.17385,0.1668589728469055,0.16153,0.1547,0.14847,0.14279,0.13615,0.13003,0.12475621769880496,0.11959030862161775,0.11509,0.10991
08-01-2026 13:45,25914.15,0.12419,0.11049,0.12285,0.11764,0.11379513125286086,0.11047512101854337,0.10554,0.1032,0.10095,0.09865,0.09752,0.09555,0.09387,0.09366,0.18446,0.17653,0.17324,0.16776,0.161,0.15561,0.14841,0.14238,0.13639199407976554,0.13053188858964374,0.12515,0.11953,0.11462,0.1098052807457695
08-01-2026 13:50,25911.55,0.12595,0.12756,0.12328,0.11803910708240604,0.11156,0.1097,0.10648,0.1038,0.10147,0.09906,0.09742,0.0955,0.09384,0.09357,0.1843,0.17656,0.17239,0.16713,0.16083,0.15543,0.1476,0.14185,0.13571162535558237,0.12901,0.12495,0.11895,0.11414,0.10917
08-01-2026 13:55,25926.6,0.1361385557774774,0.12702,0.11579,0.11513,0.11104,0.10651421177231811,0.10242,0.10115,0.09911,0.09696,0.09542,0.0937,0.09229,0.09191,0.18372,0.1776,0.17346,0.16678,0.16137692700017792,0.15655,0.14783,0.14195,0.13595332295324783,0.12932,0.12499,0.11922,0.11408664128133433,0.10919
08-01-2026 14:00,25936.35,0.107,0.110728094949662,0.11063362964220068,0.11052,0.10497,0.10471,0.10075,0.09801246413901156,0.09597121660455396,0.09436453136230254,0.09319667944179953,0.09206351745565534,0.09121,0.09073,0.1852756649404011,0.17928980508236003,0.17364,0.16748,0.16161,0.15728,0.14829,0.14293,0.13609,0.13009,0.12561,0.12019,0.11524,0.11019
08-01-2026 14:05,25930.35,0.11223,0.11391433193923227,0.11388,0.10824,0.10288,0.10302,0.09939,0.09783,0.09626024153384839,0.0946,0.0932660228531209,0.0918576787080165,0.0905,0.08943303662641286,0.18401,0.17868682140757605,0.17306,0.16707,0.16149,0.15425,0.14839,0.14222857601614222,0.13619,0.12993,0.12574,0.11978,0.11547,0.11007
08-01-2026 14:10,25918.0,0.11883271520373852,0.12013211306709694,0.11963,0.11897,0.11452,0.11021027649765933,0.10544,0.10303,0.10038,0.09775,0.09634,0.09436,0.09285,0.09241,0.18193,0.17706,0.17256,0.16621,0.16062,0.15337,0.14749,0.14216,0.13536,0.12937,0.1241761986384156,0.11915,0.11394967864421461,0.10909
08-01-2026 14:15,25928.1,0.12552399361841185,0.12166,0.11446,0.12067,0.11367338321825926,0.10934,0.10438,0.10159,0.09926,0.09672913436137359,0.09504,0.09328,0.09211708599470729,0.09133,0.18293308898911187,0.17777,0.17223,0.16661,0.16037633109332777,0.1540779764867212,0.14746,0.14187,0.13505,0.12877,0.12401,0.11844,0.11314009106984071,0.10785
08-01-2026 14:20,25935.4,0.13496,0.11721,0.12441,0.11023,0.1087,0.1035186975526923,0.09895,0.09649,0.09506,0.0934,0.09194,0.09027,0.08976431990560604,0.08901,0.18095,0.17527,0.17148,0.16355,0.15991,0.15465,0.14708,0.14127531434721072,0.13472,0.12884,0.12416,0.11825,0.11336440922897703,0.10851
08-01-2026 14:25,25922.75,0.12473496573898353,0.12481,0.13045,0.10787,0.107178411617591,0.10105,0.09948,0.09662874929109892,0.09505465331465249,0.094,0.09245,0.09096,0.08972,0.08928,0.18314,0.17546,0.17224,0.16527,0.1604,0.15514,0.14826,0.14255,0.13602061391799228,0.12967,0.1245035789071713,0.11942,0.11485,0.10948
08-01-2026 14:30,25906.05,0.13827,0.13385,0.1379,0.12758,0.12218,0.11544,0.11051,0.10707,0.10419,0.10081,0.09795382495681092,0.09595,0.09368079822848958,0.0923102266310896,0.18033,0.17553,0.17091,0.16411,0.15937,0.15227,0.14627,0.14010317558187005,0.13373,0.12739,0.12271,0.11712,0.11207,0.10621
08-01-2026 14:35,25930.65,0.12256,0.12021,0.12677,0.11586,0.11047,0.10851,0.10262,0.09925,0.09721,0.09491064234892627,0.0933,0.09138,0.08976,0.08937,0.18112,0.17722,0.1712,0.16569,0.16007068010203077,0.15463,0.14743,0.14175,0.13484,0.12871,0.12326224019938765,0.11845,0.11364,0.10923546592439487
08-01-2026 14:40,25928.05,0.12441,0.1202861275959785,0.1166086998271518,0.1125523486805704,0.10867,0.10578,0.10106,0.09931,0.09753,0.09475,0.09302865462055271,0.09141798379828078,0.09002,0.08972,0.18119,0.17706,0.17122,0.16552,0.15954530520016696,0.15346,0.14686,0.14132,0.13489782537624487,0.12841,0.12388,0.11793,0.11289607723741478,0.10801
08-01-2026 14:45,25926.4,0.12557,0.12244071811532822,0.11923,0.11485,0.11037,0.10612197505930368,0.10178,0.09907,0.09678,0.09467,0.09333,0.09151,0.09017,0.0897,0.18282,0.17696,0.17033121545799274,0.16335,0.15887,0.15278,0.14648,0.14097,0.13398,0.12859122111160023,0.12295,0.11748,0.11224731767481139,0.10713
08-01-2026 14:50,25932.65,0.12118,0.11905,0.11331320698903553,0.10814863679776926,0.10319,0.09904,0.09626,0.09518,0.09314867141351889,0.09175,0.0904492981925478,0.08918,0.08805,0.08799,0.18086,0.17476,0.17156,0.16542650495202874,0.15964,0.153602180537353,0.14722,0.14169,0.13492,0.12848,0.12409,0.11849,0.11391,0.10950407262994011
08-01-2026 14:55,25918.9,0.13056,0.12709,0.11701,0.11014,0.1061,0.10315,0.09977,0.09765,0.09557,0.09352,0.09229,0.09086080260542231,0.08947,0.08904,0.18171,0.17384,0.17044,0.16591,0.15867,0.15269,0.14649,0.14055,0.13422,0.12784,0.12326,0.1172,0.11302,0.10728
08-01-2026 15:00,25894.05,0.13498049146132185,0.11947,0.10472,0.10119,0.096760550654034,0.09482063296196021,0.09391,0.09234,0.09109,0.08992,0.0891,0.08880669676982908,0.08833058405874494,0.08774,0.18089,0.17457523755652338,0.16868040002213272,0.16234,0.15753,0.15062,0.14532,0.13894,0.1332,0.12671,0.12274,0.11740872361133961,0.11307,0.1085985429003031
08-01-2026 15:05,25867.85,0.13369,0.12731,0.12359,0.11508,0.10997,0.10648,0.10299,0.10031,0.0976773677962099,0.09533527402988186,0.09428924276493088,0.09338,0.09204,0.09182,0.177,0.17062,0.16675,0.16034,0.15396,0.14916,0.1426130206009517,0.13662,0.13044,0.12476,0.11957639473438177,0.11456248680547149,0.11008,0.10543
08-01-2026 15:10,25878.85,0.12899,0.12152,0.115,0.11272,0.10769,0.1041303895720016,0.1008,0.09855,0.09645,0.09392928473873427,0.09346,0.09225301112899101,0.09113,0.09007326503217879,0.17776,0.1722,0.16691046591823488,0.1613,0.15522271767397397,0.14926,0.14305,0.13722,0.13129088464705976,0.12524,0.12102,0.11568,0.11072,0.10595092859771421
08-01-2026 15:15,25875.3,0.13029,0.11994,0.11446,0.109601731078821,0.1063,0.10282,0.10033,0.09768,0.0959,0.09330629399583809,0.09259,0.09148,0.09008,0.09017,0.17687,0.17032,0.16729,0.16056,0.15484,0.14784,0.14306,0.13708,0.13093,0.12467,0.12001766990438427,0.11562,0.11074,0.10637982550249553
08-01-2026 15:20,25877.45,0.13005,0.12392,0.1134,0.10786,0.10385242054911238,0.10106,0.09813,0.09608,0.09453,0.09294867395028436,0.09119,0.09032,0.08931559584571609,0.08849842345190063,0.17703,0.17111,0.16730827091086728,0.16272,0.15578,0.14932,0.14283,0.13694556748837527,0.13088,0.12505,0.12030504073306668,0.11589,0.11089326264437666,0.10639
08-01-2026 15:25,25872.2,0.12803,0.11592,0.11061,0.10494,0.10007,0.09872,0.09556094524978898,0.09347,0.0934,0.0934749849075684,0.09086,0.0897,0.0883,0.08906,0.1819751920263389,0.17433,0.16747,0.15963153845388914,0.15205,0.14891875277976588,0.14626,0.13817,0.13219208532266316,0.12504,0.12242,0.11678,0.11259,0.10853478511326035
09-01-2026 09:15,25899.85,0.14298,0.12727,0.12115388775316674,0.11596853286669974,0.11599,0.11149,0.10542106804253029,0.10327,0.10051,0.09754,0.09616,0.09327487223553496,0.09254,0.09258,0.17626,0.17371,0.1685,0.16185,0.15604,0.15102,0.14518609332724083,0.13935,0.13353,0.12681,0.12252,0.11718,0.11132339785718456,0.10734
09-01-2026 09:20,25916.2,0.13305,0.11207456606298805,0.09457,0.09091,0.08856,0.08824,0.08706,0.08685,0.08565,0.08505,0.08477,0.08448,0.084,0.08518,0.17816,0.17484,0.16986,0.16410484112201612,0.15815660131512974,0.15175,0.14643,0.14073,0.13492,0.12918,0.12430313844765938,0.11994,0.11493478890667913,0.11126
09-01-2026 09:25,25858.55,0.13567,0.12722,0.1182952534578075,0.11184,0.10806,0.10555,0.10028,0.0978,0.096,0.09347408905686305,0.09284,0.09082,0.08988,0.09067,0.1768,0.17023,0.16645,0.16033489758870997,0.1546,0.14865,0.14395,0.137,0.13104,0.12573,0.12155,0.1165,0.1117603757079302,0.10728
09-01-2026 09:30,25855.3,0.11631,0.11509645922665052,0.11198615189350353,0.10938,0.10492,0.10179,0.09982,0.09624,0.09472,0.09297590280362125,0.09208,0.09097,0.09050083405755197,0.09032,0.17635,0.17114,0.16663,0.15894,0.15504,0.1486528439778052,0.14304,0.13720074659843268,0.13164952680705705,0.12588,0.12172,0.1166,0.1125,0.10776
09-01-2026 09:35,25832.05,0.13099,0.1306,0.12762,0.1166,0.11021,0.10683,0.10345,0.10058,0.09796201599635426,0.09572,0.0944305989031013,0.09351,0.09197,0.09299,0.17503,0.16911,0.1652,0.15805,0.15336,0.14717,0.14198,0.13561,0.12998,0.12431,0.11952697359765535,0.11504,0.1104,0.10589
09-01-2026 09:40,25822.35,0.14028,0.15544,0.14081,0.1399838103662927,0.13289442023809842,0.1261489806425055,0.11972,0.11424652899603017,0.10968,0.1066,0.10381,0.10112,0.09868,0.09897,0.17414,0.16845,0.16395,0.15682,0.15185,0.14647,0.14004,0.13288,0.12687,0.12082,0.11665,0.11089,0.10643,0.10141
09-01-2026 09:45,25853.6,0.12218,0.14562,0.14179,0.12956,0.1267793368373227,0.11759,0.11166,0.10813660112451473,0.10425,0.10106,0.09868,0.09701,0.09465,0.0947,0.1758,0.16972,0.16498695867522797,0.1598,0.15345,0.147395914811016,0.14122691902607246,0.135,0.12908,0.12369790891244095,0.11879,0.11337273499556522,0.1084,0.10386
09-01-2026 09:50,25857.2,0.14752,0.13814022272515472,0.1292,0.12532,0.11868714188984714,0.11474,0.10985,0.10596,0.10269349799173924,0.09984384877533788,0.09786,0.09569,0.09467882075009112,0.0942,0.17726,0.16998,0.16583,0.1597852377509012,0.15389,0.14876,0.1421508853096304,0.13581,0.13032665111409816,0.12468358742562563,0.11946,0.11445883584351578,0.10996,0.10532
09-01-2026 09:55,25884.0,0.13400669384207775,0.13078,0.12877,0.1207,0.11479,0.11041,0.10683,0.10269,0.09982,0.09704,0.09541,0.09358,0.09172,0.09189,0.17721440038805458,0.17206,0.16751,0.16047,0.1539,0.15059,0.14326,0.13759,0.13157,0.12543,0.12009846286202246,0.11505382159449218,0.11070830965081477,0.10705
09-01-2026 10:00,25894.2,0.12583,0.11041,0.10847,0.10555495929608584,0.10376,0.10087,0.09838,0.09637,0.09421,0.09285612910691649,0.09171,0.0903,0.08883,0.08974,0.18005,0.17232,0.16905,0.1619980746495926,0.15589,0.14997579804997724,0.14373,0.13851,0.13249,0.12646,0.12252,0.11687,0.11256,0.1081867299010708
09-01-2026 10:05,25862.35,0.14485,0.12893,0.13607,0.12919,0.1203912936117713,0.11323,0.1088,0.10481,0.1016,0.09848219530328682,0.09707,0.0948,0.09299,0.09339,0.17742,0.17239,0.16723,0.15954,0.15396,0.14826,0.14211,0.13623194422154486,0.1305,0.12458,0.11963250522847296,0.11443,0.11017,0.10536
09-01-2026 10:10,25871.6,0.13977,0.1223,0.1204,0.10981,0.1064,0.10257,0.09915,0.09632,0.09445,0.0929,0.09191,0.09129564010501905,0.09057615898661445,0.08995,0.17901,0.17304,0.16769,0.1604,0.1555,0.14941,0.14321028115538467,0.1376,0.13158,0.12554,0.12159,0.11609,0.11181,0.10716
09-01-2026 10:15,25866.2,0.13361,0.12299,0.11845,0.1129,0.1083110612100782,0.10452,0.10083,0.09703,0.09536,0.09384,0.09211663209647412,0.0911856196657217,0.09015,0.09082,0.17772,0.17268,0.16713,0.16003,0.15512,0.14903,0.14257,0.13707,0.13106,0.12554,0.12071,0.11517,0.11127,0.10731117632371502
09-01-2026 10:20,25855.2,0.14382372952572317,0.13817,0.13246,0.12533,0.11987,0.11271119557944591,0.10634,0.10197,0.09926,0.09696,0.09535,0.09359,0.09239,0.09265,0.17907,0.1733854736887435,0.16733363341691196,0.16128,0.15434,0.14824,0.14161,0.13586,0.12998,0.12342,0.11918,0.11401,0.10936,0.10442
09-01-2026 10:25,25858.65,0.15299,0.14164,0.13545,0.128,0.12019406267446425,0.11408,0.10968,0.10496,0.10207,0.09932,0.09676023494000231,0.09509,0.09331,0.09157744146681183,0.17933,0.1743,0.1678,0.16154,0.15512310588509814,0.14896,0.1416,0.13626,0.13014,0.12433,0.11992,0.11431,0.10960900059209103,0.10487
09-01-2026 10:30,25876.25,0.14372,0.12319,0.12244,0.10581,0.10194,0.09806,0.09564,0.09339,0.09181,0.09045,0.08954,0.08862,0.0876,0.08862,0.18055,0.17554,0.16925,0.16352,0.15555,0.1501615374645481,0.14434,0.13813,0.13222,0.12616,0.12175,0.11667265733855428,0.11267,0.10792
09-01-2026 10:35,25856.25,0.13386,0.12186,0.11509,0.11409,0.11083,0.10442,0.10153,0.09794,0.09652,0.09387,0.0931,0.09143669250151423,0.09015,0.09111,0.17919,0.17291,0.16785,0.16049,0.15512,0.1489102274498464,0.14313,0.13699,0.13113,0.12489,0.12008130628203179,0.11514,0.11095,0.10594
09-01-2026 10:40,25848.5,0.13828,0.13072,0.12174,0.11608601193331983,0.11156,0.10677,0.10343,0.09947,0.0972593092252173,0.09535243168400037,0.09413,0.09245,0.0907898507254454,0.08912513052254567,0.177,0.17175,0.16637373709484543,0.1605,0.15457,0.14841,0.14173,0.13616,0.13031,0.12477162627525586,0.11965,0.11418,0.10956524879032252,0.10499
09-01-2026 10:45,25856.0,0.13377304921695485,0.12691,0.11984030424229504,0.11366113422358586,0.10894,0.10426,0.10107,0.09729,0.09535,0.09318,0.09212,0.09070906229623997,0.08965,0.09047,0.17921,0.17163,0.16709,0.16105,0.15497,0.14836,0.14248681559036264,0.13662,0.13056,0.12437,0.11984,0.11436,0.10966280003713974,0.10507
09-01-2026 10:50,25857.85,0.12575,0.12071,0.10942,0.1029,0.10115,0.09755,0.09512922489340456,0.09297733047122062,0.09137691460242196,0.08997,0.08915,0.08859,0.0881219877069434,0.08750984205239501,0.17913,0.172,0.16724,0.16089742781061359,0.15511,0.14851,0.14315,0.13715,0.1306,0.12494,0.12071,0.11531,0.11159,0.10663
09-01-2026 10:55,25829.65,0.12173,0.13509,0.1134,0.11215,0.10597,0.10186,0.09907,0.0963,0.09507,0.09307,0.0924,0.09123442161495643,0.09028,0.09146,0.17465896614185278,0.17006,0.16565,0.15919,0.15275,0.14645,0.14105,0.13537,0.12942,0.12422044353006417,0.11907,0.11436380959556773,0.11001,0.10509
09-01-2026 11:00,25812.95,0.1668536680911059,0.14272,0.11773,0.11095,0.10633,0.09980528823842894,0.09751737724979198,0.09664,0.09499,0.09329,0.09252,0.09146,0.0908,0.09218,0.17375,0.16891,0.1641,0.15801,0.15038,0.14383,0.13952,0.13385,0.12801,0.12206,0.11785,0.11268755820879109,0.10810835882213213,0.10372
09-01-2026 11:05,25810.2,0.13273,0.1252825695315644,0.11842,0.11327090513212365,0.10914,0.10472286085500339,0.10222,0.0984,0.09696,0.09459,0.09354,0.09227,0.09127,0.09265,0.1731,0.16874,0.16394578629467998,0.15782,0.1536,0.14333,0.13918134267464957,0.1334,0.12724,0.12214,0.11763,0.11213,0.10826,0.10433966261219174
09-01-2026 11:10,25819.45,0.11993908783192507,0.11504,0.11078,0.10609726869788955,0.10212,0.09707,0.09533071442515799,0.09292,0.09129,0.09002,0.08973,0.08945,0.08886,0.09057,0.17655,0.1703279505005164,0.16439,0.1585,0.15188,0.14781,0.14072,0.13474,0.12887,0.12343292554186665,0.11867,0.11354,0.10999,0.10644114003173825
09-01-2026 11:15,25805.3,0.12636,0.11857,0.1129,0.11045,0.10525,0.10166078629721526,0.09905,0.09601,0.09436,0.0927,0.0923,0.09144,0.09161781183228555,0.09233,0.17514,0.16843,0.16398,0.1575,0.15200489701201172,0.14676,0.14006,0.1339,0.12831359127015113,0.12245,0.11782,0.11268,0.10864,0.10376
09-01-2026 11:20,25797.5,0.13217877912833692,0.12365,0.1158,0.11010332245320734,0.10532,0.10169,0.09969,0.0968,0.09541,0.09379,0.09248,0.09198,0.09139,0.09279,0.17105,0.17038,0.16344,0.15695,0.15129,0.1454,0.13908,0.13307,0.12716,0.12153,0.11701,0.11186,0.10775,0.10286
09-01-2026 11:25,25799.65,0.13192,0.12292,0.11743,0.11411,0.10884856652487955,0.10561,0.10227,0.09918,0.0971,0.09498,0.09443,0.09333,0.09254,0.0939,0.17363,0.17055,0.16436,0.15712,0.15146,0.14637,0.13926,0.13349,0.12752076000918844,0.12162,0.11711,0.11184,0.10764,0.10364468253406914
09-01-2026 11:30,25809.4,0.12855,0.12103409561135578,0.11577,0.10497,0.10617,0.09831,0.09527,0.09358,0.09225,0.09053,0.09010029372516164,0.08988,0.08972,0.09155,0.17384,0.16829,0.16308652581016286,0.15750543651971155,0.15186,0.14628,0.14001,0.13424168784984797,0.12848983448311915,0.12291,0.11795,0.1129054218094429,0.10840838736327704,0.10429
09-01-2026 11:35,25776.0,0.12129651026704631,0.11688814681207599,0.1124,0.10842,0.1043,0.10095502227760988,0.09813603253618486,0.09582,0.09455,0.09282,0.09248,0.09187,0.09137,0.09325,0.17295,0.16871,0.16379,0.15770857476108344,0.15116,0.14588,0.13918,0.13343,0.12787195239998583,0.12214,0.11801,0.11312,0.10927,0.10467
09-01-2026 11:40,25764.3,0.12402,0.11815183267101466,0.11266,0.10838,0.10458,0.10002,0.09806502319715539,0.09603830992348658,0.0949,0.09302,0.09277,0.09217,0.09178,0.09368,0.17327,0.1679,0.1635,0.15682,0.15015,0.14304,0.13917,0.13286,0.12758513755173778,0.12246096647777777,0.11762,0.11281,0.10849114211330844,0.10434
09-01-2026 11:45,25759.6,0.1246,0.1174,0.11296,0.10788,0.10384,0.10107,0.09909,0.0967736656477275,0.09514616686691381,0.09381,0.09320633373327566,0.09289,0.0925,0.09237395326642213,0.17404,0.16779,0.16335,0.15714,0.15348,0.1448,0.13781,0.13273,0.1273,0.12195,0.11783,0.11298,0.10925,0.10483
09-01-2026 11:50,25748.85,0.11892946071595732,0.1156,0.11262999728035797,0.10934257843649128,0.10639,0.10327,0.10085,0.09828,0.09651520303781345,0.09501,0.09427,0.09372,0.09334,0.09328937955049368,0.17309,0.16704,0.16363,0.15588,0.15184,0.14262,0.13909,0.13266,0.12732,0.12158,0.11764,0.11272,0.10846121690702709,0.10442
09-01-2026 11:55,25747.75,0.12476,0.12003,0.11457059718875687,0.10947,0.10606372087618851,0.10313,0.10010822690759395,0.09761,0.09638,0.09487,0.09399,0.09359068710468801,0.09347,0.09537,0.17387,0.16928,0.1649,0.15866,0.1518937257022463,0.14512037741429645,0.13755,0.1327736474736933,0.12762,0.12219,0.11814,0.11340732666645409,0.10922,0.10487
09-01-2026 12:00,25743.15,0.13228,0.12221,0.11891,0.11635,0.11062996749806475,0.10741,0.1036928735308443,0.10049,0.09866,0.09675,0.09587,0.0949558511360363,0.09475,0.0964,0.17185762865177567,0.16802,0.16358,0.15848,0.15158,0.14386,0.13827466815167555,0.13202,0.12579,0.12008,0.11546441962737279,0.11067,0.10671,0.10182
09-01-2026 12:05,25753.7,0.12165,0.12006,0.1133,0.10951700839039905,0.10417,0.10205,0.09949,0.09693,0.09545318202909382,0.09403,0.09353,0.09325,0.09313,0.09339686701307755,0.17411,0.16841,0.1647,0.15928,0.15238,0.14468,0.14064,0.13363,0.1277911478128583,0.12176,0.11758,0.11235,0.10889,0.10423
09-01-2026 12:10,25746.8,0.11672,0.11435,0.10901,0.10637309304502843,0.10277,0.10029,0.09794,0.09614449024236488,0.09496,0.09365,0.09328,0.09317534692489278,0.0935,0.09519,0.17406,0.1685,0.16421,0.15878,0.15226109806186852,0.14590478284600047,0.13886,0.13416,0.12796,0.12188,0.11816,0.11283,0.1091,0.10466
09-01-2026 12:15,25744.0,0.1284,0.11526,0.10820201543203803,0.1050834775893584,0.10388,0.10155,0.0992144962818858,0.09722994626851132,0.09568,0.09451,0.0933470974095932,0.09201665052249922,0.08968612185519814,0.0865088650086765,0.17476841844018218,0.16926,0.16352,0.15698496123317401,0.15042530157806094,0.14396131247216792,0.13744,0.13277,0.12678,0.12097,0.1169,0.11181,0.10814,0.1035
09-01-2026 12:20,25738.7,0.11805,0.11418,0.1091,0.10497,0.10187,0.09897,0.0973,0.09516,0.09412,0.09323,0.09295,0.0933,0.09377,0.09568,0.17311,0.16962,0.16282719226055162,0.15587,0.15058,0.14357,0.13789,0.13214,0.12587,0.12090730780185582,0.1160490966152585,0.1116,0.10737630333168952,0.10358
09-01-2026 12:25,25737.5,0.10941,0.10511,0.10629,0.09865,0.09742,0.09601,0.09433,0.09271,0.09196,0.0914,0.09129,0.09187,0.09267,0.0947,0.17366,0.16534,0.16391,0.1569,0.15063386370724421,0.14376,0.13841113657335358,0.13292,0.12694267787259755,0.12104,0.11744,0.11276,0.10856119320731165,0.10484
09-01-2026 12:30,25724.25,0.11536,0.11023,0.1069,0.10431,0.10061,0.09884,0.09649,0.09464,0.09402,0.09313,0.09304,0.09347,0.09462050881416793,0.09648,0.16600570280199214,0.16442,0.16377,0.15531,0.15051,0.14394,0.13810067903834705,0.13229,0.12577,0.12044,0.11671,0.11212903955261186,0.10843,0.10371
09-01-2026 12:35,25712.65,0.11323,0.10829,0.1045,0.10192,0.09951,0.09762520453450528,0.09626,0.09479,0.09436,0.09358,0.0939,0.09457,0.09593113107344402,0.0979,0.17528,0.16956,0.16529,0.15882981656825573,0.153,0.1463577215272891,0.13946,0.13458,0.12846,0.12398461636042608,0.11983,0.11541949788179359,0.11176,0.10717
09-01-2026 12:40,25689.45,0.11739,0.11336,0.10882,0.10546,0.10281,0.10124,0.09881301343010548,0.09745,0.0966,0.09585647607377457,0.09592,0.09656,0.0978,0.09994,0.1751,0.17006,0.16506,0.15850039200525415,0.15211,0.14599,0.13954,0.1342,0.12763,0.12249,0.11887,0.11394,0.11,0.10574
09-01-2026 12:45,25685.25,0.10932,0.10618551316384929,0.10217,0.1025,0.10058,0.09812,0.09715641772893213,0.09608933099266669,0.09544732545149816,0.09488,0.09577,0.09679,0.09830220948180297,0.10032,0.17535,0.17055239745214268,0.16505,0.15849423359962328,0.1519680502002733,0.14521,0.13911,0.13377,0.12754,0.12272,0.11887,0.11426,0.11071,0.1071909164608272
09-01-2026 12:50,25678.5,0.12829,0.12098356901591249,0.11553,0.11065043774580453,0.1072,0.10395,0.10167,0.09964,0.09878,0.09762,0.09772669012031196,0.09849,0.09949,0.10145,0.1785371692886155,0.17056,0.16233,0.15594978094718262,0.14938,0.14329,0.13477,0.13075,0.1244,0.11944,0.11544,0.11085,0.10704,0.10251
09-01-2026 12:55,25695.15,0.12027,0.11243,0.11052,0.10742,0.10413608915035923,0.10163579915558181,0.09972,0.09771,0.09703,0.09608,0.09627,0.0968,0.09761,0.09973,0.17501,0.17181,0.16434,0.15822189888259197,0.15145,0.14496,0.13844,0.1326604974512044,0.12703,0.12174,0.11717691283038495,0.11301,0.10916,0.10509
09-01-2026 13:00,25694.0,0.11627779880342101,0.11285,0.10979,0.10675,0.10404672990192959,0.10131,0.09951505373134259,0.09794,0.09704,0.09577,0.09623,0.09692,0.09800595833721576,0.09985,0.17567,0.17174,0.16532,0.15674,0.15137020459606151,0.14488,0.1389,0.1333,0.12729,0.12233,0.11798,0.11345583478453505,0.10973,0.10531
09-01-2026 13:05,25687.3,0.12321,0.11865,0.11451,0.10988,0.10627,0.10377,0.10167,0.09932,0.0978836371394657,0.09691,0.09726,0.09796,0.09914539612644782,0.10079989580040818,0.17521,0.17030182867132043,0.16483,0.15835154106995972,0.15176,0.14551699541059085,0.1391521750621734,0.13305,0.12682,0.12132306783894484,0.11616279017177351,0.11154151008946361,0.10773198638275773,0.10469
09-01-2026 13:10,25691.5,0.12071230271208663,0.11744,0.11545,0.10842,0.10596,0.10336,0.10088,0.0991817981420617,0.09821,0.09723772573680907,0.09704,0.09744,0.09855377198500517,0.10037,0.17552,0.16948,0.16395436594385487,0.15791790104258027,0.15197,0.14557047390438227,0.13936,0.13369,0.12693,0.12183,0.11751,0.11275,0.1095,0.1049
09-01-2026 13:15,25696.8,0.12103,0.11623717523360787,0.11193,0.10906,0.10638,0.10354671692723444,0.10144459644079479,0.0997687600501565,0.09865,0.09764108353222861,0.09730459764431226,0.09762,0.09831,0.10017,0.17556,0.16988,0.16483,0.15795729127938726,0.15176,0.14418,0.13893440617654965,0.13366,0.12696,0.12177,0.11768,0.11275,0.10853991243362082,0.10454
09-01-2026 13:20,25704.7,0.12134714525399545,0.11566,0.11049,0.10641,0.10364252464048661,0.10143,0.09899,0.09758,0.09689,0.09572,0.096,0.09672,0.09757,0.09942,0.17485,0.16771,0.16437,0.15801138601603146,0.15238,0.14601,0.13882,0.13355,0.1271,0.12201,0.11774,0.11275,0.10857099660482296,0.10466
09-01-2026 13:25,25701.95,0.12224,0.11664516617905062,0.11251,0.10795,0.10579,0.10305,0.10117,0.09904,0.09799,0.09694,0.09681920691787138,0.09733,0.09843,0.10009,0.17541,0.16753,0.16479,0.15654,0.15179,0.14545,0.13938,0.13330927096432335,0.12732,0.12201,0.11797,0.11302,0.10946,0.10606560644915686
09-01-2026 13:30,25705.5,0.11593,0.10972,0.10335,0.10307,0.10018,0.09862,0.09718,0.09597637737579387,0.09555,0.09465,0.09496,0.09588,0.09721734289058147,0.09903,0.17569,0.17073,0.16537,0.15682,0.15272,0.14619738560485487,0.14043,0.13508,0.12859,0.12355,0.11929,0.11468035202326048,0.11129,0.10651
09-01-2026 13:35,25704.05,0.12743,0.12077883823842234,0.11547280445071877,0.11167,0.10775,0.10526,0.10226,0.1002773094271834,0.09945,0.09803257609273015,0.09781,0.09816,0.09904,0.10073,0.17428,0.16925450750925958,0.16374,0.157599238582637,0.15106,0.14576,0.13904420709456863,0.13284,0.12687127060200384,0.12096,0.1165,0.11202,0.1086,0.10565427319059001
09-01-2026 13:40,25707.75,0.10972,0.10675717015495086,0.1037,0.10121518414506096,0.09823,0.09644,0.09503,0.0943,0.09393,0.09321,0.09384,0.095,0.09637,0.09826006448687243,0.17513,0.16888,0.16496,0.15582,0.15254,0.14654,0.1401,0.13412051147347437,0.12819,0.12362,0.11859598783951053,0.11463,0.11134,0.10822960879810643
09-01-2026 13:45,25683.75,0.11227351542121715,0.11147,0.11084,0.10705,0.10388,0.10133,0.09953,0.09777,0.09649342729148178,0.0957,0.09627,0.09717,0.09848,0.10032,0.17398,0.16878259495111003,0.16334,0.1570012183069539,0.1507,0.14469521653324616,0.13851739471759528,0.13275,0.12644,0.12138,0.11727,0.11252,0.10907,0.10425
09-01-2026 13:50,25682.0,0.11444,0.11369,0.10925919070137713,0.1056,0.10242,0.10013,0.09862317279677776,0.09695,0.09655,0.09613344080254041,0.09612,0.09718,0.0986,0.10046,0.1695465666025319,0.1658,0.16322,0.15392,0.15058,0.14454,0.13837,0.13319,0.12764828092182695,0.12255367131122066,0.11776,0.11325,0.10975,0.1051
09-01-2026 13:55,25665.25,0.13117,0.11883,0.11495247622810802,0.1114892377336271,0.10983,0.10688,0.10407,0.10189,0.10099,0.09943,0.09955,0.10003,0.10090903412663735,0.10274,0.1725,0.1646,0.1605054494383877,0.15528,0.14904,0.14288,0.13651,0.13106,0.12472,0.11955,0.11552,0.11076,0.10706,0.10236
09-01-2026 14:00,25689.05,0.11498,0.1132,0.10849,0.10587533067720065,0.10267,0.10027,0.09854171380751671,0.09693,0.09610415768855353,0.09531,0.0958,0.09696,0.09858,0.10034,0.17441,0.16895,0.16408,0.1571,0.15140670300571973,0.14525814261848122,0.139241572410176,0.13398,0.12735,0.12225,0.11836,0.1135,0.11011,0.10547
09-01-2026 14:05,25678.55,0.12541781901822702,0.12009,0.11424315906337197,0.10995,0.1064,0.10305,0.10082,0.09954,0.09859,0.09715,0.09738,0.09828,0.09941,0.10108,0.17367,0.16886,0.16361,0.157183493196167,0.15061,0.14455805909971986,0.1384449836552186,0.13275,0.12639,0.12141,0.11734,0.11256,0.10876,0.10422
09-01-2026 14:10,25674.05,0.11993,0.11256213451297037,0.10659,0.10482,0.10293,0.1001,0.09781,0.09679,0.09658,0.0955,0.09608,0.09668563857110679,0.09754200610234785,0.09845552065433198,0.17391,0.16854,0.16343,0.155,0.15065,0.14415839156176793,0.13852,0.13304,0.12686,0.1226059943017897,0.11832,0.11367,0.11005,0.10553
09-01-2026 14:15,25669.0,0.11382,0.11203,0.10784,0.10546158715942885,0.10262,0.10114,0.09873,0.09726,0.09676,0.09572,0.09619,0.09744,0.09886,0.10039,0.17392,0.17027,0.16336,0.157,0.1504,0.14252,0.13853,0.13282,0.12685,0.12213,0.11774,0.11297,0.10935,0.10483
09-01-2026 14:20,25668.65,0.11458646624050332,0.11177,0.10877760334452695,0.10614,0.10316,0.10092,0.09864,0.09737551774940492,0.09688,0.09562,0.09597,0.09731,0.09845,0.10029,0.17337,0.16979,0.16261,0.1567947458802525,0.15026,0.1443031095837562,0.13841530442395886,0.13298,0.12675,0.12182,0.11772,0.113,0.10894512566975796,0.10508
09-01-2026 14:25,25671.35,0.11449,0.11043705484458502,0.10674,0.1025,0.1006690804930443,0.0984,0.09697,0.09582,0.09539,0.09442,0.09527,0.09626,0.09792,0.09983,0.17321,0.17,0.16342,0.15778045975243965,0.1515134482351409,0.14505970580575972,0.13865,0.13368,0.12757,0.12228,0.11872,0.11392,0.11039,0.10690316285215581
09-01-2026 14:30,25652.65,0.1269,0.12078,0.11398,0.11234,0.10794,0.10499,0.10242,0.10031553555121028,0.09938,0.09808,0.0983,0.09884106778288497,0.10044,0.102,0.17453,0.16863,0.16167698123703034,0.15484,0.14881427631527602,0.14255,0.13683,0.13149,0.12523,0.12042,0.11625,0.11135,0.10737,0.10319
09-01-2026 14:35,25659.1,0.12071,0.11683,0.1133,0.1082,0.10504,0.10241,0.10027637238723944,0.09844,0.09796,0.09651,0.09719,0.09831,0.09967,0.10142,0.17291,0.16652,0.16282,0.15575,0.14998589049901764,0.14380071117000645,0.13757,0.13231,0.1267589938584093,0.12136,0.11741,0.11274,0.10915,0.10462
09-01-2026 14:40,25650.4,0.12417632931566197,0.11901,0.11374,0.1103,0.10660436599424875,0.10393,0.10153,0.09971871136586043,0.09863,0.09794540961317857,0.098,0.09876,0.09997017814009587,0.10194,0.17335117841127243,0.1685,0.16305,0.15801,0.15037,0.14286,0.13719,0.13241,0.12612,0.12102,0.11697,0.11206,0.10843,0.10422
09-01-2026 14:45,25668.25,0.11893,0.1147168718168487,0.11041,0.10761,0.10445920382668406,0.1021,0.09986,0.09815,0.0978,0.09646,0.09693,0.09755,0.09897,0.10073,0.17396,0.16722,0.16383,0.1562,0.1508,0.14406,0.13782,0.13244259126277425,0.126969046732532,0.12162,0.11754,0.11257,0.109,0.10484
09-01-2026 14:50,25663.45,0.11923,0.1159,0.11115,0.10822,0.10457,0.10245,0.10011,0.09834,0.09730094377809734,0.09664,0.09701,0.09767329067628275,0.09928,0.10092,0.17416,0.168902770404112,0.16363,0.15667,0.15093,0.14334,0.13817,0.13298,0.12678,0.1217,0.11772,0.11271,0.10912,0.10492
09-01-2026 14:55,25674.9,0.11822,0.1133,0.10902,0.1054,0.10283112992531938,0.10099,0.09814,0.09726020071809777,0.09696,0.09556,0.0958,0.09655,0.09819,0.10004,0.17375,0.16837605279489656,0.16282354818325037,0.15674,0.15109,0.14426,0.13849,0.13284,0.12678,0.12179,0.11718409761593146,0.11291,0.10919,0.10506
09-01-2026 15:00,25668.55,0.12334,0.11686,0.11258661505158327,0.10907,0.10541498113377418,0.10256346025228028,0.10030220107213758,0.09847,0.09805,0.09666,0.09714,0.09787,0.09934,0.10113829096743575,0.17385,0.16679,0.1620747980356092,0.15668,0.15036,0.1441264957873423,0.13746,0.1327,0.12641,0.12116,0.11678,0.11209,0.10836,0.10429
09-01-2026 15:05,25679.0,0.12261,0.11496,0.11263,0.10917,0.10536363704394769,0.10242,0.1002,0.0985,0.09781,0.09643,0.09701,0.09746,0.09913,0.10106689617395474,0.17315,0.16824,0.16306,0.15652,0.15043218585093354,0.14411766961741043,0.13757,0.13236,0.12621,0.1212,0.1166,0.11165,0.10713747334698781,0.10263473577079892
09-01-2026 15:10,25688.85,0.11873504988058234,0.11582,0.11321,0.10988,0.10583,0.10386,0.10089,0.09887,0.098,0.09658,0.09672136011383613,0.09724,0.09912,0.10076,0.1725298850137268,0.16743,0.1621703043448022,0.15642,0.15002,0.14398,0.1376,0.1327,0.12675835673100144,0.12124,0.11718,0.11255,0.10847889606683449,0.10445233529744963
09-01-2026 15:15,25690.6,0.11467983536215846,0.1108,0.10787,0.10435,0.10131,0.10057,0.09761,0.09663318293271347,0.09580123458559114,0.09521,0.09612,0.09663,0.09878,0.10097,0.17363,0.16809,0.16381,0.15799,0.15164149855688636,0.14540687283614145,0.13885,0.1334541270967013,0.12782,0.12304497749776902,0.11865,0.11440544323565845,0.11073,0.10651
09-01-2026 15:20,25695.2,0.12847267362717152,0.11981419158771787,0.11336,0.10723,0.1045589290939702,0.10272,0.10029258594927466,0.09868,0.09815,0.0969222462483635,0.09688,0.09766,0.09924,0.10136,0.17231093905179137,0.16844,0.16508,0.15679,0.15261,0.14593,0.14029,0.13487,0.12864,0.1235931814428369,0.11896,0.1143,0.11059,0.10706910231099499
09-01-2026 15:25,25688.2,0.13292,0.12614,0.12044,0.1163725726575296,0.11233,0.10939,0.10641,0.10353,0.10141689235307107,0.10001157012591504,0.09965,0.09992,0.10147,0.10334,0.17462,0.16795,0.16501,0.15823559998363199,0.1527822293942484,0.14643,0.14064816506373176,0.13467,0.12881,0.12288,0.11896,0.11234,0.10955,0.10414
12-01-2026 09:15,25657.45,0.11541498077125485,0.11324,0.11181,0.10923,0.10651,0.10512,0.10354,0.1025,0.10230060137393855,0.10225063786632767,0.10287,0.10466,0.10656,0.10945,0.1905,0.18496,0.17650466187852815,0.16792,0.16397,0.15764,0.15087,0.14559,0.13863,0.13422,0.12931,0.12459408298756271,0.1207,0.11627
12-01-2026 09:20,25594.15,0.12743403288371466,0.12206,0.1163,0.1162,0.11327535628624105,0.1116,0.10958776424570209,0.10867,0.10825,0.10783,0.10912,0.11053,0.11293,0.11619,0.18837,0.18215,0.17641,0.17045,0.16306136452323283,0.15582,0.14937,0.14418,0.13830786053242333,0.13308,0.12825760459705582,0.12372,0.11940008653863612,0.11541796265127839
12-01-2026 09:25,25548.3,0.13463,0.13255,0.12451,0.12229,0.1187,0.11659,0.11364273760314912,0.11275,0.11187,0.11185,0.11281046126190722,0.11469,0.11707,0.12066,0.18706,0.18142,0.17544,0.16842,0.16152,0.15484,0.14868,0.1434,0.13738,0.1323373349784193,0.12763,0.12272,0.11844,0.1144
12-01-2026 09:30,25559.65,0.13932884640229865,0.13513,0.13053,0.12762,0.123283434811156,0.11992,0.11685764666491065,0.11528,0.11403201336105503,0.11364,0.11442,0.11596,0.11845,0.12193,0.18674,0.18102823002639257,0.17472232230528492,0.16872,0.16123,0.1546,0.14864730399176349,0.14294,0.13629,0.1307,0.12579,0.12049,0.11614,0.11154
12-01-2026 09:35,25575.3,0.14006,0.13464,0.12761,0.1248,0.12047,0.11737629129514444,0.11470392568706378,0.11331040063533847,0.1125,0.11211,0.11285319913019495,0.11439,0.11676,0.11966368413802594,0.18503,0.17958092663245506,0.17376,0.16686,0.16,0.15408,0.14815,0.14240500568014222,0.13675962636868386,0.13141847045988936,0.12645,0.12142,0.11697396380594842,0.11271
12-01-2026 09:40,25569.55,0.13274473335721174,0.12814,0.12450730593291409,0.12038,0.11743,0.11497,0.11236,0.11087,0.11045,0.11015,0.11133,0.11332,0.11595,0.1195,0.18611,0.1804261562634447,0.17467,0.1679,0.16147,0.15594,0.14974,0.1448,0.13871037986892634,0.13332471908204727,0.12831,0.12336,0.11915,0.11505
12-01-2026 09:45,25560.8,0.14288,0.13986,0.13543,0.13261,0.12714,0.12351,0.11999,0.11711,0.11605,0.11475,0.11528,0.11638,0.11803524444296372,0.12056897500202825,0.18657,0.18112824446803052,0.17502,0.16911,0.16194,0.15526,0.14912,0.14334,0.13702,0.13124,0.1258723617401071,0.12046,0.11555660373125115,0.1107
12-01-2026 09:50,25588.7,0.13697,0.13079,0.12702411099779912,0.12282,0.11879,0.11587,0.1133,0.11170875045787204,0.11038304163102622,0.10979,0.11073,0.11209,0.11424,0.11756,0.18788,0.18272,0.17674,0.17095,0.16343,0.1574,0.1512,0.14596,0.13945,0.13402,0.12872,0.12356,0.1190206309187526,0.11512
12-01-2026 09:55,25588.5,0.12519,0.11951,0.11731386821125883,0.11372,0.11107,0.10930246848793411,0.10768,0.10718749503218676,0.10652,0.10686,0.10816078755872972,0.11001,0.11296213610717745,0.11653,0.187182416033604,0.18242,0.17742,0.17095,0.1641,0.15841,0.15246,0.147,0.14067,0.13527,0.13053,0.12529,0.12011519836224589,0.11529334403258781
12-01-2026 10:00,25564.15,0.14314599324644064,0.13787,0.13159,0.12824,0.12398,0.11993942430302044,0.11732,0.11475,0.11375,0.1127385881291966,0.11315733932957424,0.11464,0.11676,0.12025,0.18474,0.18026,0.17374,0.16725,0.1605,0.15419,0.14812,0.14258,0.13552,0.1301,0.12486512654971589,0.11957,0.11465,0.11054
12-01-2026 10:05,25588.7,0.13313,0.12825,0.12214,0.11971,0.11604,0.11335,0.11096,0.10916,0.10861,0.10851,0.10967,0.1111,0.11368,0.11713,0.18794,0.18265501062454503,0.17721,0.17052,0.16393,0.15760870397554871,0.15106,0.14561,0.13929320098213444,0.1335840873591855,0.12819694547539057,0.12301,0.11852,0.11420467105893252
12-01-2026 10:10,25566.95,0.1341,0.127,0.12233,0.11971,0.11614846817813583,0.11383,0.11152,0.10984,0.10919,0.10922,0.11084,0.11233510120597044,0.11489775726326777,0.11835,0.18718,0.18098,0.17501113718749048,0.16885271770305993,0.16279,0.1563,0.15058,0.14488,0.13799,0.13263,0.12756,0.12235123650561938,0.11787,0.11383
12-01-2026 10:15,25557.55,0.14588,0.13846,0.13169,0.12799,0.12354,0.11972,0.11606,0.11398,0.11253,0.11213,0.11239915599827427,0.11392,0.11545194575506483,0.117686474508627,0.18537571000174655,0.18007,0.17472,0.1676,0.16109,0.15445,0.14828,0.1419205134135138,0.13556,0.12978,0.12442385142543964,0.11929,0.11461086036914156,0.11009368966804634
12-01-2026 10:20,25583.3,0.13225678926289233,0.12801,0.12396,0.12163,0.11793,0.11486,0.11166,0.11001,0.10913,0.10842,0.10982,0.11101,0.11345,0.11643244024542526,0.18773,0.18178,0.17694,0.17023,0.16368921752124674,0.15691,0.1507,0.14521,0.13843,0.13265,0.1272018583414104,0.1220132449534377,0.11752,0.11314
12-01-2026 10:25,25574.15,0.14333195754637282,0.13623,0.12967,0.12376,0.11887,0.11599,0.11273363378081469,0.1107687840655714,0.10975689240284023,0.1095,0.11075,0.11194,0.11423,0.11789,0.18680167871603126,0.18134,0.17618,0.16883,0.1626,0.15640960992658762,0.1500948133212281,0.14418,0.13768,0.13146,0.12617,0.12103920845039869,0.11655,0.11219
12-01-2026 10:30,25584.2,0.12901985739884386,0.12478,0.1213,0.11695,0.11385,0.11154,0.10910783343445846,0.10727,0.10654,0.10672,0.1077622098392497,0.10943,0.11229,0.11575,0.1885,0.18265,0.17719,0.17009,0.16362,0.15743,0.15109,0.1448473353371838,0.13905,0.13309,0.12789,0.12261,0.1185,0.11429
12-01-2026 10:35,25564.75,0.13492,0.1278,0.12388454666116397,0.12019,0.11652,0.11322805380724107,0.11093,0.1091,0.10819,0.108,0.10963,0.11056,0.11352897180310381,0.1173,0.18742,0.18134,0.17634,0.16927,0.16235,0.15578,0.14955,0.14395,0.1375634243617762,0.13153,0.12646,0.12132,0.11691,0.11272
12-01-2026 10:40,25572.4,0.13601,0.1291683771635636,0.12340260927894471,0.11870666545637555,0.11433,0.11195,0.1096,0.1079,0.10715,0.10698,0.10851,0.10977,0.11283289582452932,0.11652,0.18839,0.1817,0.17701,0.1702,0.16316,0.15689,0.15047,0.14502,0.13819,0.13259,0.12758,0.12226,0.11733443009820121,0.11249907131181501
12-01-2026 10:45,25556.8,0.1375,0.13167,0.12703,0.12366,0.119,0.11582,0.11307,0.11089,0.10963811989830735,0.10963,0.11019709652966185,0.11182057872918799,0.11478,0.11859,0.18665,0.1813,0.17556,0.16825,0.16157,0.15509,0.14898963441877852,0.14305,0.13636,0.13061,0.12534,0.11996,0.11550730345809218,0.11122
12-01-2026 10:50,25579.85,0.1222,0.11899,0.11375,0.11240916400807706,0.10999670873253084,0.10858,0.10623,0.1048,0.10456,0.10457,0.10587367415109432,0.10778,0.11086,0.11483,0.18856,0.18315783349337592,0.17769,0.17077,0.16419,0.15771,0.1512,0.14545,0.13918,0.13364,0.12852,0.12321820088488768,0.1187,0.11488
12-01-2026 10:55,25554.9,0.12813,0.12435,0.12022,0.11719220917249205,0.11395,0.1115,0.109,0.10761,0.10696,0.10694,0.10809588043351624,0.1101,0.11291618209230873,0.11692,0.18701,0.18147,0.1753743321030488,0.16896,0.16253,0.1561523690882904,0.14975149910445862,0.14384,0.13698,0.13174,0.1269,0.12169576710359373,0.11732,0.1129546621791121
12-01-2026 11:00,25550.75,0.12936294189744516,0.1261,0.12267350804591483,0.11932,0.11585980656634165,0.11307,0.11061,0.10912,0.10839685298462337,0.10824,0.10971,0.11136233616379043,0.11413,0.11807,0.18681335209596886,0.1807,0.17449056356271403,0.16802,0.16163,0.15508,0.14859,0.14242863150347498,0.13622,0.13101,0.12564564266006253,0.12079648940679574,0.11643269819252926,0.11248
12-01-2026 11:05,25538.1,0.13195004256332715,0.12782,0.1236,0.11979606710620498,0.11649373853616773,0.1137628720930692,0.11172,0.10985,0.10916,0.10888,0.1104,0.11198,0.11491,0.11861,0.18486,0.17966,0.1739,0.1674029682806991,0.16062,0.15433,0.14776,0.14223,0.13525,0.1301665258452733,0.12502,0.11987,0.11562,0.11145
12-01-2026 11:10,25544.8,0.12750885651976018,0.12331,0.11886,0.11651,0.11347,0.11101,0.10898622229474214,0.10721,0.10693979047572455,0.10691,0.10852,0.11041,0.1133,0.11741,0.18527,0.18024,0.17423,0.16813,0.16113,0.15506,0.14872197331177842,0.14262354039240904,0.13663,0.13121,0.1263,0.1209,0.11679,0.11303
12-01-2026 11:15,25528.8,0.12595,0.1217,0.11882953773519117,0.11598,0.11333,0.1110565842982228,0.1093793202631112,0.10818,0.10776,0.10781,0.10975,0.11188,0.11487,0.11907,0.18365,0.17819,0.17235,0.16591,0.15971,0.15341,0.14744,0.14174,0.1353,0.1302,0.12548,0.12065,0.11628,0.11298
12-01-2026 11:20,25512.25,0.13111,0.12465,0.11983,0.11831,0.11531,0.11282,0.11091,0.10965,0.10944,0.10972,0.11151,0.1133,0.11643827922998198,0.12045,0.18148,0.17667,0.17081,0.16375,0.15824,0.1518,0.14588,0.14013,0.13384,0.12869,0.12361201724029112,0.11902,0.11468,0.11114
12-01-2026 11:25,25509.25,0.12887,0.1246,0.120632988216545,0.11729,0.11454,0.1123,0.11069,0.10934,0.10911,0.10999,0.11181,0.11361,0.11695,0.12117,0.18177919659110103,0.17614,0.1707,0.16363,0.1577605125442169,0.15154972344602965,0.14553,0.13962,0.13348,0.12845117998044103,0.12353,0.11867,0.11474,0.11088
12-01-2026 11:30,25496.15,0.12283,0.11979,0.11693,0.11543,0.11285,0.11124,0.11003,0.10937,0.10944,0.11028,0.11224,0.11446,0.11778,0.12226,0.18198,0.17640003188141157,0.17064940835012235,0.16462,0.15892,0.15261,0.14665,0.14131,0.13519,0.13044,0.12596,0.12101,0.11711,0.1142
12-01-2026 11:35,25487.1,0.12896,0.12424817564750905,0.11988,0.11806,0.11490041440837746,0.11321,0.1113740184738547,0.11034,0.1103,0.11119,0.1131,0.11494,0.11853,0.12292,0.18093,0.17561,0.17024,0.16314,0.15739837855788683,0.15104,0.14505984232807057,0.1394,0.13317,0.12830807937216443,0.12347,0.1190515033682515,0.11508,0.11171
12-01-2026 11:40,25485.45,0.12400656299828204,0.12227662211915301,0.12019,0.11832,0.11599,0.11366,0.11195,0.11111,0.11123,0.11201,0.1137,0.11586,0.11937,0.12385,0.18081,0.17563,0.17025,0.16382,0.15778,0.15165825772008984,0.14559849568285388,0.14013,0.13359,0.12863,0.12393,0.11956,0.1154728618374344,0.11221
12-01-2026 11:45,25476.55,0.13517,0.12957,0.12533,0.12351,0.11952,0.11682,0.11481,0.11361,0.11317,0.11357,0.11488,0.11688,0.11992,0.12409,0.18025,0.17461,0.16924,0.16224,0.15605,0.14943,0.14365,0.13787,0.13125,0.12603,0.12139,0.11699,0.1129,0.10915
12-01-2026 11:50,25491.7,0.1293,0.12492,0.12093,0.11849,0.11562912552164306,0.11342,0.11184356762870157,0.11087136196906927,0.11052,0.111,0.11288,0.11482,0.11826,0.1227,0.18185,0.17591,0.17019,0.16313,0.15692,0.15086,0.14495,0.13939,0.13296,0.1280940816076455,0.12333,0.11901,0.11499,0.11149
12-01-2026 11:55,25495.85,0.13106,0.12537,0.12187,0.11957,0.11614,0.11375830665083071,0.11205,0.11089,0.11060783856231941,0.11102,0.11273,0.11467,0.11789,0.12154612606114557,0.18173,0.17556,0.1697110627930545,0.16363,0.15731,0.15068,0.14477,0.13922,0.13293,0.12779,0.12291,0.11847722819272444,0.11471,0.11112338314716128
12-01-2026 12:00,25499.2,0.12806,0.12433,0.11977,0.11788,0.11466,0.11248,0.11083,0.10997240727924955,0.10963,0.11033,0.11191,0.11395,0.11737,0.1217,0.18155,0.17572,0.1701,0.16337757206088566,0.15677,0.15024,0.14459,0.13903,0.13296,0.12752,0.12279,0.11842911072232051,0.115,0.11162747275814522
12-01-2026 12:05,25507.65,0.13197,0.12643,0.12244,0.11928647869617548,0.11613,0.11407,0.11187623434315483,0.11057,0.11040754833508051,0.11061,0.11212,0.11396,0.11724,0.12139,0.18194,0.1763,0.1697688655455092,0.16326,0.15656,0.14995,0.14383,0.1381,0.13178,0.12652,0.12189,0.1171006585611432,0.11337,0.10923
12-01-2026 12:10,25526.3,0.14473,0.1426,0.13664,0.13244,0.12752,0.12306,0.11968895315366239,0.11725,0.11547,0.11434,0.11538,0.11631,0.11832,0.12241,0.1822510170197133,0.17639,0.17031,0.1638,0.15661829134333277,0.1492,0.14285,0.13669,0.13021,0.12441567510413538,0.11882554276112599,0.1134,0.10888946949897578,0.10445
12-01-2026 12:15,25577.45,0.14302,0.13618,0.13037,0.12711,0.12239,0.11946,0.11592,0.11427680705142851,0.1127,0.11224,0.11252457118461698,0.11361,0.11532,0.11883,0.18443,0.17862,0.17238,0.16537,0.15893,0.15208,0.14584,0.13976,0.13325,0.12715,0.12234,0.11758,0.11315,0.1090760125814983
12-01-2026 12:20,25614.85,0.15144,0.14372334975091214,0.1381,0.1324590709260503,0.12816,0.12403,0.12111,0.11765,0.11628,0.11484,0.11474,0.11538,0.11689752974243493,0.11973,0.186,0.17815,0.17464,0.16816,0.16208,0.15542,0.14901128478879383,0.14266,0.136,0.1302732838870439,0.12488,0.11939,0.11495,0.1108194811007359
12-01-2026 12:25,25653.4,0.12768672910235135,0.12728,0.12805,0.12478,0.12093,0.11774,0.11503,0.11288,0.11166,0.11104,0.11111,0.1119664314354687,0.11325,0.11604,0.18872,0.18389,0.17771,0.17116,0.16556,0.15827,0.15227,0.14636,0.14013,0.1342,0.1292373625423868,0.12448,0.12027,0.11551
12-01-2026 12:30,25668.1,0.154,0.14368,0.13897,0.13259151887664436,0.12916,0.12426825535898392,0.1213,0.11878,0.11738,0.11624,0.11566,0.1161,0.11709,0.11823662357024166,0.1868251421222446,0.18248,0.17816,0.17214,0.16583,0.15888,0.1533,0.14792,0.1408,0.13493,0.12992510031243884,0.12474479854320661,0.12038,0.11487
12-01-2026 12:35,25690.5,0.13488,0.12381,0.12445,0.12024,0.11698,0.11468,0.11213,0.11118,0.11044861111598903,0.10965,0.11016,0.11121534623204499,0.11232,0.11471,0.19113,0.18537,0.18081,0.17518,0.16841,0.1624165118362098,0.15617,0.15057,0.1443823912526916,0.13864,0.13428,0.12868769587540907,0.12421,0.11924949352850991
12-01-2026 12:40,25684.35,0.15507,0.14796859184757732,0.14347,0.13707096488138473,0.13275,0.12895,0.12453,0.12115,0.11927334532710725,0.11829,0.11695336912324644,0.11716,0.11832,0.11999,0.18826,0.1849,0.17793,0.17149,0.1654,0.15903668639022628,0.15278058579071968,0.14647677825832367,0.13995,0.13419,0.12962,0.12398,0.11928233387901487,0.114
12-01-2026 12:45,25727.5,0.13318,0.12863864594555505,0.12466,0.11945,0.11652,0.11432773407490014,0.11205000810121156,0.10981,0.10950649440335204,0.10914,0.10932504193632454,0.10977,0.11163083476571277,0.11342,0.1931,0.18998,0.18359,0.17732,0.1711,0.16464890411041602,0.15835,0.15191101598746706,0.14586,0.1398,0.13475423477374188,0.13039,0.12541310224147847,0.12103
12-01-2026 12:50,25724.55,0.14204,0.1371733714599457,0.13291,0.1285,0.12508,0.12156,0.11891523370846166,0.11654,0.11567,0.11427,0.11384,0.11403,0.11481,0.11638,0.19309,0.18835,0.18208,0.17651,0.16953,0.16277,0.15723,0.15070845390035592,0.14472,0.13859,0.13453,0.12962,0.1253,0.12029
12-01-2026 12:55,25715.5,0.14309,0.13735,0.12992752756775125,0.12356,0.12039,0.11681,0.11462,0.11292064355807528,0.11168,0.11139,0.11124544195602068,0.11148,0.11248,0.11441,0.19219,0.18729,0.18184,0.17548,0.16905,0.16237,0.15666,0.1506693956561954,0.1448937653269264,0.13931133916488783,0.1341,0.12879,0.12394803335896404,0.11933
12-01-2026 13:00,25692.65,0.13268,0.13424,0.13095,0.12837021730492218,0.12484,0.12196,0.11816,0.11592,0.11421606607471703,0.11315974217262749,0.11292,0.11299657935121556,0.11399,0.11519674024992185,0.19101,0.18652,0.18014,0.17417,0.16788398229243032,0.16101,0.15571,0.14936676018750278,0.14346622988894253,0.13751,0.1327,0.1277,0.12285,0.11824
12-01-2026 13:05,25702.65,0.14577,0.14025091823983996,0.13579,0.1304355796028489,0.12591,0.12264,0.11964,0.11692,0.11573,0.11455,0.11356,0.11369,0.11474651967170289,0.11663,0.19162,0.18628758632148834,0.1805,0.17474,0.1683590529562755,0.16178,0.15598,0.14946728191497743,0.14297,0.13744,0.13288,0.1275890336079134,0.12314,0.11809
12-01-2026 13:10,25710.85,0.14323,0.13453,0.12998,0.128,0.12374,0.1201,0.117,0.11471,0.11291,0.11137,0.11141,0.1113,0.11272251515914355,0.11484,0.19088,0.18534,0.18005,0.17456,0.1683,0.16214,0.15586,0.15028,0.14341,0.1382468795049837,0.13300940664978625,0.12799,0.12361,0.11846
12-01-2026 13:15,25725.15,0.12758,0.12543,0.1204,0.11752341871320462,0.1132,0.11159,0.10969719889860449,0.10805,0.10708,0.10709230061515505,0.10713,0.10802679817649963,0.10937263168784653,0.111,0.18850701220967978,0.18479,0.18073,0.17517,0.16885,0.16266,0.15748,0.15109715677939073,0.1453,0.13963799453052392,0.13448185264153614,0.12999,0.12639,0.12301303668902525
12-01-2026 13:20,25697.4,0.13977686726271435,0.13529,0.13031,0.12603931543108907,0.1224,0.11874,0.11536,0.11443,0.11229,0.11137,0.11070513130558975,0.11101,0.11313,0.1155538670176207,0.18904,0.18412,0.17899,0.17303,0.1674702741451876,0.16152819261349505,0.15545,0.15004,0.1433,0.13781,0.13305,0.12716,0.12255436657052957,0.11772
12-01-2026 13:25,25704.15,0.12732,0.12404,0.11901,0.1168302519731022,0.11413,0.11166,0.11018209322214803,0.10819,0.10783367892587498,0.10714,0.10751,0.10825,0.10956707516543744,0.11085029291083769,0.18916,0.18468,0.17939,0.17361,0.16806,0.1622044471448885,0.1565,0.15062043055335878,0.14494791829679668,0.13946,0.13456666033128067,0.12991,0.1254,0.12063
12-01-2026 13:30,25707.95,0.16035,0.1507985992677982,0.14463,0.13708288572664626,0.1311441008334018,0.12627882836116594,0.12301,0.11901,0.11727,0.11597,0.11518,0.1148,0.11578,0.11723,0.18884,0.18399420017666046,0.17838,0.17289,0.16635,0.16048,0.1544267533234331,0.1485,0.14168,0.13599,0.1305980138260004,0.1255484630737451,0.12086,0.11667075271970714
12-01-2026 13:35,25747.0,0.12697,0.13005,0.12265,0.12121526642758805,0.11784648102315887,0.11525,0.11212,0.1109016586134762,0.10947,0.10874,0.10825,0.10898,0.11004,0.11183,0.19147,0.18757,0.18138,0.17551,0.16951,0.16335,0.15791,0.15185,0.14597,0.14012961616740166,0.13462,0.1295547752952179,0.12485,0.12001
12-01-2026 13:40,25745.1,0.14439608399126574,0.1348,0.1258067360560181,0.11842,0.1158,0.11363,0.11035,0.10893,0.10798,0.10739448272523146,0.1073958808663022,0.10789,0.10922,0.1109,0.19178,0.1865839432769433,0.1810511807119786,0.17538246360283094,0.16951,0.16359,0.15776,0.1521,0.14563,0.13943,0.1344497691559978,0.12951351159835017,0.12541,0.12045
12-01-2026 13:45,25739.05,0.14182,0.13243,0.1274,0.12355,0.11938,0.11529,0.11248,0.11011,0.1089,0.10768,0.10761,0.10793,0.10927,0.11099,0.19222849333202863,0.18687321681026267,0.18113,0.17536,0.16902,0.16257,0.15702,0.15116,0.14459997120017562,0.13813,0.13379,0.1287,0.12433,0.1201915924345525
12-01-2026 13:50,25735.6,0.13796406455576823,0.13317847358298393,0.12948863822737788,0.12561,0.12169,0.11822,0.11384,0.1118,0.1105,0.10937,0.10888858683464123,0.10914,0.11039,0.11193,0.19298,0.18672,0.18206,0.17617,0.16985166594436502,0.16319,0.15763,0.15127,0.14468,0.13839,0.13388,0.12816,0.12364,0.11821
12-01-2026 13:55,25743.25,0.13752,0.12317,0.1274,0.12181,0.11763,0.11525,0.11133,0.10985,0.10855,0.10747111403272898,0.10716,0.1077,0.10900010283716846,0.11096,0.19465175263147194,0.18885,0.1829149589626123,0.17690913952255932,0.17081,0.16449,0.15855,0.15269,0.14559,0.1402357690709144,0.13473,0.12960561101017734,0.12508,0.11957
12-01-2026 14:00,25734.9,0.13141,0.12459,0.12270465393475852,0.12034,0.1165448868237754,0.11375524707642365,0.11059,0.10946,0.10815,0.10718,0.10723,0.10776292484123606,0.10895274940925012,0.11075,0.19338,0.18746,0.1822072789357345,0.1766,0.17053,0.16404,0.15798336412324163,0.1518258434641817,0.1458163560461914,0.13956,0.13488,0.12952,0.12431880209938706,0.11936
12-01-2026 14:05,25732.75,0.13756,0.13142,0.12339,0.12785,0.12267,0.11871,0.1152517711936345,0.11212,0.11031093341113901,0.10958,0.10870365128177183,0.10908,0.10943856227990191,0.11006385883776014,0.19324,0.18731,0.18188,0.17644,0.16982,0.16312,0.15721857274880477,0.15116,0.14472298156059313,0.1384,0.1331761766058274,0.12785,0.12289,0.11768
12-01-2026 14:10,25739.35,0.1410870059700936,0.13049,0.12053,0.11724748578704196,0.11324,0.11198,0.10906,0.10643,0.10608,0.10546,0.10522,0.10593,0.10757286894850053,0.10964,0.19315,0.18786,0.18327,0.17694285563882867,0.17067,0.16446,0.15848,0.15258,0.14615106563548871,0.13985,0.13486346447322523,0.12965,0.12533,0.11911
12-01-2026 14:15,25729.15,0.13958,0.13351,0.12656,0.1222,0.11842,0.11527,0.11221811925361261,0.10986,0.10878,0.10763,0.10776,0.1082,0.10965,0.11154,0.19299,0.1865,0.18163,0.17540194799942582,0.16939105798031423,0.16309,0.15715,0.15097,0.14479,0.13865,0.13344,0.12817420937206586,0.12363,0.11826
12-01-2026 14:20,25736.35,0.14991331494883076,0.14464,0.13888,0.13311,0.1279,0.12266994856531267,0.11872,0.11572,0.11399,0.11222,0.11124529421389033,0.11128,0.11182,0.11258833624677832,0.19212,0.1869,0.18105,0.17619,0.1699,0.16246,0.1565919211813852,0.15017661165528512,0.14391269779125562,0.13731,0.1324,0.12651,0.12131353362286851,0.11595
12-01-2026 14:25,25762.75,0.13676,0.13189,0.12698,0.12283,0.11747,0.11438,0.11065,0.10897,0.1075,0.1065,0.10599,0.10653827408598401,0.10746,0.10871739223925178,0.19377,0.18824554381541192,0.1825,0.17716,0.17086926552181383,0.16475,0.15889,0.15254171745573214,0.1465112428397391,0.14034,0.13525,0.12988,0.12539,0.1197
12-01-2026 14:30,25753.1,0.12433051780627277,0.11977,0.11613,0.11389,0.11126,0.10938732441619417,0.10683,0.10553,0.10493,0.10422,0.10478323012122073,0.10536,0.10669,0.10846,0.19326,0.18816310728695193,0.18279,0.17731,0.17095719737468051,0.16471,0.15875,0.15268,0.14634,0.14043,0.13567,0.13022,0.1255,0.12037
12-01-2026 14:35,25716.7,0.15174,0.14512,0.13909,0.13307,0.12727,0.12346,0.11932,0.11581913529696909,0.11346149768710617,0.11181891541263801,0.11126,0.11126,0.11145521899690522,0.1124417617158558,0.19086,0.18502,0.17934,0.17431,0.16802,0.16121,0.15532,0.149023710333275,0.1426,0.13638,0.13169,0.12575,0.12104,0.11662059803894115
12-01-2026 14:40,25749.0,0.14146,0.1343438373472978,0.12715,0.12317,0.11881177968720866,0.11552,0.11292,0.11058,0.10931,0.10795,0.10775,0.10821,0.10889278570102474,0.11043,0.19276,0.18761,0.18249,0.17642223861796158,0.1702,0.16402606771750058,0.15785,0.1516859849541592,0.14553,0.13957,0.13458,0.12875,0.12421,0.11975253706182919
12-01-2026 14:45,25763.85,0.13183,0.12726323808804027,0.12209,0.1187647765670298,0.11506,0.11314,0.11013,0.10793,0.1066952429822112,0.10570554950393568,0.10547666253721982,0.10592,0.10718,0.10889409111391427,0.19416,0.18743,0.18289336495990532,0.17764,0.17176,0.16465,0.15882,0.15287,0.14662960198806596,0.14051,0.13534,0.12992,0.1245861904967013,0.11968
12-01-2026 14:50,25774.05,0.14353,0.13758,0.13082,0.12617,0.12146335061455084,0.11819,0.11434,0.11136,0.10935043210358723,0.10794,0.10689,0.10688469335557582,0.10762146048541592,0.10916,0.19388,0.18866,0.18303991194300565,0.17722,0.1706,0.16408,0.158065689728065,0.15221,0.14529,0.13945,0.1338470768883902,0.12857,0.12345,0.11868681632518072
12-01-2026 14:55,25796.15,0.14247,0.13767,0.13126,0.1254,0.12008,0.11677,0.11369,0.11074,0.10988,0.10782,0.10722404545137364,0.10694,0.10774,0.10875,0.19471,0.189,0.18312,0.17722,0.17063,0.16448959635376115,0.15838,0.15188812664849313,0.14561,0.13975643259167925,0.13418,0.12891496870032434,0.12416,0.11951947476768689
12-01-2026 15:00,25785.15,0.13593,0.13388,0.12688,0.1223,0.11803,0.11433,0.11181,0.10984,0.10779576847761912,0.10656162265644879,0.10578,0.10594,0.10639,0.10766,0.19468777240397536,0.18891539229380122,0.183,0.17702,0.17066,0.1644665991949666,0.1582,0.15202,0.14524,0.13980998213518492,0.1343425969574209,0.12898,0.12431,0.11883
12-01-2026 15:05,25789.75,0.1304,0.12499,0.12171,0.11729,0.11382,0.1119,0.1089,0.10741426164495892,0.10626,0.10491,0.10465838061553055,0.10472,0.10536,0.10686,0.19302367008684893,0.18854,0.18376,0.17824,0.17206320728324664,0.16569015259679518,0.15899,0.15311,0.14667,0.14017,0.13508,0.12963245105456642,0.12499,0.11971
12-01-2026 15:10,25785.05,0.13710872907681443,0.12841,0.11964,0.1167,0.11285689678898883,0.11045,0.10802,0.10613818897211869,0.10497,0.10326,0.1032073957526603,0.10339811050656326,0.10433725837868163,0.10601,0.19482,0.18819,0.18356330143727909,0.17836,0.17144,0.16481,0.15909,0.15252232865480309,0.14626507862143823,0.13992,0.13472,0.1292,0.12462,0.11945
12-01-2026 15:15,25782.95,0.14135910241514107,0.13489,0.1276819294796873,0.12211543728654317,0.11744,0.11417,0.11137,0.10853,0.10738,0.1052,0.10474,0.10481,0.10563,0.10705,0.19663,0.19108403200528018,0.18539395796865432,0.17933,0.17261,0.16587,0.16024,0.1533875735153989,0.14687,0.14062,0.13514,0.12950190177163912,0.12452,0.11877
12-01-2026 15:20,25786.05,0.14110287595840468,0.13460373733519157,0.12843,0.1228,0.11761,0.11465,0.1115,0.10893,0.10713,0.10521,0.1045399761518705,0.10447737028494501,0.10526,0.1067,0.19815,0.19091,0.18787,0.1808584189683526,0.17456606879615108,0.16785,0.16152553222816127,0.15499178144880385,0.14852,0.14213,0.13614,0.13,0.12427115794734706,0.11872
12-01-2026 15:25,25801.35,0.13043,0.12173,0.11860854138919247,0.11453106860458331,0.11127,0.108585788224038,0.10605,0.10462,0.10349,0.10165,0.10145,0.10137,0.10221,0.10465,0.19547,0.19534,0.18691,0.18088,0.1746485013780551,0.16707,0.16224,0.15508,0.14886245812879376,0.14221,0.13697,0.13075,0.1252,0.11944
13-01-2026 09:15,25853.0,0.10138,0.10057,0.10156,0.10148771075336015,0.10270044980043405,0.09894,0.10014319382742823,0.0992554857040897,0.09738,0.09814917647256086,0.09726,0.09771,0.0992,0.10094,0.19934,0.19786,0.1890502030021195,0.1824,0.17542,0.16959,0.16328,0.15746,0.15049,0.1441523417013708,0.13946,0.13333,0.12841,0.12266
13-01-2026 09:20,25825.4,0.1301,0.12038,0.11652,0.11379,0.11063,0.10853,0.10573,0.105,0.10365,0.10229,0.10185,0.10238,0.10336,0.10516,0.20182480767524247,0.19459,0.18813,0.17948,0.17454,0.16867,0.16259,0.15585125227787455,0.14929875881767307,0.14263,0.13716755483205587,0.13143,0.12647,0.12052
13-01-2026 09:25,25818.35,0.07494,0.07885835245922337,0.07843,0.08465628515629331,0.08732,0.09071,0.09192,0.09345,0.09489,0.09538,0.09659,0.09772,0.09926,0.10186,0.19955464774754053,0.19492,0.19107,0.18192,0.17643079259172043,0.17018,0.16472679265573248,0.16014,0.15358644163196938,0.14795,0.1429859854436214,0.13807,0.13444,0.1289
13-01-2026 09:30,25766.85,0.09386,0.097046065403392,0.09733,0.09871252576506097,0.0985,0.09885212957106897,0.09936,0.09957,0.09974548374513911,0.10013,0.10093870186702546,0.1022,0.10407,0.10676,0.19758,0.18681,0.1874,0.18077,0.17444,0.16772,0.1615,0.15535031140407826,0.14881,0.14315,0.13844,0.133,0.12898,0.12387
13-01-2026 09:35,25737.7,0.11826,0.11425726922073358,0.1101,0.11011,0.109,0.10717155820585801,0.10651208444835729,0.10605,0.10628,0.10556,0.10597,0.1067,0.10811,0.11024,0.19641,0.19402,0.18576005549546817,0.17834,0.17151,0.16504,0.15939,0.15322,0.14657,0.14058,0.13586,0.13051,0.1255580549329584,0.12088
13-01-2026 09:40,25732.1,0.11825706478802729,0.11635,0.11416185118199676,0.11226,0.11028545237846545,0.1094,0.10754,0.10682,0.10672,0.10605,0.10663,0.10736,0.10873,0.11101,0.19531,0.1897,0.1851,0.17854,0.17119,0.16484,0.15903,0.15272,0.14566,0.13996,0.1353,0.12993,0.12517,0.12017
13-01-2026 09:45,25766.4,0.10985,0.10211,0.1003790544149919,0.09765,0.09883,0.09904,0.09859448037890055,0.09895654849870628,0.09968,0.09971,0.10075,0.10208,0.10395,0.10665,0.1930040034583488,0.18954,0.18651,0.17875,0.17198,0.16605,0.15962,0.1532332462764911,0.14721,0.14102,0.13691,0.1316,0.12743,0.12286
13-01-2026 09:50,25750.85,0.11754,0.11262,0.11364,0.10823,0.10611,0.10542,0.10416,0.10457,0.10446,0.10352,0.10426,0.10533315757116406,0.10695,0.10944,0.19685,0.19132802964644374,0.1858,0.17799,0.17208,0.165,0.15952,0.15287874501463852,0.14678643874196567,0.14069,0.13566,0.13018,0.12519352486439314,0.12022581886608359
13-01-2026 09:55,25731.0,0.10362,0.10571,0.10317,0.10456,0.10471417810601961,0.10433,0.10374,0.10378,0.10438,0.10435,0.10535,0.10636,0.10817,0.11081,0.19596,0.19028,0.18489,0.17838807864628153,0.1719365582377671,0.1652759040978222,0.1585,0.15331,0.14657,0.14117254558525097,0.13604,0.13094,0.1269,0.12208
13-01-2026 10:00,25714.65,0.14097,0.13349,0.13009,0.12686,0.12114,0.11849,0.11568,0.11373,0.11286,0.11147,0.1113,0.11153100627186505,0.11276,0.11383849247563639,0.1931,0.18816,0.18229,0.17698,0.16963635506186803,0.16188,0.15581,0.14965,0.14249,0.13684,0.13118,0.12617,0.12153,0.11621
13-01-2026 10:05,25746.85,0.12843,0.12569,0.11961,0.1167,0.11418,0.11206,0.11025,0.10891,0.10827,0.10803,0.10751,0.10817,0.10956896129495851,0.11162,0.19569,0.18741,0.18203572979155921,0.1758,0.17055,0.16428,0.15821,0.15229,0.14503,0.13955,0.13401027211037173,0.12879,0.12451,0.11968
13-01-2026 10:10,25759.95,0.10494,0.10371,0.10288,0.10202,0.10091,0.10211,0.10136070114369591,0.10084,0.10126,0.10178,0.10247,0.1034,0.10505,0.10788,0.19744,0.1923,0.18608,0.17961788682141505,0.17296942205615312,0.16615,0.16016,0.1536273797250418,0.1475,0.14184924091913728,0.13695,0.1312,0.12764,0.12390220211196569
13-01-2026 10:15,25754.7,0.10612,0.10838,0.10433,0.10362,0.10244,0.10284,0.10216312290680948,0.10176,0.10236,0.10237,0.10308,0.10428,0.10568,0.10871,0.19659,0.19045,0.18549,0.18043,0.17189,0.16543,0.15933,0.1527635972973191,0.14641,0.14114,0.13569361889393758,0.13083826930218254,0.12656,0.12221264375964189
13-01-2026 10:20,25761.35,0.12196,0.11757326255654751,0.11421,0.10883,0.10757,0.10569388863120055,0.10509,0.1039,0.10396,0.10338,0.10386,0.10477,0.10632,0.10817506156687086,0.19667,0.19098999689308416,0.18512,0.1785633125463605,0.17169,0.16546,0.15956,0.15344,0.14623,0.14073,0.1351,0.12988,0.12551,0.12025
13-01-2026 10:25,25770.15,0.14012,0.13305,0.12665,0.12195,0.11838,0.11418388830516639,0.11211,0.10968,0.10903,0.10803,0.10721,0.10737,0.10855,0.11041,0.19716,0.19186192833747226,0.18548,0.17993,0.1725892283107471,0.16508,0.15866,0.15189856674009164,0.14506,0.1391714479761739,0.13348,0.12756,0.12274,0.11820409145980909
13-01-2026 10:30,25804.6,0.13282,0.11804206329992215,0.10534,0.10765,0.10653,0.10582,0.10306,0.10243065362526732,0.10162603023637205,0.10116290931125017,0.10103,0.10169,0.10354886116465355,0.10556,0.1988628243343511,0.19389,0.18871,0.18195,0.17508,0.16807,0.16179627479489642,0.15564,0.14901879142305935,0.1430472216338542,0.13714,0.13160077881889765,0.12664,0.12147
13-01-2026 10:35,25783.95,0.12325,0.1098,0.10718,0.10779,0.10526,0.10288,0.10219,0.10221,0.10159082656485771,0.10157913385924275,0.10214,0.10265,0.10405,0.10676,0.20269535838635722,0.19504530019057417,0.18761,0.18025,0.17383,0.16753102568866562,0.16149,0.1552,0.14870616626347571,0.14241,0.13709,0.13144,0.1263698648123534,0.12165
13-01-2026 10:40,25772.4,0.11286,0.10172,0.09986,0.10643,0.10474,0.10468,0.10303,0.10234,0.10255,0.10191,0.10239,0.10340346441746527,0.10494,0.10768,0.19788,0.19252988061792772,0.1864454827813067,0.18052,0.17303,0.16664,0.1603748355703317,0.15401593005419253,0.14816,0.14168,0.13631017416132302,0.13102,0.12613,0.12107
13-01-2026 10:45,25763.45,0.1290274116064798,0.11857,0.10489,0.11266,0.10805253834200322,0.1078,0.10651,0.10655,0.10529,0.10428,0.10453,0.10574,0.10617,0.10849,0.19601,0.19091209640714146,0.18463,0.17979,0.17084,0.16428,0.15841,0.15174,0.14493,0.13907,0.1341,0.12842441562257678,0.12323,0.1189
13-01-2026 10:50,25794.3,0.11933,0.11414,0.11134,0.10732968802976443,0.10379718168239302,0.10110190224326274,0.098,0.09836876001277305,0.09832,0.09864,0.09876,0.09983,0.10165,0.10429,0.197,0.19049,0.18559,0.17919,0.17247,0.1662,0.15938,0.15394,0.14715,0.14127,0.13627,0.130659668373834,0.12575929299568409,0.12139
13-01-2026 10:55,25765.7,0.13574550677140088,0.1277,0.11839,0.11653,0.11209,0.1097428695248782,0.1084,0.10623,0.10569,0.10431,0.10434,0.10496,0.10613914699980617,0.10846,0.19378,0.18824,0.18328,0.17684,0.16974,0.1638104346950228,0.15724709986570673,0.15101,0.1442,0.13808,0.13279,0.12762,0.12277,0.11766
13-01-2026 11:00,25784.9,0.11114,0.11637,0.1004,0.10533,0.10417,0.10248917571459239,0.10175454559235603,0.10121,0.10136,0.10075,0.10117,0.10206,0.10349924661044503,0.10537,0.19581,0.18992397868288347,0.18426,0.17715,0.17118935181031372,0.16513,0.15832,0.15288,0.14577,0.13983,0.13496,0.12932,0.12416144058972012,0.11948
13-01-2026 11:05,25771.65,0.13216,0.11938,0.12029,0.11747,0.11378,0.11176,0.10906417771117934,0.10724,0.10636,0.10527,0.10501,0.10534,0.10616,0.10809,0.19504,0.18875,0.183,0.1764697135524182,0.16977,0.16355,0.15506,0.15072,0.14357,0.1381,0.13263782495956858,0.12739,0.12263,0.11818209250307862
13-01-2026 11:10,25787.85,0.11856,0.10777,0.11044,0.11006,0.10668,0.10586,0.10409,0.10313418853702462,0.10252,0.10135,0.1017,0.10224,0.10351493691963431,0.10541,0.19507,0.18963291829100437,0.18371,0.178,0.17081,0.1648,0.15819,0.15219,0.14495,0.13945,0.13405187718445452,0.129221400593756,0.12470200862808904,0.12038540075548174
13-01-2026 11:15,25787.55,0.11460092208226791,0.11275596900983181,0.11131,0.10958,0.10777,0.10559,0.10327,0.10223,0.10211,0.10092,0.10121,0.10247,0.1027,0.10501,0.19481,0.18867,0.1835,0.17724,0.17046,0.16354,0.15748,0.15088866005065865,0.14437,0.13874,0.13399,0.12815,0.12386,0.11958480743169801
13-01-2026 11:20,25784.1,0.12704,0.11694,0.11314,0.10838,0.10646,0.10523,0.10245,0.10227,0.10176,0.10093167214188196,0.10077,0.10144,0.10261,0.10482,0.19456,0.18866,0.18282,0.1764,0.16948,0.16327,0.15648,0.15139,0.14396,0.13843,0.13358,0.12808117764521906,0.12338,0.11825
13-01-2026 11:25,25786.2,0.12557,0.12715,0.11235,0.11523,0.11048472474953955,0.10887,0.10572,0.10391,0.10275167576004157,0.10212,0.10174025209968127,0.10209,0.10340008888500248,0.1054,0.19449,0.18884,0.18254388915472075,0.17621,0.16914,0.1625,0.15639,0.14979740324906557,0.14336,0.13753,0.13232402541649615,0.12729,0.12252,0.11716
13-01-2026 11:30,25793.55,0.12837,0.12356,0.11864,0.11510145336209078,0.11179,0.11038,0.10718988904918401,0.10534995175489406,0.1041,0.1031,0.10283,0.10315,0.10381,0.10564,0.19482,0.18945,0.18277,0.17604,0.16887,0.16281,0.15675,0.15086,0.14333,0.13761,0.13242,0.12697,0.12213,0.11760224295974255
13-01-2026 11:35,25814.5,0.11175,0.11079487254136543,0.10854,0.10642,0.10504,0.10288,0.10123,0.09991,0.09941369416951383,0.09904,0.0994,0.09994537122799067,0.10101,0.1023096112486098,0.19748839220649375,0.19085901843977734,0.18425,0.1774995323637301,0.17099,0.1641,0.15813,0.15207,0.145,0.13937,0.13446,0.12906060919785683,0.12442,0.11932
13-01-2026 11:40,25811.5,0.09832,0.09933559058155336,0.09835529901898463,0.0976,0.09793,0.09766,0.09684,0.0965,0.09714,0.09663,0.09748,0.09813,0.09936,0.10197,0.19252367822766936,0.18823,0.18403,0.17714,0.17076,0.16403,0.15819,0.1515478323005601,0.14487,0.13994,0.13509,0.12975776510128728,0.12525,0.12026
13-01-2026 11:45,25782.05,0.12434,0.11605,0.11189006333546968,0.10915,0.10828,0.10657,0.10363341772128123,0.10265,0.10178,0.10097,0.10094707447317297,0.10168810907241321,0.1030991334685128,0.10543,0.19178824469375527,0.18644,0.18126,0.17477,0.16779,0.16189,0.15566,0.14976,0.14269,0.1372,0.13206,0.12708,0.12210270325440048,0.11725
13-01-2026 11:50,25785.0,0.0963,0.09354,0.09555,0.09782,0.09939,0.09804,0.09687,0.09688,0.09736,0.09746,0.09799693661024332,0.0990649796371101,0.10052,0.103,0.19372,0.18669,0.18077343435809087,0.17483,0.1686,0.16241912659935168,0.15652,0.15081,0.14368,0.13831,0.13315,0.12814,0.124,0.12004014007614983
13-01-2026 11:55,25762.65,0.13302,0.1138,0.10897521504355001,0.10567300612961604,0.10494,0.10345,0.10155,0.1008,0.10116,0.10053,0.10112,0.10179,0.10305,0.10553,0.19174,0.18471,0.17974,0.17282,0.1664,0.16065722063452922,0.15503,0.14909,0.142,0.13661,0.13140604170884562,0.12661,0.1218110712293717,0.11746
13-01-2026 12:00,25747.9,0.11514,0.11089,0.10672,0.10734,0.10493,0.10426,0.10283,0.10216857763634961,0.10193,0.10157,0.10203,0.10267,0.10395,0.10659,0.19166,0.18595,0.179,0.17203,0.16573,0.15969,0.15404,0.14746743213193644,0.14122,0.13581,0.13089,0.12575,0.12102828808630975,0.11652
13-01-2026 12:05,25735.35,0.11577,0.1125384012438162,0.10927,0.10984,0.1081,0.10654,0.10482010371311017,0.10347,0.10359,0.10292,0.10355,0.10403,0.10514,0.10793,0.1918716583138103,0.18497,0.17843,0.17102,0.1647,0.1588,0.15296,0.14645731653796382,0.14019,0.1348815107484601,0.12941,0.12453,0.11963674740403107,0.11497
13-01-2026 12:10,25733.45,0.11596144341965871,0.10744,0.10023,0.09991395431095741,0.0996032844845667,0.09977,0.09999,0.09968,0.10002,0.1002,0.10123,0.10217,0.10362,0.10667,0.19005,0.18343,0.17914,0.17089,0.16596,0.15959,0.15405,0.14774421525074166,0.1421,0.13608,0.13199,0.12692,0.12233736093162459,0.11837
13-01-2026 12:15,25722.55,0.11631,0.11542098003487151,0.11484,0.11267,0.11004,0.10822,0.10628004737891551,0.10475,0.10468,0.10391,0.10394,0.10484,0.10608,0.10771390147350013,0.18896,0.18259,0.17786,0.17174,0.1654634342762745,0.15915322590496517,0.1527,0.14666,0.14003,0.13392,0.12907,0.12386,0.11959,0.11474
13-01-2026 12:20,25724.7,0.10816,0.10535,0.10462,0.10356,0.10227,0.1019560861450162,0.1016,0.10069,0.10113,0.10095,0.10163,0.10244,0.10438,0.10734,0.18941,0.1823,0.17826,0.17128182200827582,0.16474,0.15918,0.15358,0.14819,0.14142,0.13611609122575605,0.13122,0.12589,0.12206,0.11810477527610083
13-01-2026 12:25,25714.0,0.11595,0.12216,0.11939,0.11684,0.11278,0.11115567960324149,0.10864,0.10709,0.10658,0.10555,0.10563,0.1062,0.10724,0.10997,0.18651808512271714,0.18147,0.17615,0.17069,0.16443525413635768,0.15802132184769319,0.15143,0.1451293646119084,0.1385,0.13274,0.12767,0.12243,0.11784,0.11295
13-01-2026 12:30,25723.0,0.11512,0.11016,0.10486,0.10314,0.10241,0.10152,0.10044,0.1004,0.10041620760746299,0.10069,0.1015,0.10234,0.10485407782426806,0.10756,0.18932,0.1829529856331646,0.17676409131260362,0.17064770326489961,0.16464,0.15876,0.15286442461264155,0.14783,0.14097,0.1357299428341908,0.13052,0.12559870598307651,0.12144,0.11704
13-01-2026 12:35,25717.45,0.11999,0.11351,0.11092,0.10715,0.10522,0.10404,0.10306,0.10240944923120017,0.10301,0.10240892828080886,0.10282,0.10392,0.10586265249992782,0.10843,0.18786,0.18227,0.17647,0.16908,0.1637476306363719,0.1578980715502125,0.15204,0.14686,0.14041568687937897,0.13433,0.12920944007948532,0.12435,0.12008,0.11628807434980906
13-01-2026 12:40,25710.25,0.11488,0.10683,0.10567,0.1048,0.10327,0.10239,0.10145,0.10102,0.10138,0.10109,0.1021,0.10339,0.10503,0.10701590422900303,0.18732,0.18124,0.17612,0.16963687539704136,0.16325,0.15766329373430274,0.1517,0.14634,0.14040283827515126,0.13484102274298687,0.12958,0.12462,0.12072,0.11710018217172481
13-01-2026 12:45,25702.9,0.09992,0.09960434508930309,0.09852,0.09849,0.09819,0.09857,0.09847,0.09857,0.09981,0.10014,0.10143967656367336,0.10301,0.10528,0.109,0.18883,0.18068,0.1776,0.17041,0.16469,0.15844,0.15306,0.148,0.14121,0.13628,0.13152,0.12642,0.12269,0.11824
13-01-2026 12:50,25667.1,0.10716,0.10802,0.10667591320418926,0.10536701470438922,0.10432,0.10344,0.10262,0.102,0.10292,0.10288,0.10416,0.10557,0.10796,0.11179,0.18652,0.18123193418486233,0.17586,0.16933191367347,0.16278,0.1572,0.15163,0.14603,0.14018219608626478,0.13461,0.12979,0.12499,0.12093,0.11684
13-01-2026 12:55,25659.75,0.11791,0.11171811614752415,0.10762,0.10565365933757973,0.10512,0.10415,0.1032,0.10271,0.10309,0.10316,0.10444092032140669,0.10613,0.10805733146418027,0.11020533424385481,0.18717,0.18133,0.1741674758167129,0.16686,0.16311,0.15663560330406,0.15135,0.14543931179337594,0.13966,0.1345969301467917,0.12995,0.12522,0.12071689830939245,0.11624279775018803
13-01-2026 13:00,25645.05,0.10976,0.10878,0.1072,0.10506,0.10368,0.10279,0.10217,0.1016,0.10199,0.10237,0.10408,0.10585,0.10912310627364959,0.11306,0.18672,0.18015,0.1743269072196863,0.16881,0.16108,0.15626,0.15003,0.14537,0.1391995165426877,0.13375952676630817,0.12849,0.12396,0.12001,0.11595
13-01-2026 13:05,25639.05,0.12069010094681673,0.11676,0.11177,0.11205,0.10962,0.10759157089659806,0.10667,0.10521,0.10519,0.10545,0.10703,0.10849,0.11118,0.1141699150927629,0.18741,0.18135,0.17498318230522633,0.16832,0.16258,0.15642,0.1501,0.14493,0.13868834514417716,0.13266,0.12808,0.12301,0.11891,0.11472
13-01-2026 13:10,25669.25,0.10935,0.10859,0.10366,0.10559,0.10381407053538985,0.10302,0.1022,0.10165,0.102012466379448,0.10236,0.10422,0.10579,0.10805569466337644,0.11038863454831721,0.18893,0.18343463140914104,0.17783,0.17107,0.16414,0.1583,0.15197633310626835,0.14603612095940016,0.14024,0.13485463861772268,0.13015,0.12503,0.12087477079252207,0.11724
13-01-2026 13:15,25650.75,0.12082,0.11121,0.11372,0.11219,0.10964,0.10786,0.10652572464976054,0.10575,0.10531,0.10533023245298326,0.10625691898921812,0.10804746987558994,0.11088,0.11512,0.18805155696771447,0.18215,0.17630587733908296,0.17022293332973998,0.16408,0.15777,0.15168,0.14627,0.1395,0.13433605941031015,0.12934,0.12428,0.11994099667104914,0.11605
13-01-2026 13:20,25659.9,0.1205,0.1170095603565006,0.11389672597784246,0.11136,0.10866,0.10703,0.10566,0.10470556444932014,0.10456,0.10459,0.10609,0.10748,0.10997,0.11283218484447777,0.18846,0.18292,0.17728,0.17132,0.16353,0.15800114387027403,0.15172011752069142,0.1462,0.13927,0.13374,0.1285908679492083,0.12385,0.11938934718855224,0.11548
13-01-2026 13:25,25660.75,0.12224,0.11729,0.11027,0.10601,0.10445743763966896,0.10322,0.10242,0.10167,0.10215,0.10236,0.10404,0.1057,0.10896731348884164,0.11278,0.18901,0.18301,0.17737791857460933,0.17141,0.16478482493823238,0.15839648342981774,0.15166,0.1463,0.13987506457944787,0.13425,0.12888,0.1242,0.12064,0.11627
13-01-2026 13:30,25661.85,0.11661,0.11306,0.11056,0.10945637853553628,0.10907,0.10743,0.10578,0.10449,0.10434,0.10429,0.10545,0.10696,0.10926,0.11328,0.18923004269032426,0.18271,0.17638837070053723,0.1700763355794837,0.16358,0.15744,0.15203,0.14567,0.13872,0.13321,0.12836,0.12335,0.11943,0.11493
13-01-2026 13:35,25679.45,0.11288,0.10962,0.10556,0.1049,0.10328,0.10195504417827644,0.10105,0.1006,0.1008,0.10102,0.10265,0.10423,0.10655,0.11074,0.19079,0.18416,0.17879,0.17237,0.1648,0.1590113827388576,0.1529,0.14733,0.14052,0.13489,0.1296493936359738,0.12491,0.12084,0.11675
13-01-2026 13:40,25665.55,0.11343,0.11269,0.1141,0.11143954082890316,0.1096,0.10779793690225833,0.10591,0.104842820654142,0.10439,0.10413622651840386,0.10518,0.10639,0.10871,0.11278,0.18991621051768,0.18305,0.17574,0.17036,0.16171,0.15582,0.14956659623562,0.14351998239085056,0.13763,0.13215,0.12716,0.12221,0.11834,0.11372
13-01-2026 13:45,25671.3,0.11584,0.11098457809104521,0.10635,0.10582,0.10347,0.10247,0.10142130334915143,0.10104,0.10100443329509852,0.10129,0.10279,0.10425,0.10681,0.11089,0.18758,0.18354,0.17642222762151483,0.16964424663719901,0.16238,0.15706,0.15095,0.1455,0.13879,0.13343,0.12873,0.12374,0.12019,0.11671773150402508
13-01-2026 13:50,25672.15,0.11731,0.11294,0.10877,0.10733,0.10546,0.10394,0.10265,0.10185,0.10183188504461779,0.10238,0.10338,0.10528,0.10765,0.11184,0.18693,0.18363,0.17494,0.16847,0.16243681565325507,0.15629,0.14977167707696018,0.14377104311896421,0.13779,0.1324,0.12742,0.12257,0.11886,0.11428
13-01-2026 13:55,25662.15,0.11435,0.11479,0.1103,0.10906617216956399,0.10766,0.10529,0.10379,0.10312,0.10286224579451723,0.10345,0.10442,0.10618,0.10874,0.11265,0.18616,0.18284,0.17494,0.16855,0.1623761336466046,0.1560027255145248,0.14926,0.14458,0.13805,0.13272,0.12796,0.12314,0.11873672519585605,0.11462
13-01-2026 14:00,25659.5,0.10596,0.10484579649282744,0.10224,0.1033,0.10247,0.10156423743387821,0.1011,0.10064,0.10092,0.10146,0.1032,0.10512,0.10781,0.11198,0.18695,0.1806497296720003,0.17432312039628078,0.16812248831997886,0.16191,0.15622,0.15019,0.14468,0.13888114293498732,0.1334,0.12892,0.12422,0.12043,0.11642
13-01-2026 14:05,25647.55,0.11484,0.1111,0.1089,0.10697,0.1057,0.10399739769418267,0.1034,0.10231,0.10272,0.10298,0.10447,0.10619240114293087,0.10889,0.11168409147191977,0.18578,0.18018548286677405,0.17455,0.16736,0.16150149043119336,0.15533,0.14912,0.14331007236844978,0.13755,0.13214,0.12782,0.12261,0.1193,0.11494
13-01-2026 14:10,25642.55,0.10292443157955937,0.10297,0.1036785097052462,0.10333,0.10191,0.10139,0.1002,0.09978,0.10039,0.10103094505346714,0.10243,0.10455,0.10748,0.11189,0.1854,0.1796,0.17396,0.16696,0.16049,0.15480470631861304,0.14894,0.14389,0.13718,0.13217532491072045,0.12731,0.12244,0.11873,0.11476
13-01-2026 14:15,25631.25,0.11749,0.11278,0.10971,0.10795,0.10585,0.10392,0.10293,0.10226,0.10228,0.10231,0.10367316822286708,0.10586,0.10873,0.113,0.1830579669434205,0.17761,0.17227,0.16603,0.15857,0.1525,0.14705,0.14187,0.13524,0.12995,0.1253149737279805,0.12054,0.11695,0.1122
13-01-2026 14:20,25627.6,0.11065714994438894,0.10613,0.10161,0.10124,0.10023,0.09971,0.09923025766052987,0.09911,0.09991,0.10055,0.10272,0.10495,0.10815,0.11248,0.18352,0.17733,0.17146663637118065,0.16591,0.15892,0.15306,0.1476049667140354,0.14283,0.13634,0.13116,0.1265452884748468,0.12205733680136795,0.11835,0.11427
13-01-2026 14:25,25619.65,0.10956,0.11014,0.1057,0.10475,0.10328604062827113,0.10202,0.10187,0.10119,0.10148889011506315,0.1022,0.1037884120434151,0.10613,0.10918,0.11368,0.18315,0.17736,0.17112993782613944,0.16489242672279997,0.15869132200504393,0.15237,0.14715,0.1410755188344944,0.13551318986196512,0.13005,0.12556,0.12083,0.11741,0.11306
13-01-2026 14:30,25622.55,0.12078,0.12092,0.11681,0.11413,0.11138842958616053,0.10886,0.10725,0.10601,0.10568,0.10572,0.10693,0.10864,0.11153,0.11541,0.18116,0.17762,0.17082,0.16392,0.15739,0.15062,0.14568,0.13941943108485788,0.1338005161196389,0.12828,0.1237,0.11899367453469081,0.11478,0.11076830910031317
13-01-2026 14:35,25644.0,0.12605,0.12063,0.11671960803670561,0.11338,0.11022,0.10835,0.10637,0.10478,0.10446,0.10439,0.10572,0.10739203376603426,0.10998,0.11285136722063181,0.1815549663971717,0.17643,0.17097,0.165,0.15841376096655585,0.15176,0.14553,0.14018,0.13362,0.12835,0.12352,0.11842,0.11481,0.11137132230689761
13-01-2026 14:40,25667.6,0.12795,0.12143659841482121,0.11577,0.11455,0.1104000326655904,0.10854,0.1061811376726189,0.1051,0.10422,0.1038,0.10482,0.10636,0.1087,0.11237,0.18178,0.17905,0.17186,0.16506,0.15835,0.15321,0.14765,0.1412930774183987,0.1354929400350416,0.12977,0.12456722929399643,0.11926,0.1152,0.1102
13-01-2026 14:45,25695.95,0.1173,0.1098,0.10739,0.10562,0.10358,0.10225,0.1008,0.10039,0.10016206055892105,0.10040004552548773,0.10123,0.103,0.10582,0.10912063060592447,0.18457,0.18134,0.17374,0.16742,0.16129,0.15552,0.1492,0.14389,0.13759,0.13227,0.12738,0.12243,0.1183,0.11416006176402996
13-01-2026 14:50,25698.45,0.12994,0.121,0.11481,0.11213,0.10844,0.10629,0.1044,0.10284,0.10209,0.10146,0.10196,0.10374,0.10593,0.10922,0.18423,0.18012,0.17396,0.16765,0.16024,0.15479,0.14831949528128494,0.14209730587176886,0.13573,0.13023,0.12503,0.11963,0.11547,0.10993
13-01-2026 14:55,25717.05,0.10227,0.10131,0.10561,0.103,0.10178,0.1009299154439064,0.09903,0.09829911773506807,0.09788,0.09778,0.09901,0.10052,0.1030576039868983,0.10675,0.18956004461749104,0.1827912675202883,0.17615,0.16955527538474308,0.16292,0.15689,0.15051592696689056,0.14428427329666957,0.13826,0.13281,0.12758238622373314,0.12275197049852889,0.11832,0.11370977075947405
13-01-2026 15:00,25754.0,0.06496,0.08771,0.08152,0.08567,0.08764,0.08949651837855198,0.0891,0.08982,0.09066,0.09105,0.09335921563626692,0.09549,0.09849,0.10247,0.18914,0.1842884487062865,0.17916,0.17245,0.16566,0.15874,0.15333,0.14691220484914816,0.14106740054528674,0.13566,0.13092,0.12594,0.12166,0.11722354636447146
13-01-2026 15:05,25708.75,0.12503,0.11954,0.11397414307729198,0.11152,0.10881,0.10529982330770059,0.10301037437955335,0.10203,0.10055194436022298,0.10029301237211871,0.10117,0.10258,0.1048,0.10727138481431008,0.18537,0.18125,0.1746348001779645,0.16795,0.16079,0.15474,0.14881,0.14248500631746555,0.13604,0.13057,0.12534,0.12032328281440849,0.1153,0.1098
13-01-2026 15:10,25746.05,0.09601,0.09583806205663006,0.09434,0.09443,0.09432769641332993,0.09393,0.09376,0.09323,0.09365,0.09362,0.09508494060425823,0.09684,0.09966,0.1035,0.18712,0.18273,0.17693436924891726,0.17082,0.16429270806613755,0.15776,0.15165553183779265,0.14567,0.13924,0.13403,0.12887,0.12379736649926064,0.11912,0.11362
13-01-2026 15:15,25745.9,0.09885,0.09442,0.09401,0.0927,0.09307,0.09226402570546112,0.09227,0.09186,0.0922362502632628,0.09258,0.09434,0.09637002469823137,0.09921,0.10237875981751042,0.18470535392862117,0.18117,0.17744,0.17144,0.16520906504022015,0.15878,0.15193,0.1466,0.1406600239630239,0.13512478435854655,0.12982,0.12433,0.11988,0.11427
13-01-2026 15:20,25730.9,0.10596,0.1032524759996768,0.1016,0.09989,0.09820022651637547,0.09735,0.09655,0.09557,0.0959,0.09549,0.09653084553463082,0.09835,0.10097,0.1047,0.18772,0.18265685160770062,0.17737,0.17104,0.16471,0.158390499007768,0.15139,0.14642,0.13928,0.13342,0.12823369192452877,0.1228,0.11826,0.11245
13-01-2026 15:25,25730.8,0.10125,0.09819,0.09998,0.09608,0.09512,0.09402,0.09398,0.09364,0.09334448656751061,0.09339,0.09456,0.097,0.09919,0.10305,0.19098,0.18082,0.1789,0.17223,0.16751,0.15719,0.15183,0.14612912887751578,0.14019,0.1347896536673692,0.12995,0.12441670984194148,0.11937,0.11379
14-01-2026 09:15,25671.9,0.14959,0.13005514981544736,0.11174,0.10873,0.10765,0.10444,0.10288,0.10173,0.10139,0.100858506440893,0.10239,0.10433,0.10685,0.1095278700977357,0.19276,0.18752,0.18191,0.17457,0.16868,0.16225283529690482,0.15570865251676222,0.14939,0.1427,0.13707,0.13117,0.12558,0.12053,0.11497
14-01-2026 09:20,25705.8,0.12363,0.12422,0.11267,0.10689,0.10436,0.10267,0.10126,0.10015,0.09998,0.09974,0.10063,0.10243,0.10524,0.10877,0.19452,0.18877,0.1834,0.17664898796212614,0.17003,0.16326,0.15622,0.15001,0.14306,0.13778,0.13156,0.12589,0.12102,0.11552
14-01-2026 09:25,25717.85,0.13317,0.1253413878134296,0.12118,0.11356,0.11106,0.10716,0.10495,0.10343,0.10229,0.10186,0.10202,0.1036,0.10598,0.10873272251533785,0.19526,0.18932,0.18299985453510786,0.17644,0.1699272339886489,0.16311,0.1565,0.14991,0.14267,0.13689424511193782,0.13089,0.1248,0.11955,0.11384
14-01-2026 09:30,25746.8,0.11272,0.10267,0.10078,0.10024,0.09959,0.09806,0.09683,0.09616,0.09616,0.09601,0.09743297802774717,0.09916,0.1019,0.10513530664330015,0.19718276518302208,0.19149,0.18535460937840806,0.17952,0.1719,0.1657,0.15915,0.15275,0.146103499958316,0.13990621779715562,0.13387,0.1279,0.12301,0.11723
14-01-2026 09:35,25737.05,0.1012,0.11807,0.10043,0.1035939965417502,0.10049,0.09946,0.09825,0.09723,0.0971,0.0968,0.09815,0.09997,0.10243677878868108,0.10598,0.19606,0.19023,0.18435738293223775,0.17832,0.17179,0.16502,0.15814,0.15237,0.14522,0.1392,0.13298,0.12733,0.12206,0.11653
14-01-2026 09:40,25712.25,0.12103,0.10667,0.10128,0.0992395317028375,0.09942,0.09791,0.09652635886260638,0.09656,0.09661,0.09664,0.09797,0.09991,0.10275,0.10669,0.1938115821767449,0.18821,0.18245379023591016,0.17641,0.16984917977656097,0.16299,0.15661,0.15045,0.14342,0.13757973051107056,0.13162949424431147,0.126,0.12050059526345329,0.11525
14-01-2026 09:45,25691.85,0.10661,0.10863,0.10617371012339816,0.10313,0.10168,0.10053,0.09893,0.09828,0.09847,0.09854,0.09988,0.10168,0.10453,0.10839,0.19245,0.18703,0.18192,0.17525,0.16891,0.16234010869845517,0.15571160874530976,0.1491312795952759,0.14272763968039914,0.13627,0.13052,0.12473,0.11991,0.11441
14-01-2026 09:50,25701.2,0.14118601778552053,0.1342604239013394,0.1298,0.12353,0.119,0.1145,0.11092,0.10787,0.10619,0.10517,0.10541,0.10623,0.1080196078952152,0.1114,0.1939260256151104,0.1875149219675371,0.18082,0.17434,0.16731,0.16093,0.15422,0.14807,0.14131358428783175,0.13451,0.12822,0.1222,0.11692,0.11055
14-01-2026 09:55,25759.55,0.09956,0.08438,0.08875,0.09669,0.09529,0.09431,0.09485,0.094,0.09445517453074469,0.09393,0.09574,0.0974,0.1,0.10384,0.19687,0.19168,0.1855,0.1788917090508002,0.17221,0.16596,0.15952,0.15273,0.14534,0.13975,0.13392,0.1281,0.12319,0.11744
14-01-2026 10:00,25727.85,0.12568,0.11977,0.10681,0.10366387329361093,0.10037,0.09973,0.09769,0.09675,0.09648,0.0967758412395524,0.09783,0.09918,0.10196,0.10483392000050376,0.19351,0.1891,0.1822478481691924,0.17525,0.16857,0.16202,0.15562209177896105,0.14942,0.14235,0.13666,0.13071,0.12522,0.12026,0.1155635045807162
14-01-2026 10:05,25713.6,0.11955,0.1139714899549487,0.1087903001488491,0.10489,0.1025,0.09999,0.09863,0.09749,0.09764,0.0975,0.09881020748714515,0.10062857989622528,0.10315868397165211,0.10655,0.19239,0.18795,0.1817,0.17426,0.16809,0.16112,0.1554,0.14851,0.142147701156044,0.13578,0.12995722684748584,0.12439,0.11881452270981349,0.1136
14-01-2026 10:10,25697.45,0.12007,0.11399,0.10967262003498263,0.10673,0.10349328551193056,0.10127,0.09953,0.09863,0.0985,0.09833,0.09982,0.10177,0.10429242648590543,0.10784,0.19167,0.18665,0.18047183139912248,0.17391,0.16742820522349044,0.16068,0.15396,0.14758140017711147,0.14119475914362462,0.1349,0.12901,0.12333,0.11843,0.11254
14-01-2026 10:15,25696.35,0.09762237315070182,0.0986,0.10025,0.09845,0.09782421974581659,0.09617,0.09559,0.0955512354240327,0.09583,0.0962,0.09798,0.10004,0.10297,0.10684,0.1927,0.1873,0.18138,0.17464445065914153,0.16823,0.16044,0.15501,0.14858,0.14157,0.13597,0.13009,0.12453,0.11924442339460492,0.11447
14-01-2026 10:20,25678.3,0.10372,0.10513,0.10303,0.10220420648797722,0.10077115473920875,0.0990828860174928,0.09781876819542643,0.09691,0.09739,0.09767,0.09961,0.10116,0.1043,0.10822,0.19099,0.18559,0.17988,0.17309,0.16667312609407667,0.15996,0.15296,0.14653,0.13984,0.13394818634824152,0.12823,0.12243,0.11736400958882158,0.11263
14-01-2026 10:25,25683.35,0.11226,0.1016,0.10787,0.10482,0.10177,0.10035,0.09895,0.09843,0.0983,0.09867306642420573,0.0999015333829114,0.10186,0.1046978813572812,0.10844,0.1916678105611489,0.18579,0.1799,0.17316,0.16608,0.15983051647031288,0.15358,0.14678,0.13968,0.13383,0.12811,0.12257,0.11727310074397816,0.11239
14-01-2026 10:30,25678.05,0.12313608955374156,0.11626,0.10899,0.10656,0.10338,0.10162,0.09964,0.0987,0.09904,0.09899,0.10027,0.10246,0.10523,0.1084059203132755,0.19074,0.1853246276691173,0.17943483947750163,0.17312,0.16651,0.15966,0.15311,0.14679,0.1393,0.1333576315494349,0.12746862038888293,0.12215,0.1173,0.1128810486466659
14-01-2026 10:35,25689.95,0.10832,0.09949,0.10136,0.10068,0.09855562088299682,0.09730353478405289,0.09648,0.09581,0.09623,0.09635,0.09811,0.10023346614351789,0.10299,0.10671,0.19281,0.18703184966751574,0.18115,0.17454,0.16705,0.16122,0.15412338209682025,0.14768,0.1408,0.13481,0.12932,0.12382,0.11923,0.11379
14-01-2026 10:40,25691.8,0.11136,0.10609677161447194,0.10051,0.10065,0.09835617588627732,0.09689,0.09613,0.0955,0.09586,0.09625,0.09803,0.10043989370945776,0.1033,0.1066446935798447,0.18708110099505249,0.18382,0.18047,0.17374098808181798,0.16723,0.15981,0.15412,0.14775,0.14032,0.13492,0.12911,0.12368,0.11915,0.11372
14-01-2026 10:45,25665.9,0.12,0.12893,0.1200154111274533,0.11447,0.11121,0.10756,0.10468,0.10287,0.10243,0.10173,0.10276,0.10481,0.10705,0.11056,0.18956,0.18173,0.17705784206047656,0.17155,0.16428,0.15752,0.15107,0.14471,0.13804613559597964,0.13147,0.125660601875483,0.11951,0.11485,0.10912
14-01-2026 10:50,25695.5,0.11511755802078727,0.11226,0.10987954791574533,0.10709,0.10433,0.10152,0.1003058308178283,0.09879,0.09854,0.0981,0.09968,0.1015,0.10402,0.10765,0.19225,0.18417,0.1800045933295361,0.17509,0.16724,0.16081276156376248,0.15422,0.14724,0.14014,0.13414,0.1282665458412979,0.12272,0.11782,0.11208
14-01-2026 10:55,25706.35,0.12481999707017535,0.12225,0.1192,0.11476,0.11089,0.10792,0.10453,0.10279,0.10175,0.10116,0.10093665780318287,0.10127075711786035,0.10264097001477357,0.10498871612878825,0.19233,0.18808,0.18066,0.17386,0.16693,0.16001,0.15406,0.14736,0.14053885043572323,0.13401,0.1278,0.12218,0.11658862245579539,0.11133
14-01-2026 11:00,25720.95,0.12452,0.11411,0.11064,0.11044,0.10585,0.10416,0.102,0.10027,0.09959,0.09925123542719123,0.09964,0.1010503472143698,0.1034,0.10674,0.19353,0.1893,0.1819,0.17541686190567196,0.1684,0.16132,0.15525,0.14887,0.14143,0.13526,0.12984,0.12359,0.11881,0.1133
14-01-2026 11:05,25733.0,0.10822,0.10639183420230292,0.10324,0.10313,0.10013,0.09901,0.09724,0.09648,0.09616826675606642,0.09638042136126039,0.0972,0.09894926843019297,0.10148,0.10476,0.19424,0.18756,0.1821276969380239,0.17638,0.16928,0.1629,0.15666,0.14987,0.14271,0.13656,0.13078041764303167,0.12527,0.1207,0.11524
14-01-2026 11:10,25729.2,0.11819851921459529,0.11287,0.1085,0.10339,0.10069,0.10064,0.09866,0.09713,0.09661,0.09677,0.09802,0.09974,0.10185,0.10552,0.19367,0.18728,0.18175003141972976,0.17587,0.1686,0.16224051894360836,0.15559,0.14881338733439467,0.14213,0.13557,0.13036,0.1245,0.11983,0.11424
14-01-2026 11:15,25736.25,0.1227,0.11967,0.11314,0.10963107740533179,0.10627,0.104,0.10114263003048062,0.09912,0.09823785085622806,0.09792,0.09883,0.10029,0.10227,0.10531,0.19426,0.18787,0.18279,0.1759962297393363,0.16923,0.1626562412675362,0.15586773299517545,0.14921374869689596,0.14253418062961193,0.13617,0.13027,0.12416,0.11944,0.11401
14-01-2026 11:20,25743.15,0.11527,0.111138674639787,0.10532,0.10387,0.10135316749476055,0.09925,0.09770047560218709,0.09618,0.09572,0.09558,0.0966,0.09831,0.10072,0.10436,0.19818436486275023,0.19106225671674748,0.18407,0.17689,0.17059,0.16352,0.15673,0.1506,0.14353787372513066,0.13718,0.13110303515146263,0.12569,0.12109,0.1167158717272657
14-01-2026 11:25,25735.0,0.14145,0.13595,0.1265754973563175,0.12083,0.11546,0.11145,0.10785,0.10508,0.10308,0.1017,0.10155581665058219,0.1029,0.10451,0.10766,0.19335,0.18837492578284593,0.18274,0.17581,0.16879,0.16249,0.15525,0.14864,0.14139,0.13534629019222788,0.12887,0.12327264388388932,0.11791,0.11163
14-01-2026 11:30,25773.9,0.10956,0.10850870257369041,0.10518,0.10342,0.10105,0.0986,0.09751055525167497,0.09597,0.09547000980351693,0.09497,0.09599,0.09744,0.09956,0.10308,0.19735,0.19179,0.18553,0.17783,0.1717249166041864,0.16512658553856963,0.1585233213541587,0.15251,0.14556,0.13901,0.13326,0.12717,0.121494951455477,0.11643
14-01-2026 11:35,25764.1,0.11427,0.11474,0.10436,0.10406469260917357,0.1021,0.09935109499431474,0.09823,0.09693,0.09634,0.09610089699027666,0.09686,0.09809,0.10014,0.1038,0.19601,0.19042725844705793,0.18427,0.17768,0.17075,0.16422,0.15725306876127831,0.15055073579739284,0.14378,0.13762952656712213,0.13173,0.12584,0.12078,0.11592600059239436
14-01-2026 11:40,25766.75,0.11206,0.11197,0.10283,0.10208955934408372,0.09934698453877407,0.09738,0.09612,0.0951,0.09438,0.0944,0.09522,0.09699,0.09938,0.10239105091627948,0.19566,0.19026329874083817,0.18452,0.17749,0.1708,0.16376,0.15815,0.15119,0.14392,0.13791,0.13182,0.12638,0.12158,0.11576
14-01-2026 11:45,25761.25,0.11673,0.1271,0.12184,0.11623,0.11043,0.10852,0.10507,0.10246,0.10073,0.0992,0.09968,0.10056,0.10215094084509693,0.10536,0.19642,0.19024946234738102,0.18385,0.17684,0.16996,0.163378717866808,0.15673,0.1498401013268067,0.14317,0.1364,0.13012,0.12415,0.11887,0.11271
14-01-2026 11:50,25775.3,0.11506,0.114,0.10875,0.10564,0.10242,0.10038048447410725,0.09836452433524259,0.09677,0.09612,0.09572231037296716,0.09608,0.09743,0.09925,0.1031,0.19669,0.19148,0.18503,0.17804,0.17138,0.16455,0.15768,0.15144,0.14437,0.13776,0.13182,0.12587,0.12084,0.11592690461654052
14-01-2026 11:55,25774.6,0.11432683921077577,0.11031,0.10639,0.10405,0.10135736282687308,0.09915,0.09762,0.09612,0.09519,0.09483,0.09565,0.09697,0.099,0.10248,0.19695,0.19145,0.18547,0.17822,0.17173129196769246,0.16469,0.15785303149622928,0.15125,0.14432,0.1376,0.1318983001475245,0.12598,0.12121,0.11488
14-01-2026 12:00,25786.0,0.11914,0.11363,0.10792,0.1031,0.10041,0.09901,0.09688,0.09496,0.09519,0.09431,0.09502,0.09632,0.09834,0.10177,0.20120415115718301,0.19369,0.1862,0.1792,0.17253,0.1657,0.15897860401623445,0.15274,0.14553,0.13882,0.13311,0.12766708503360608,0.12270839218345402,0.11750486682370989
14-01-2026 12:05,25782.1,0.09027,0.09366,0.0915,0.09297,0.09146,0.09081,0.09084,0.09005,0.09074,0.09041,0.09152,0.09303,0.09522,0.09804177108513747,0.19731,0.1934,0.1859,0.1789,0.17183,0.16591,0.15874722080100104,0.15254,0.14555942826098148,0.1388,0.13323,0.12721,0.12212,0.1165
14-01-2026 12:10,25757.05,0.10055,0.10634,0.09609,0.09666,0.09423,0.09342,0.09262,0.09199682940161924,0.09217,0.09183,0.093,0.09477405593157724,0.09712,0.10096,0.19533,0.18983,0.18385,0.17681,0.1701,0.16392,0.15683707029645585,0.15027,0.14354428280429096,0.13719,0.1313140849745263,0.12564848928485342,0.12074,0.11576264240537998
14-01-2026 12:15,25735.55,0.13328,0.12758,0.1184,0.11589,0.11096,0.1068,0.10404,0.1013,0.10004,0.09863,0.09886,0.09992,0.10181,0.10407948241117015,0.19479,0.1881,0.18209,0.17545,0.16876440608060034,0.16153,0.15534,0.14846,0.14112,0.13424,0.12846637835828284,0.12224,0.11707,0.11081
14-01-2026 12:20,25771.55,0.1023,0.10241265563136907,0.1001,0.101,0.09756,0.09538,0.09424,0.09268,0.09315,0.09221,0.09321,0.09496,0.0973337018827918,0.10063,0.1981491371495601,0.19145161736546834,0.18486,0.17808,0.17138,0.1647,0.15779,0.15149,0.14413,0.1375,0.13194,0.12591,0.12073,0.1149
14-01-2026 12:25,25768.3,0.1056,0.09486,0.09505808149755363,0.09456980084448019,0.09506,0.09382,0.09249,0.09186620519943031,0.09157,0.09139,0.09257,0.0943,0.09665,0.1007,0.19718,0.19055,0.18462,0.17826,0.17113,0.16479,0.15784,0.15089562481993948,0.14397,0.13743,0.13211,0.12609,0.12103,0.11485
14-01-2026 12:30,25761.1,0.11558,0.11165,0.10489,0.103,0.10078,0.09835,0.09610730309390636,0.095,0.09442,0.09373,0.09423,0.09571682545346857,0.09815766397477203,0.10178,0.19663,0.19060794003477624,0.18428,0.17767,0.17053,0.16407002999374487,0.15721,0.15086,0.14382,0.13687,0.13141,0.12532299439773445,0.11991,0.11385
14-01-2026 12:35,25772.4,0.10931,0.10518702068329165,0.10127,0.09979594578357567,0.09876,0.09708,0.09512,0.09393815274024583,0.09361,0.09275,0.09373,0.09505,0.09732,0.10095,0.19727,0.19113026205210756,0.18476,0.17821,0.17132,0.16501,0.1584,0.15149,0.14413,0.13741,0.13187,0.12605,0.12072,0.11455
14-01-2026 12:40,25773.6,0.10821,0.10386,0.09096,0.09282,0.09216,0.09167,0.09025,0.09012,0.09045,0.09024,0.09158,0.09359,0.09584,0.09976,0.1968,0.19185,0.18489,0.17812,0.17105,0.16496,0.15756,0.15147,0.14452,0.13765,0.1325,0.12644,0.12137,0.11562
14-01-2026 12:45,25759.5,0.11368,0.11393,0.09807,0.09706,0.09416342604632941,0.09263985291417676,0.09285,0.09254,0.09219,0.09209,0.09296,0.09488,0.09709,0.10092,0.1954,0.18913,0.18278,0.17652,0.16967,0.16304,0.15649,0.15006,0.14284,0.13609,0.13091,0.1249,0.11999,0.11407
14-01-2026 12:50,25748.9,0.10486,0.10811,0.10082,0.09988,0.097,0.09505,0.09366,0.09266,0.09275,0.09235,0.09354,0.09521876505337373,0.09774,0.10059501424725939,0.19487,0.1883,0.18241,0.17587,0.16858,0.16249,0.15557,0.14939,0.14237,0.13565,0.12996,0.12425356698193206,0.11933,0.11358
14-01-2026 12:55,25745.55,0.11091,0.10232,0.10093,0.1015,0.09815,0.09708,0.09539,0.09436,0.09441,0.09361,0.09441,0.09609,0.09843,0.10213,0.19463,0.18844242358014457,0.18215,0.17539,0.16871,0.16212860510637936,0.15545,0.14925,0.14182,0.13512,0.12983,0.12381,0.11819086692328101,0.11285
14-01-2026 13:00,25748.1,0.09798,0.10045,0.09908109681054428,0.09678,0.09641,0.09472973184723153,0.09336281540104348,0.09184,0.09217,0.09207,0.09305663964830499,0.0947962063392247,0.09743,0.10028908017746918,0.19456,0.18828,0.18215,0.17563,0.16856,0.1621,0.15553,0.1495,0.14233,0.1363787109366415,0.13058,0.12426,0.1192,0.11346
14-01-2026 13:05,25745.45,0.11027,0.10808,0.10248,0.10342,0.10022,0.09776,0.09592600657600488,0.09438,0.09415,0.0935,0.094025548519604,0.09553734312189616,0.09809,0.1023,0.19438,0.18967,0.18242518513195569,0.17543,0.16875,0.16242,0.15559942361378148,0.14955,0.1421,0.13525,0.12955464254470525,0.12372021015356158,0.11864,0.11245
14-01-2026 13:10,25759.75,0.10591,0.09899392855717132,0.09268,0.09214,0.09087,0.09034,0.08910908080335103,0.08898621694428518,0.08954,0.08952,0.09095,0.09299,0.09590884961566928,0.09952,0.19555,0.18954,0.18293563124566017,0.17643,0.16959,0.16298,0.15629,0.14989,0.14319040273502293,0.13681314439901143,0.13063,0.12474267696780655,0.11923,0.11368
14-01-2026 13:15,25750.25,0.1123889744693919,0.10412,0.09486,0.09505,0.09208120629783026,0.09183,0.09094,0.09045,0.09071,0.090881261086599,0.09193236633199428,0.09384,0.09639,0.1006,0.19451,0.18906,0.18197731433895858,0.17521,0.168,0.16181,0.15514,0.14846,0.141835813951514,0.1353,0.12954105022172485,0.1237,0.11871,0.11297
14-01-2026 13:20,25735.95,0.09062837842729542,0.09088,0.09116,0.08927,0.08931,0.08892,0.08832,0.08861862874057275,0.08918,0.08953,0.091,0.09341,0.09618,0.10013,0.19369,0.18739,0.18099,0.17447,0.168,0.16147,0.15465055369066286,0.14818,0.14151,0.13560366380873842,0.1298,0.12422530914077544,0.11922,0.1135
14-01-2026 13:25,25715.5,0.10506935946548696,0.10317,0.09996,0.09726,0.09512031280206683,0.09414,0.0929,0.09245,0.09268,0.09269,0.09386,0.09613,0.09873063467595886,0.10205870154687857,0.19148,0.18548,0.17932,0.17288705187133402,0.16606,0.16005,0.15318,0.14687,0.13997,0.1340079953177811,0.12802,0.1223187013172347,0.11702,0.11145
14-01-2026 13:30,25717.15,0.09691374724364114,0.09475,0.09061,0.09135,0.09055,0.08991508760585297,0.08954,0.08944,0.09027,0.09078,0.09261,0.09503,0.09794,0.10129827053666363,0.19223,0.18563,0.17948,0.17315,0.16635546761829476,0.15974157715673723,0.15304,0.14662,0.14002,0.13347,0.12811,0.12246,0.11762,0.11212
14-01-2026 13:35,25708.2,0.05948,0.07823,0.08042,0.08431649555662216,0.08287,0.0858193217412572,0.08537,0.08643,0.08774,0.08909,0.09137,0.09426,0.09755,0.1022,0.19065,0.18439,0.1779974926292038,0.17168087142121002,0.16508,0.15979,0.15256,0.14732,0.13992,0.13409,0.12937,0.12376,0.11973,0.11569388230233923
14-01-2026 13:40,25665.9,0.10071,0.09837,0.09493,0.09387,0.09312,0.09264,0.09251,0.09227,0.09331,0.09393,0.09605,0.09887,0.10199,0.10561134366578319,0.18757,0.18096,0.17549,0.16884,0.16204,0.1559,0.14907,0.14353,0.13648,0.13084,0.12553,0.12008,0.11569,0.1107
14-01-2026 13:45,25656.25,0.10367,0.10529,0.10202431600773182,0.0999,0.0979,0.09681,0.09591,0.0953,0.09579,0.09621,0.0977684843873585,0.10021630860304288,0.1034598899036431,0.10792,0.18711,0.18019,0.17471,0.1681309800497106,0.16170876826712283,0.15523,0.14879882131606087,0.14238,0.13615105989963433,0.130128380644848,0.12437123626321525,0.1186,0.11398,0.10875
14-01-2026 13:50,25665.25,0.08603,0.08404,0.08659460816833808,0.08744,0.08794224234802336,0.08812,0.08863,0.08953,0.09086,0.0925,0.095,0.09812563358796668,0.10184,0.10613,0.18786,0.18174,0.17618,0.16967,0.16278,0.15688,0.14995,0.14441,0.13772,0.13229,0.12693,0.12203,0.11809,0.11319
14-01-2026 13:55,25642.0,0.10195148017521748,0.10086,0.09857,0.09824,0.0967,0.09515,0.09469,0.09448,0.09544,0.09621,0.0981543965232161,0.10106,0.10456,0.10902,0.18602961413967709,0.18037,0.17471,0.16832,0.16115,0.15548,0.14814,0.14237,0.13597064897223163,0.12968,0.12442,0.11939148464635622,0.11485,0.10964
14-01-2026 14:00,25653.3,0.09106,0.09305,0.09194,0.09174,0.09191,0.0917,0.09176,0.09207,0.09317,0.09423,0.09663,0.0998,0.10317,0.10783,0.18944140080418015,0.18282106071955548,0.17613,0.16951,0.16215,0.15569,0.1491628013026032,0.14296587967135216,0.13705,0.13132,0.12603,0.12032,0.11666,0.11162
14-01-2026 14:05,25642.2,0.10860337584435256,0.10608,0.10346,0.1008,0.09905,0.09719696885505491,0.09658,0.0961572131937271,0.09667,0.09731,0.09943,0.10212,0.10515,0.10957,0.18748,0.18169,0.17510396761077798,0.16858,0.16157,0.155298444952766,0.14877,0.14293,0.13565,0.13011025340196544,0.12451835802945321,0.11904,0.11449,0.10944
14-01-2026 14:10,25650.55,0.11123,0.10818,0.10361,0.10363,0.10124,0.09869512109051924,0.09766,0.09692,0.09754,0.09775,0.09953,0.1022,0.10529,0.10937,0.18791,0.18165,0.17572,0.16891,0.16225317324509358,0.15548,0.14853,0.14219,0.13568,0.129,0.12353155771080733,0.11783,0.1132,0.108
14-01-2026 14:15,25666.25,0.09477,0.09346380732027512,0.09021,0.09398,0.09103,0.09079,0.09055,0.09120633704415489,0.09210971314862967,0.09333,0.09585,0.09888,0.10243,0.10658873604803039,0.1892,0.18297,0.17661,0.17028,0.16316,0.15707,0.15028,0.14447,0.1376508613747675,0.13139,0.1261,0.12108,0.11656,0.11181
14-01-2026 14:20,25637.25,0.09594,0.09529,0.09429,0.09333,0.0932,0.09245,0.09228,0.09263,0.09413,0.09507,0.09762,0.10069,0.10407,0.10859,0.18715,0.1816,0.17531,0.16882,0.16174,0.15595,0.1491464871863896,0.14326,0.13611,0.13071,0.12553,0.1204355884622549,0.11614,0.1118815058783029
14-01-2026 14:25,25618.75,0.11219,0.10809,0.10566,0.1036,0.10112298014515286,0.09998,0.09881,0.09824,0.09913,0.09998407930939328,0.102,0.10473,0.10795,0.11216,0.18621344835163506,0.18008,0.17398,0.16744,0.15996,0.15398,0.14712,0.14151,0.13442,0.12884,0.12349,0.11826,0.11355,0.10886
14-01-2026 14:30,25626.9,0.10999,0.11111,0.10746131079098316,0.10374,0.10118,0.09924,0.09838,0.09794,0.09835237074531442,0.099437646272,0.10151,0.10444,0.1078687205708832,0.11191293471525547,0.18745,0.1814825516768588,0.17513,0.16836,0.16088,0.15444823061723434,0.14774,0.14136180853751418,0.13513,0.12921,0.12382,0.11804,0.11255201303448946,0.1070761335810169
14-01-2026 14:35,25635.8,0.12229,0.11516,0.11152,0.10711705744216007,0.10454,0.10167,0.10004,0.09921283161831101,0.09944,0.09981,0.1019,0.10451,0.10759039320678321,0.11165,0.1871,0.1813,0.1748938977822296,0.16836,0.1615,0.15513608200816442,0.1483,0.14255,0.13502,0.12908,0.12364,0.11828,0.11329,0.10781
14-01-2026 14:40,25660.55,0.11727,0.10852,0.10571239024095974,0.10285,0.10016,0.09882,0.09724569076218323,0.09656,0.09711,0.09738,0.09949,0.10216,0.10515,0.10935,0.1897,0.18509,0.17715,0.17051,0.16369,0.15693745959886699,0.15005211438751775,0.1433894528188641,0.13687,0.13080249813874753,0.12494091099293138,0.11945,0.11421691099252859,0.10926
14-01-2026 14:45,25696.2,0.10274,0.09888,0.09845455186589197,0.09745838329247031,0.09661,0.09562,0.09455903213736591,0.09361,0.09452,0.0952732122912761,0.0971268298509672,0.09971204448817879,0.10308,0.10702,0.19234,0.18584,0.17971,0.17297,0.16607,0.16036,0.15297,0.14616658822434292,0.13961,0.13304,0.12717697610213752,0.12184,0.11678,0.11202189741035581
14-01-2026 14:50,25697.1,0.10864308427617367,0.10479,0.10023,0.09933,0.09631,0.0948476065255831,0.0939348608114305,0.0936,0.09423,0.09482,0.09688,0.09918206154564756,0.10241,0.10623,0.19216,0.18568,0.17935,0.17286,0.1656,0.15962,0.15271983005491482,0.14629,0.13970961276729243,0.13314,0.12776,0.12197368637078712,0.11689,0.11105
14-01-2026 14:55,25696.05,0.09894,0.09665997959294294,0.09433676606878355,0.09216,0.0915324599524738,0.09065,0.09068,0.09041,0.09135,0.09226,0.09483,0.09741,0.10085973849559808,0.10479,0.19065,0.18713,0.17834,0.172472522361093,0.1655874392365138,0.15886,0.15208,0.14621,0.13914770687100442,0.13274,0.12701968308620362,0.1217,0.11692,0.11240382595681783
14-01-2026 15:00,25666.15,0.10545,0.10721,0.10359,0.10214,0.09894,0.09703,0.0959216839929661,0.09541,0.09563,0.09602,0.09841,0.10077,0.10414,0.10821,0.18941,0.18161,0.17703,0.17046,0.16314,0.1569649063994034,0.15014,0.14397,0.13713,0.13138041205772538,0.12537,0.11968,0.1144,0.10874
14-01-2026 15:05,25690.25,0.07851,0.09021,0.08915,0.09128,0.09116,0.09067,0.09081,0.09139,0.09267,0.09359,0.09631,0.09894507656605137,0.10261,0.10675,0.19082,0.18492482750266087,0.17908,0.17234,0.16507,0.15907,0.15225943494138106,0.14637,0.13923,0.13364,0.12799892954462216,0.12283,0.11837,0.11334
14-01-2026 15:10,25672.65,0.09847,0.09817,0.09722,0.09618872410180758,0.09517,0.0947,0.09444,0.09436,0.09494,0.09609,0.09819334470122174,0.10099,0.10445,0.10834,0.18913,0.18298,0.17669,0.17009261950397694,0.16318,0.15736,0.15017,0.14421135683852246,0.13802,0.13231,0.12719,0.12193954883242346,0.11733,0.11239
14-01-2026 15:15,25654.0,0.11178,0.10719,0.10592,0.1027453915635589,0.10052,0.09908,0.09815,0.09765996574197436,0.09775,0.09870213008390266,0.10062,0.10284,0.10571,0.11003,0.1885,0.18147,0.17584,0.16886,0.16139,0.15588,0.1489850993316133,0.14301,0.13577,0.13044647960917125,0.12509,0.11969,0.11511,0.11076549424417732
14-01-2026 15:20,25659.6,0.11563,0.1131,0.10901,0.10678,0.10388,0.10162,0.10026,0.09934,0.09887,0.09973193912365333,0.10162,0.10362183361619674,0.10667026689866163,0.11045,0.18926,0.18298,0.17657,0.16936,0.16209,0.15706,0.14917,0.14312896275229137,0.13668,0.13113,0.1253925534280681,0.11996,0.1153,0.11002
14-01-2026 15:25,25670.6,0.10430319431550078,0.10381,0.10346,0.10035,0.09914,0.0972,0.09624,0.09617,0.09556,0.09666,0.09979,0.10179,0.104672523703566,0.1075639739329738,0.19156,0.18418750037757242,0.17797,0.16772,0.1662,0.15985,0.15004,0.145,0.13900517767221104,0.13353,0.12719,0.12262,0.1184,0.1141977005231835
16-01-2026 09:15,25709.45,0.14811,0.13601,0.13172,0.12472,0.11844,0.11432,0.11076,0.10759,0.10674676884522845,0.10396939248526745,0.10516,0.10618,0.10852,0.11261,0.19829,0.19189,0.18628,0.17882212859490243,0.17230472088928014,0.1650473058190816,0.15732,0.15113,0.14345,0.13686,0.13103670371233134,0.12493,0.11889253225698096,0.11341
16-01-2026 09:20,25731.8,0.12277603559016725,0.11626,0.11219925082644819,0.10672,0.10463,0.10188650566693207,0.09945,0.09803,0.09794077603609531,0.09736,0.09879,0.1004,0.10317,0.10711,0.2002,0.19314,0.18643,0.17841983548327703,0.17063,0.16466,0.15757078116416376,0.15158,0.14431906378727388,0.1377,0.13216,0.126,0.12049205075280235,0.11561
16-01-2026 09:25,25713.95,0.13856,0.12875498912952965,0.12231,0.11478,0.11029151975053433,0.10721,0.10394,0.10164,0.09945,0.09887,0.09971,0.1007192843506758,0.1032,0.10567577940077025,0.19718,0.19095,0.183,0.17458,0.16717,0.16118,0.15412,0.14773,0.1409850843941185,0.13472602102208725,0.12856,0.1223,0.11729,0.1114
16-01-2026 09:30,25717.25,0.12074,0.11467,0.10708,0.10554972299844234,0.10414,0.10042634768091471,0.09836,0.09650626133545305,0.09524845162511564,0.09457,0.09555,0.09727,0.09987,0.10408,0.19554570692045037,0.18833,0.1813,0.17333,0.16636,0.15943518134321993,0.15260767499985903,0.14636,0.13917,0.13305,0.12774,0.12205413510807528,0.11695,0.11172562244967449
16-01-2026 09:35,25703.5,0.12154,0.12388,0.11176,0.10671,0.10359,0.10087,0.09855,0.0969,0.09574,0.09533,0.09651,0.0982222845233567,0.10103528127118248,0.10491,0.19475,0.1872,0.1815,0.17414273867766608,0.1670960813020234,0.16004,0.15277,0.14565,0.13886,0.13325,0.12704087550399484,0.12168,0.11707,0.11245984443205428
16-01-2026 09:40,25700.0,0.14571,0.13989,0.1281,0.12149,0.11634,0.11163,0.10743,0.10347980714536462,0.10102,0.09973,0.09978,0.10071,0.10264,0.1052264408168811,0.1957,0.18768,0.18089,0.17314,0.16635881027343127,0.15925448611197038,0.15311,0.14438,0.13719,0.13049,0.1244,0.11798,0.11307,0.10711
16-01-2026 09:45,25718.5,0.13848,0.13252,0.12600183233904794,0.12012,0.11514,0.11078,0.1061,0.1033,0.10097183852695926,0.09961062442974411,0.09937,0.10053,0.1021,0.10583,0.19647,0.18968843458886153,0.18317,0.17508,0.16795,0.16145,0.15485,0.1463214124862472,0.13866,0.1313,0.12490772892677862,0.1187329925091487,0.11363,0.1077
16-01-2026 09:50,25745.0,0.13175,0.12499,0.11837,0.11341008410961985,0.10832146238086475,0.1047480035076839,0.10126363658234672,0.09899,0.09710218344262096,0.09574,0.09589911366436438,0.09708,0.09913,0.10256,0.19912,0.19272370646692447,0.18614,0.17893,0.1719566040466923,0.16483,0.15817,0.14905,0.14158,0.13425,0.1278,0.12110590070834404,0.11573,0.10952
16-01-2026 09:55,25750.1,0.12116,0.11645028485165833,0.11099812281652499,0.10701278679895315,0.10247,0.09996559753005982,0.09694,0.09492060783473602,0.09362915386299088,0.09265,0.09316,0.0946,0.09679993671900121,0.09938647340010426,0.20042092172974124,0.19348,0.1865844719979832,0.1794,0.17254617052327537,0.16556,0.15846,0.15026464948756837,0.14261,0.13492,0.1286,0.12168467181168158,0.11587395504611947,0.11059
16-01-2026 10:00,25740.5,0.14949,0.14199,0.1312585242649686,0.12292,0.11662,0.11173,0.10763,0.103531899034606,0.10095476902296792,0.09937,0.0992,0.10044,0.10237408845256701,0.104922779844158,0.2,0.19269,0.18624413709940907,0.17918,0.17187,0.16518,0.15801,0.14887,0.14153,0.13353,0.12685,0.12,0.11433,0.10793
16-01-2026 10:05,25754.15,0.14244,0.1307,0.12569,0.11996,0.11346,0.10926665039320868,0.10556,0.10204,0.09952,0.09822,0.09824,0.09963,0.10192695955065956,0.10457973480443927,0.19997,0.19314,0.18707619087913213,0.18045501995727367,0.17338,0.16645,0.15825764098513362,0.15018,0.14269,0.1349,0.12799,0.12135,0.11577,0.11049509745089767
16-01-2026 10:10,25768.1,0.15031,0.14015064782901238,0.13218,0.12358,0.1181237483065953,0.11277,0.10856,0.10474,0.10237,0.10067660269119696,0.0998,0.10087,0.10316889146944722,0.10645,0.20237,0.19605739203953204,0.18954,0.18223,0.17517,0.16822,0.16104,0.1521,0.14493,0.13691,0.13003393352085432,0.12319,0.11695,0.11015
16-01-2026 10:15,25809.45,0.17053,0.15802712903939287,0.14845,0.13976,0.13346,0.12639,0.12041,0.11533,0.11258,0.10915,0.10741,0.10778,0.10879,0.11139,0.2062850875607709,0.20007,0.19377,0.18647,0.17941,0.17247,0.16445483076833536,0.15655563290441973,0.14892,0.14084,0.13404,0.1272,0.12082,0.11367
16-01-2026 10:20,25841.8,0.15819,0.14716,0.13899,0.13187,0.12373,0.11897146251551614,0.11434,0.11021953901698288,0.10763,0.10463,0.10322,0.10351,0.10453420246928886,0.10678,0.21063461725544094,0.2039,0.19723,0.18991,0.1831,0.1760172754374426,0.16939,0.1611115787409632,0.15362,0.14545,0.13865215089001068,0.13178,0.12547,0.11796
16-01-2026 10:25,25852.75,0.16242,0.14949,0.1382932464638719,0.12939,0.12252,0.11715,0.11283,0.1087,0.10499256498588064,0.1027,0.10127,0.10126,0.10209,0.10456,0.2119,0.20486,0.19814191199080078,0.19119,0.18415279429576306,0.17689760898800322,0.17022,0.16149,0.15449261742016202,0.14685,0.14009,0.13271,0.12637,0.11887
16-01-2026 10:30,25857.6,0.15034,0.13945,0.13079,0.12430824530724335,0.11883,0.11293,0.10892,0.1052,0.10288,0.10016,0.0989,0.09916,0.09982,0.10275,0.21194,0.20495,0.19833,0.19135,0.1841800126122623,0.17715,0.1695236745488531,0.16177,0.15466,0.14751,0.14049581305037256,0.13347,0.12712,0.11996
16-01-2026 10:35,25863.75,0.1489395052412933,0.14056,0.13121,0.12583,0.11876801127983533,0.114,0.10955,0.10609,0.10326,0.10069,0.09935,0.0992289658342741,0.10032621309233385,0.10294,0.21288,0.2055,0.19882635723503478,0.19191,0.18503561624334994,0.1782,0.17108,0.16276,0.15562,0.14813,0.14179,0.13460831058215397,0.12811,0.12155436545807217
16-01-2026 10:40,25871.4,0.11897,0.11633,0.10899,0.10727,0.10349,0.10199,0.0993,0.09705,0.09528,0.094,0.09401762919132199,0.09435,0.09576,0.09883,0.2123556659606602,0.20618,0.1999,0.1929,0.1860437920722144,0.17892,0.17202,0.1635,0.15638,0.1493544270817663,0.14258,0.13559013218812582,0.12916,0.12225
16-01-2026 10:45,25855.55,0.13514358678622398,0.13244,0.12971,0.12357,0.11755,0.11201,0.1082,0.1044,0.10165,0.09939,0.09839,0.09844,0.09942,0.10234,0.21211330525042565,0.20522,0.19840512645336977,0.19125,0.18446,0.17775,0.16998956868249362,0.16223,0.15520344888280693,0.14768,0.14126,0.13422022966997038,0.12765,0.12038
16-01-2026 10:50,25847.05,0.14577,0.13897,0.129592522305618,0.12192,0.11503,0.11031,0.10605,0.10261,0.10005,0.09817,0.09713,0.09763509091486185,0.09903837540654317,0.10168,0.2108,0.20382,0.19754,0.19054,0.18328302905301813,0.17597370486116404,0.16863396580246603,0.16107,0.15400442629043717,0.14671,0.14015,0.13314,0.12674,0.11969
16-01-2026 10:55,25842.9,0.14318,0.1324,0.12337957088850225,0.11551,0.11107,0.10684,0.10291561304377804,0.100123510870556,0.09825,0.09666511672045505,0.09575,0.09636,0.09761,0.09944150753335451,0.21182651137436265,0.20436407932649697,0.19721,0.18991,0.18287,0.17618,0.16946,0.1609,0.15371,0.14662,0.14015,0.1331481907059383,0.1265,0.1194
16-01-2026 11:00,25831.1,0.14914,0.13678273270379548,0.12683,0.1186,0.11283,0.10897,0.10495,0.10159,0.09891146444899125,0.09715048629739229,0.09635,0.09695,0.09832,0.10148,0.20992,0.20217,0.19686,0.1892,0.1821,0.1756,0.16782584958037475,0.1602,0.15294,0.14593,0.13922,0.13217923459324737,0.12550525132799195,0.1189
16-01-2026 11:05,25828.0,0.15898,0.14145,0.13754,0.1275,0.11895,0.11351,0.10883,0.10513,0.10239,0.09981779870729922,0.09879,0.09902,0.09998,0.10281,0.2093,0.2023,0.1963,0.18895,0.18185,0.17460606469343226,0.16728552304400476,0.15993,0.15249,0.14534,0.13853,0.13165,0.12519,0.11890967992134427
16-01-2026 11:10,25825.7,0.13287,0.12163,0.11516,0.11241,0.10781,0.10493,0.10155726553395686,0.09914,0.09707358753756713,0.09583,0.09518,0.09622,0.09783,0.1011,0.20835,0.20105,0.19449444396291424,0.18761,0.18088,0.1747,0.16794,0.15954,0.15263,0.14559,0.13948,0.13255,0.12667,0.12009
16-01-2026 11:15,25823.0,0.1348,0.11791,0.11802,0.11308,0.10815,0.10492,0.10139226825399814,0.09876,0.09692,0.09503,0.09503926083103723,0.09583,0.09765,0.1011,0.20775,0.20051411336156497,0.19365,0.18588,0.17904,0.17256,0.16557,0.15775,0.15125597429123314,0.14429,0.13832,0.13183,0.12611,0.11987
16-01-2026 11:20,25813.0,0.1374,0.12177,0.12075,0.11476,0.10972,0.10533,0.1025,0.09935218781429164,0.09729883057484204,0.0959,0.09583564645459149,0.09673,0.0982,0.1015,0.2053658289977992,0.19854,0.19192583306425454,0.18506906599384815,0.1779,0.17119,0.16423,0.15643,0.14972,0.14286,0.13693,0.13046911547618326,0.12445,0.11825
16-01-2026 11:25,25811.55,0.14089,0.1292,0.12487,0.11889,0.11332,0.10936,0.10597,0.10248,0.1002,0.09808,0.09763,0.09789899472271023,0.09942,0.10261,0.20686,0.19845,0.19273,0.18494,0.1780915580465573,0.17108,0.16435,0.15612,0.14943,0.14258,0.1360882223552059,0.12987,0.123625371391811,0.11761
16-01-2026 11:30,25823.8,0.15411,0.113,0.11435,0.10898,0.10259247885301723,0.102,0.09995,0.0975,0.09647,0.09487,0.09483,0.09594,0.09743,0.09930757925822602,0.20831,0.19913,0.19347,0.18572,0.17835,0.17133294484743533,0.16483,0.15688,0.15027,0.14366,0.13741,0.13085,0.12501,0.11873
16-01-2026 11:35,25810.0,0.12446,0.11930608683544719,0.11493,0.11056606970783915,0.10626,0.10419,0.10133,0.09905,0.09732,0.09597,0.09578663992662823,0.0965,0.09825,0.10142,0.20388,0.19723,0.19164,0.18424,0.17716,0.17024,0.16336,0.1559903240240955,0.14879,0.14201,0.1359188880102368,0.12997,0.12389,0.11763
16-01-2026 11:40,25806.75,0.1389,0.12465,0.11794,0.11113713462159211,0.10622,0.10315,0.10062,0.09812,0.09705,0.09571207928272664,0.09532,0.09634,0.09806,0.10154,0.2045,0.19813,0.1924,0.1843,0.1769,0.16997,0.16277328392328577,0.15568216512788788,0.14868,0.14202,0.13598,0.12931,0.12373,0.11758
16-01-2026 11:45,25794.7,0.14051,0.13091,0.12307432177794561,0.11682,0.1107,0.10674,0.10367,0.10097,0.09913,0.0973,0.0968,0.09763,0.09919,0.10272,0.20353,0.1979,0.19172,0.18358,0.17642,0.16940533382966894,0.16245,0.15443,0.14754,0.14069,0.13437,0.12782,0.12173123568464468,0.11579
16-01-2026 11:50,25794.65,0.14526,0.13098,0.12389,0.11648573261551164,0.1119,0.10766,0.10416,0.10134,0.09948,0.09772,0.0971,0.09817,0.09991,0.10361,0.20397,0.19776185799362986,0.19142,0.18361,0.17616,0.16919965360696074,0.16225,0.15425,0.14738,0.14055,0.13438,0.12772,0.12185,0.11541
16-01-2026 11:55,25797.25,0.11631,0.11333,0.10804,0.10403,0.10069,0.09881,0.09713,0.09555,0.09487,0.09344,0.09450102761306466,0.09565,0.09765,0.10157,0.20337,0.1978,0.19074133131133397,0.18355,0.17697,0.17019,0.16317,0.1555417749152826,0.14836,0.1416,0.1350154689745741,0.12902,0.12304611504243755,0.11743091042561252
16-01-2026 12:00,25774.5,0.15236748015471122,0.14442,0.13569,0.12757,0.12104,0.11543,0.11063,0.10685,0.1044,0.10161,0.10115859446685209,0.10162,0.10292,0.10615,0.20194,0.19518940950030583,0.18821953751091938,0.18098,0.1740758295777328,0.16691,0.15963822186357676,0.1524,0.14513,0.1386,0.132279335190104,0.12603275956073481,0.12011,0.11355
16-01-2026 12:05,25790.15,0.14882406590679506,0.14723,0.14572,0.13608,0.12841,0.12167,0.11576,0.11112988607484799,0.10792,0.10457,0.10314,0.10357,0.10446,0.10716,0.2029208384796123,0.19612,0.18942,0.18174,0.1747491815932366,0.16733,0.16055,0.15316532788428128,0.14594,0.13939,0.13266153795433352,0.12604,0.11984915108206765,0.1138
16-01-2026 12:10,25810.95,0.15056,0.14557613634849856,0.14114,0.13138,0.12354,0.11753,0.11279991497344984,0.1085,0.10518028929871123,0.102815219195099,0.1017,0.10199,0.10283,0.10549,0.20417,0.19712,0.19123,0.18259,0.17569,0.16842,0.16154,0.15399,0.14702,0.1405,0.13383467174560296,0.12742,0.12188,0.11644712229981832
16-01-2026 12:15,25821.3,0.13938,0.13234,0.12675,0.11879,0.11084,0.10838,0.10431208922570792,0.1012,0.09915408887777605,0.09792,0.0971,0.0978,0.09951,0.10262,0.20592,0.19919,0.19139238959238591,0.18384,0.17603,0.16828,0.16178,0.15432,0.14768341281105124,0.1412,0.13481823657743605,0.12869061930419917,0.1227120472402213,0.11702
16-01-2026 12:20,25815.75,0.14513,0.1334,0.12447636625084613,0.11959,0.11265235462486037,0.10836609908102621,0.10576,0.10238,0.1004,0.09856,0.09786,0.09855,0.09994,0.10298,0.20463,0.197995903544562,0.19134,0.18306,0.17587,0.16858614441909134,0.1613,0.1542029950811954,0.14733,0.14068,0.13489,0.12865510107821185,0.12264,0.11623
16-01-2026 12:25,25811.0,0.07388,0.07556,0.07403,0.08059,0.0818,0.08406,0.08529,0.08605,0.08702,0.08707,0.08859,0.09116,0.09449038678477219,0.0983,0.20228874687669932,0.19641,0.19061,0.18234,0.17548,0.1685,0.16209,0.15489493044752337,0.14875,0.1423987340021759,0.13670689473985542,0.13181,0.12634294587546724,0.12143309659161562
16-01-2026 12:30,25738.6,0.15064,0.14403,0.13703,0.12998,0.12139,0.11635,0.11184,0.10782,0.10574,0.10304,0.10235,0.10337,0.1046,0.10804,0.19948567169957043,0.19115,0.18304,0.17546,0.16765,0.16045,0.1535990069124635,0.1465,0.14012095821713708,0.1333,0.12759,0.12143,0.11626,0.11068
16-01-2026 12:35,25771.0,0.13271,0.11957,0.11999,0.11437,0.10998025945344081,0.1062065843374051,0.10300097443852545,0.10066944481607044,0.09866135268382789,0.09743,0.09773618770453,0.09898,0.10074,0.10431,0.20363088133834603,0.1946785482917401,0.18619,0.17795,0.1699,0.16309,0.15609,0.14932,0.14276,0.13619,0.1304020909140478,0.12469,0.11993,0.11418
16-01-2026 12:40,25768.5,0.12128534287825432,0.11783,0.11523,0.11094,0.10513,0.10293,0.10049,0.09886207413639413,0.09773,0.09643,0.0967,0.09827,0.10039,0.10439,0.20205787573283507,0.19373,0.18564,0.17742,0.17032,0.16289,0.15638,0.14954,0.14292,0.13661,0.13136,0.12545,0.12058,0.11512
16-01-2026 12:45,25759.4,0.13574,0.12873,0.11727,0.11155,0.1062,0.10337745317079562,0.10183,0.09921693442055125,0.09776598349754528,0.09762,0.09773,0.09932639074009121,0.1015,0.10533,0.19968,0.1918,0.1840864139155663,0.17633,0.16985,0.16292,0.15605,0.14955,0.14262,0.13604,0.13024543810484923,0.1246,0.11957,0.11427
16-01-2026 12:50,25750.05,0.15113,0.1299,0.13151,0.12439,0.11706,0.1124,0.10845,0.10559,0.1026978087997294,0.10154,0.10127417196466469,0.10258,0.10427,0.10777,0.19893,0.19105,0.18448,0.17589,0.16936,0.16186561990659346,0.1545,0.14786,0.14082,0.13403,0.12818,0.12194,0.1167,0.11113
16-01-2026 12:55,25759.95,0.13098,0.11788,0.10878,0.10496060469951751,0.10147,0.10013,0.0977171332838076,0.09701,0.09661,0.09593,0.09607,0.09866,0.10065,0.10459,0.20021,0.192357508290321,0.18499,0.1771,0.17085,0.16355,0.15686,0.14965,0.14307,0.1367412551015008,0.13093,0.12519163754730145,0.1202,0.11467
16-01-2026 13:00,25740.05,0.11584,0.11504,0.11065200181678965,0.1065,0.10353,0.10136,0.09962,0.09801973500559072,0.09726225510666679,0.09708,0.09784,0.09999,0.1022,0.10614,0.19823168295621382,0.19105,0.18404,0.17607,0.16912,0.16179,0.15459,0.1476,0.14118,0.13473092323771166,0.12892980257418182,0.12322,0.11839,0.11323
16-01-2026 13:05,25723.25,0.13718,0.1279862696598423,0.12073,0.11549,0.11086,0.10673,0.10355,0.10198,0.10077,0.0998,0.10027,0.10199,0.10432,0.10812,0.19679,0.18752,0.18262,0.17443549851924994,0.16707,0.15978,0.1526,0.14583,0.13886,0.13222,0.12679,0.12034,0.11536139558775398,0.11048
16-01-2026 13:10,25717.95,0.1310666595625391,0.12359,0.11648,0.11189,0.10762,0.10473,0.10199,0.10044,0.09986,0.09863,0.09951,0.10155,0.10385,0.10775,0.19595,0.18846,0.18113,0.17322,0.16633,0.15906,0.1519,0.14494,0.13801,0.13187,0.12626,0.12043,0.11581,0.11036
16-01-2026 13:15,25715.5,0.12546,0.12116,0.11565,0.1126,0.10896,0.10405,0.10198025294560688,0.09984,0.099,0.09882089389829704,0.09953103451933386,0.10146,0.10356,0.10763,0.1959212981300588,0.18828,0.18058,0.17307791097272618,0.16584,0.15805,0.15146,0.14411,0.1376567454035741,0.13131465038410128,0.12538,0.11965,0.11476,0.10943
16-01-2026 13:20,25705.4,0.12947,0.11802,0.11258,0.10834,0.10478706535260095,0.10232,0.10035,0.09896,0.09863,0.09863013118749508,0.09917,0.10128,0.10405,0.1082,0.19409,0.18625,0.17938,0.17117,0.16438,0.1572512598346881,0.15032,0.14401,0.13719,0.13099974853305976,0.12549,0.11984,0.11567,0.1114785689140519
16-01-2026 13:25,25670.15,0.13959271367467874,0.13336212493914246,0.12849,0.12230085190848869,0.11803,0.11384,0.10975772140813951,0.10745,0.10562,0.10372,0.10444,0.10609,0.10850158969203143,0.11192940412341404,0.19162,0.18412465436047998,0.17675,0.16848,0.16129,0.15448043889780497,0.14761154779478303,0.14091,0.13484,0.12774,0.12256,0.11649,0.11182,0.10669
16-01-2026 13:30,25701.15,0.1274961890389318,0.12167,0.11776,0.11068,0.10665,0.10372,0.10152,0.10011,0.09928,0.0984,0.09946,0.10177,0.10453,0.10864,0.19291,0.18635,0.17807132791726343,0.17016,0.1633713194830362,0.15684,0.1498253197366972,0.14324,0.13718,0.13102,0.12596,0.12036391797605299,0.11543865662136948,0.11092
16-01-2026 13:35,25687.3,0.14434,0.13011,0.12208,0.11664360650151945,0.11418,0.11021,0.10674,0.10463,0.10289,0.10208812180750501,0.10239,0.10459,0.10703699392590968,0.11112,0.19179,0.18521,0.17755,0.169,0.16225,0.15562,0.14855508570311618,0.14202899398312427,0.13532,0.1298,0.12427,0.11899328757330982,0.1141,0.10873
16-01-2026 13:40,25701.3,0.1299596707757591,0.12099940510894266,0.11376,0.10739,0.10685,0.10394,0.10172,0.10015241134307631,0.09912878023518251,0.09871,0.10006282257658025,0.10235,0.1049,0.10801351509517972,0.1943,0.18625463793518415,0.17877,0.17057,0.16381,0.1569,0.15027,0.1438032585467477,0.13759,0.13161407566227104,0.12613,0.12059,0.11633,0.1111
16-01-2026 13:45,25699.7,0.1373,0.13042,0.11779,0.11529,0.10943,0.1053,0.10285,0.10143,0.10042,0.09952,0.10051,0.10286,0.10561,0.10982,0.1942,0.1862833168144591,0.17866,0.17052240863742293,0.16244,0.15595,0.14943,0.14283516265636165,0.13674,0.13033,0.12474,0.11878,0.11483,0.10907
16-01-2026 13:50,25712.85,0.096,0.09541,0.09935,0.09913,0.09681,0.09661,0.09558,0.09552188675349431,0.09548043470268036,0.09559,0.09745,0.10022,0.10331,0.10789,0.19489,0.18785,0.18054,0.17231,0.16487,0.15825,0.15232,0.14546,0.13945,0.13367169957847516,0.12872,0.1229,0.1191,0.11438
16-01-2026 13:55,25689.85,0.12024,0.11693,0.11188,0.10916,0.1054,0.1030287296049575,0.1014,0.10011,0.09981,0.0996558108057325,0.10065,0.10302,0.10586,0.11021,0.19343,0.18606205915576274,0.17932,0.17,0.16355850218807036,0.15651908285071436,0.14998,0.1431,0.13705,0.13101,0.12583,0.12037,0.11563278567776605,0.11085
16-01-2026 14:00,25681.95,0.12937,0.1228,0.11186,0.10728,0.10449,0.10222,0.10041,0.09939,0.0985801967307131,0.09873,0.1004,0.10286,0.10605,0.11042,0.1928,0.1849,0.17867,0.16968,0.1625,0.15605,0.14951,0.14269341177443454,0.1363,0.13023,0.12524,0.12053128771485437,0.11638651918177592,0.11229601689663676
16-01-2026 14:05,25682.85,0.11697,0.10862,0.1064,0.10270628349325915,0.10009,0.09877,0.0975438768422815,0.09708,0.0973,0.09791006993176603,0.09919,0.10199,0.10529,0.10988,0.19376,0.18657,0.17982,0.17173576383649755,0.16379,0.15719,0.15029,0.14367,0.13742,0.13134,0.12618,0.1206,0.11655,0.11155
16-01-2026 14:10,25684.7,0.12427,0.11599,0.11313,0.10868374659916653,0.10579,0.10318,0.10086,0.09999,0.09936,0.09903,0.10061,0.10323,0.10645656067585477,0.11047772258790349,0.19436,0.18752,0.18102,0.17225,0.16485,0.15764,0.15094,0.1438985550321868,0.13746,0.13112,0.12593,0.12005,0.11561,0.11123394177552035
16-01-2026 14:15,25676.95,0.1296,0.11748,0.11738,0.11117982692664011,0.10781,0.10494,0.10251,0.10111,0.10068,0.1001,0.10156,0.10398,0.10693,0.1114,0.1929,0.18651,0.18004,0.17128,0.16389,0.15694752233578704,0.15001,0.14276,0.13655806565918183,0.13007,0.12489,0.1192780779381904,0.11431,0.10882
16-01-2026 14:20,25689.4,0.13376,0.12117,0.11415,0.11165,0.10693,0.10432,0.10156,0.10039,0.09925900982177494,0.09924,0.10062,0.10271500398555095,0.10594,0.11044,0.19482,0.1876,0.18081,0.17175,0.16485998832642376,0.15734,0.15051,0.14377,0.13728,0.13077,0.1251169562195061,0.11961,0.11523,0.1110439302521672
16-01-2026 14:25,25707.1,0.10563,0.10337,0.09999,0.10054688965125003,0.09989,0.09852,0.09679,0.09635,0.09596,0.09605,0.09786,0.10066,0.10379,0.10791063392978593,0.19591,0.18924969629256766,0.18305,0.17365,0.16691,0.15974,0.15263,0.14607,0.13954,0.13287,0.128,0.12215431816184487,0.11732,0.1122321144846942
16-01-2026 14:30,25688.2,0.1291,0.12584,0.11783,0.11225,0.1086,0.10543,0.10269,0.10131,0.10008,0.0997,0.10106,0.1029192275123974,0.10627,0.11062,0.19364115180085423,0.18678,0.18041,0.1717,0.16468,0.15744224948396426,0.15022,0.1435,0.13669,0.13054,0.12518,0.11931,0.11504,0.10955
16-01-2026 14:35,25708.0,0.0988,0.10515163074002301,0.10769,0.10343,0.10132,0.09913,0.09727,0.09646001414759679,0.09596,0.0962561161729222,0.09733273292104182,0.0994074821158696,0.103,0.10683636265272535,0.19607571217863953,0.18888,0.18215,0.17312,0.16617,0.15883,0.15184,0.14478,0.13916,0.13226,0.12660613229402629,0.12106803579865298,0.11599811302649221,0.11142
16-01-2026 14:40,25706.4,0.13025,0.11776,0.11254,0.10775,0.10445,0.10217,0.09936682246233607,0.09848,0.09765,0.09744,0.09866,0.10081,0.10407,0.10786974257043387,0.19508,0.18877,0.18134,0.17234,0.16547282200689248,0.15791,0.15124,0.14424,0.13793590048443372,0.13152,0.12614,0.1205150668206724,0.11546,0.10992
16-01-2026 14:45,25707.8,0.11305,0.11070260396005764,0.1079,0.1037,0.10178533924906541,0.09932,0.09747,0.09656,0.0962,0.096,0.09755,0.09977946748810756,0.10313168127680178,0.10763,0.19566,0.1873844380727162,0.17950619767259568,0.17193836915299732,0.16439,0.15805,0.15116,0.14419,0.13795,0.13183,0.12668,0.12112,0.11591374797048913,0.11095
16-01-2026 14:50,25692.95,0.12547,0.11918,0.10981,0.1093,0.10592,0.10255,0.10015,0.09932,0.09851,0.09818,0.09941,0.10159,0.10482,0.10908,0.19487,0.18741302076708657,0.17988,0.1722431551752985,0.16477032193640395,0.15742169918164664,0.15028,0.14363,0.13705,0.13131084494638956,0.12599,0.12031,0.11583,0.11138575739850787
16-01-2026 14:55,25700.95,0.122549231964048,0.11785776938405504,0.11405,0.10999,0.10598608189749968,0.10265241198186659,0.09998565594788235,0.09834,0.09736,0.09789,0.09887,0.1009,0.10365,0.1081,0.19471,0.18681,0.18024,0.17093,0.1639916628596454,0.15639,0.15009,0.14316,0.13697,0.13133,0.12612,0.1206918222788849,0.11571,0.11054
16-01-2026 15:00,25706.3,0.11793,0.10192,0.10295,0.09988552683651096,0.09969,0.09792,0.09651,0.09594,0.09545,0.09534,0.09684,0.09922,0.1025,0.10705,0.19519,0.18809,0.1794583601734396,0.17142,0.16433,0.15744,0.15132,0.14473,0.13875,0.13248,0.12724102531960804,0.12204227320323378,0.11743,0.11238
16-01-2026 15:05,25694.05,0.11281,0.1108,0.10746,0.10416,0.1024,0.09971,0.09806,0.09725,0.09693,0.09638,0.09790216102132411,0.10026,0.10341,0.1081,0.19419,0.18703813301532765,0.1797,0.17178113044393492,0.1641756547858288,0.15637,0.15045,0.14318,0.1375191713529335,0.13156,0.12665,0.1213555141665875,0.11665,0.11126
16-01-2026 15:10,25691.6,0.11496,0.11011,0.10436,0.103,0.10034485981263308,0.09867,0.09737,0.09678,0.09653,0.09608,0.09782,0.10012,0.1032,0.10803,0.19358,0.18595234354672807,0.17879,0.16985,0.16215,0.1559,0.14978,0.14276,0.137,0.13137879472708353,0.1260879580739694,0.12112,0.11638,0.11175731229358983
16-01-2026 15:15,25691.75,0.12581,0.11931924380607627,0.11411,0.10951086966568416,0.10641,0.10313,0.10126,0.09949,0.09855476131425422,0.09851909815561785,0.09963,0.10167011618420302,0.10484,0.10931,0.19448934843543128,0.18655,0.17919,0.16989,0.16273629324688552,0.15566,0.1490336610645921,0.14279437087155927,0.13686,0.13116816727821687,0.12573576950049625,0.12036,0.11518387147052868,0.11
16-01-2026 15:20,25695.9,0.12636,0.11841,0.11262,0.10801621947552746,0.10512,0.10249,0.10053,0.0987591527392884,0.09793,0.09809435840532102,0.09946,0.10206,0.10531229222772973,0.1090991390453663,0.19487,0.1865846240786419,0.17866563647799216,0.17096,0.1637313926442949,0.15688,0.1499812618947874,0.14363,0.13724458735476278,0.13107,0.12569358701329697,0.12023,0.11537,0.10972
16-01-2026 15:25,25697.65,0.12031,0.1104,0.1066,0.10453,0.09976,0.09915,0.09722,0.09583,0.09506,0.09531,0.09719,0.10021,0.10400745971929348,0.10836464084567479,0.19461,0.1898,0.18118,0.17114,0.16431,0.1551,0.14895,0.14256,0.13677,0.13126,0.12625,0.11962,0.11517,0.10954
19-01-2026 09:15,25549.65,0.14245,0.13519,0.12733219021930398,0.1220527700639452,0.1214,0.11899,0.11806,0.11706070900483348,0.11852,0.11961,0.12266,0.12589015499706716,0.13197235185790263,0.13657,0.20612,0.19843,0.1915,0.18321,0.17385,0.16623,0.15889,0.15008,0.14249,0.1362931310143945,0.12989,0.12416095244612188,0.1187,0.11346
19-01-2026 09:20,25596.45,0.08441,0.08932,0.09374,0.09633,0.09736,0.1004543079025672,0.1011,0.10234,0.10559,0.10938232226623577,0.11308,0.11716,0.12432769147597275,0.12876,0.21017,0.20166,0.19502,0.18657,0.17775,0.17067,0.16256,0.15405,0.14719401769829132,0.14047,0.13504,0.12996,0.12594,0.12153
19-01-2026 09:25,25570.45,0.1024,0.10142,0.10257,0.10294105191652017,0.102810302431561,0.10380161675402917,0.10414,0.10522,0.10833,0.1117825485579922,0.11551448730555613,0.12016,0.12675792532454316,0.13211,0.20873,0.20057,0.19328,0.18469,0.17673,0.16852,0.16075,0.15237338757255142,0.14424,0.13812,0.13237,0.12696,0.1231,0.11855
19-01-2026 09:30,25544.4,0.1437,0.13407,0.12733729558452286,0.12442,0.11993,0.11696,0.11503503143573159,0.11492,0.11679,0.1189,0.12285,0.12687,0.13188,0.1369076930554848,0.20675525879991422,0.19894,0.1914300107211912,0.18313,0.17511646962089983,0.1667850120490324,0.15844506429021882,0.1504,0.14143,0.13439,0.127865568089709,0.12151,0.11662,0.11102
19-01-2026 09:35,25579.4,0.09938,0.09619,0.09934,0.09995294307093558,0.10060842488770402,0.10124,0.102,0.10339,0.10655,0.10958,0.11408425366892358,0.11861,0.12437,0.13093,0.21264,0.20463,0.19773,0.18849,0.18053,0.17254,0.16418,0.15508431058641423,0.14696,0.13985,0.13352200955930943,0.12832,0.12423,0.11922
19-01-2026 09:40,25551.95,0.12474,0.12028,0.11453,0.11254,0.11043,0.10892044090881285,0.10928,0.1094,0.11187,0.11453,0.11827824472339538,0.1225614532322463,0.12803,0.13323080354235625,0.20806,0.20021,0.19271,0.1843806035421337,0.17590522109093965,0.1672,0.15878242020994668,0.15037102439041686,0.1426152813157471,0.13476,0.12888,0.1232760865147074,0.11862,0.11313
19-01-2026 09:45,25560.95,0.11745,0.11174,0.11006,0.10947,0.10771,0.10715,0.10706,0.10726,0.11016,0.11282,0.11653376925918885,0.12107,0.12643,0.13281,0.20898,0.20092332492656034,0.19284583510080347,0.18423,0.17651,0.16847,0.16008,0.15174,0.14344,0.13618,0.13053,0.12461,0.12019,0.1149
19-01-2026 09:50,25558.35,0.09813,0.10066434715557762,0.10203,0.10231,0.10235,0.10252,0.10324,0.10533633325250988,0.10771,0.11077,0.1150558304378477,0.12005,0.12593,0.13257,0.20877,0.20137091394746792,0.19383,0.18471,0.17721,0.16877,0.16055,0.1521,0.14406,0.1373988905122526,0.13127391039233766,0.12572,0.12158,0.11685
19-01-2026 09:55,25558.2,0.10221,0.10014,0.10154260408509704,0.10229,0.10223,0.10269987050777957,0.10338,0.10459,0.10823,0.11146,0.11594,0.1209,0.12671193101096923,0.13321,0.20929,0.20139,0.19461,0.18508,0.17753,0.16879,0.16056,0.15232,0.14407,0.1377151917404556,0.1319,0.12601,0.12211,0.11727
19-01-2026 10:00,25520.6,0.11102,0.10743,0.10734,0.10683,0.10585,0.1060604422213807,0.10601,0.1084902902999699,0.11123,0.1146,0.11929,0.12411,0.13013,0.13675,0.20707,0.19896,0.19193,0.18325,0.17535,0.16608,0.1577396004431388,0.14947,0.14123,0.13504,0.12974,0.1241,0.11925228747795506,0.11506
19-01-2026 10:05,25510.95,0.12544453880281617,0.12154,0.11737,0.11412355370935999,0.1124,0.11138,0.11069,0.11147,0.11459,0.11726153043453472,0.12142302535255452,0.12648,0.13215,0.13871,0.2057,0.19803,0.18988,0.18129,0.17407,0.16455,0.15632,0.1480305317622361,0.13978,0.13291,0.12687475880670468,0.12118,0.11689,0.11165
19-01-2026 10:10,25528.25,0.11377,0.11102,0.10945,0.10865,0.10732,0.1069,0.10676,0.10798,0.11157,0.11463,0.11918,0.12409,0.12999,0.13649,0.20862655039640146,0.20022,0.19168,0.18279,0.17445678607038734,0.1662,0.15755589585485602,0.14982,0.14134,0.13535,0.13002,0.12434,0.12024,0.11624170145070362
19-01-2026 10:15,25530.4,0.12141,0.11548,0.11096,0.10883058585115857,0.1083,0.10704182415411136,0.1075,0.1084,0.11225,0.11533,0.11958874318203924,0.12455,0.13037,0.13636463202289573,0.20674,0.19922,0.19156,0.18271,0.17454203998472978,0.1662,0.15741037057172777,0.14908,0.14128,0.13452572708855506,0.1285721728529231,0.12367,0.11966,0.11621919875879198
19-01-2026 10:20,25543.9,0.10527,0.10863,0.10872,0.10735356708820482,0.10618,0.10562,0.10593,0.10742,0.1109,0.1139,0.11814,0.12301015316281058,0.12856,0.13525,0.20859,0.20123711095079935,0.19336,0.1849669544150098,0.1765,0.16769,0.15962,0.15065,0.14289,0.13678,0.13111,0.1262,0.12128,0.11615
19-01-2026 10:25,25526.15,0.09784,0.10189,0.10270189825320437,0.10252,0.10243,0.10311,0.10435,0.10618,0.11058,0.11391173744885932,0.11839,0.12352,0.12900376898478202,0.13497182346883713,0.20783,0.20095,0.19232,0.18335,0.17583,0.16711,0.15904,0.15084,0.14335,0.13761,0.13253,0.12716,0.12338,0.1189
19-01-2026 10:30,25515.7,0.11207,0.11108,0.10904,0.10873,0.10713,0.107,0.10726,0.10887,0.1126,0.11579,0.12005315750655557,0.12525,0.13067,0.13722,0.2081976979030899,0.1997394805911315,0.19129,0.18263,0.17446,0.16575,0.15768,0.14928,0.1424288909140251,0.13660547356933458,0.1314680839408521,0.12648054643708462,0.12146,0.11627
19-01-2026 10:35,25513.9,0.10985902801124242,0.10845,0.10764,0.10713,0.10687,0.10626,0.10705,0.10863,0.11265,0.11595,0.12018,0.12525852414906788,0.13066,0.137,0.20495790521251495,0.19815,0.19151,0.18248,0.17431,0.16585,0.15774,0.14968,0.14227,0.13646180996101745,0.13092785836871826,0.12639,0.12175824084575004,0.11797
19-01-2026 10:40,25500.4,0.12671,0.12105,0.11709103746007869,0.11492,0.11304,0.11163114784464633,0.11166,0.11259,0.11596,0.1186,0.12238,0.12702,0.13226,0.13833,0.20423115344170606,0.1965392470718942,0.1890464503466528,0.18111,0.17319,0.16441,0.15625,0.14777,0.14052,0.13466208532361104,0.12906,0.12365,0.11946,0.11466
19-01-2026 10:45,25525.55,0.11111,0.10924,0.10772,0.1078,0.10675186948436198,0.10635,0.10664,0.1084,0.11199,0.1149,0.11917065641586355,0.12381,0.12913,0.1355,0.20887,0.20024,0.1921541682806845,0.18344,0.17591,0.16744,0.15888,0.15089,0.14323,0.1376219987597697,0.13255,0.12684,0.12298,0.11823
19-01-2026 10:50,25515.9,0.12263616427872026,0.11866,0.1148,0.113,0.11051,0.10984,0.10947,0.11058,0.11388,0.11648,0.12068731596797258,0.12544,0.13063,0.13669,0.20749,0.19889,0.19183,0.1828,0.17492,0.16565,0.15761,0.14864,0.14145,0.13566,0.1298,0.12429,0.11994,0.1159318966681972
19-01-2026 10:55,25526.35,0.13233,0.12637,0.12086846303115648,0.11702669878671676,0.1144,0.1118,0.11078,0.11192607960106442,0.11378083426899789,0.11657,0.12053,0.12501,0.12999,0.13624,0.20857,0.19956,0.19221,0.18335399588757378,0.17477549202061532,0.16603,0.15766,0.14928020328577618,0.14085,0.13438,0.12854,0.12257,0.11808,0.11313
19-01-2026 11:00,25550.1,0.12151,0.11932,0.11574582708133209,0.11367,0.11167003006298001,0.1100090977702855,0.10945950756122785,0.10928,0.11236,0.11481,0.1185,0.12295350059273563,0.12812,0.13345540132144906,0.21143,0.20274687720103096,0.1943,0.18508,0.17745,0.16863,0.15979546539417794,0.15139,0.14332,0.13704,0.13131,0.12541,0.12046,0.1154
19-01-2026 11:05,25561.85,0.10899,0.10138,0.10069,0.10252,0.10108376441871754,0.10169,0.10215,0.10318,0.10665,0.11021723216371052,0.11449,0.11959,0.12517,0.13184,0.21305298487092847,0.20381528006238747,0.19516,0.18634,0.17851989616193276,0.17074,0.16283,0.15475554227729943,0.14716,0.14106,0.13515,0.12992,0.12486892305326018,0.12077
19-01-2026 11:10,25540.3,0.11046,0.11083,0.10827,0.10789,0.10588,0.10491,0.10570802775737893,0.10638,0.10954,0.11268,0.11737,0.1223,0.12767,0.13403,0.20769,0.20022,0.19262,0.18414,0.17678,0.16805853731632417,0.16,0.15135,0.14463,0.138,0.13236,0.12694,0.12227,0.11743
19-01-2026 11:15,25533.8,0.10798,0.10731,0.1053,0.10503,0.1036,0.10349,0.10402,0.10558,0.10894,0.11228,0.11706,0.12214,0.12774,0.13422,0.2066,0.19961,0.19276,0.18385,0.17612,0.16777,0.1600074052299947,0.15262839276908544,0.14559945687150497,0.1390999061105687,0.13327,0.12781088345941743,0.12329,0.11878074470509635
19-01-2026 11:20,25513.75,0.12529,0.11862,0.1134575655506132,0.11049318488713093,0.10878126043819444,0.1082107167915645,0.109,0.10982,0.11303,0.11594,0.120167266973712,0.12510588561400507,0.13082,0.13638100467624537,0.2049117827009458,0.19808,0.19148,0.18214,0.17438080606925527,0.1660172900369225,0.15801,0.15006806977937154,0.14218,0.13622,0.13042,0.12493988490366303,0.12023,0.11555
19-01-2026 11:25,25514.95,0.12155,0.11808647038992977,0.11468750128182736,0.11269,0.11016,0.10919,0.10884,0.10989,0.11307,0.11606,0.12056,0.12524,0.13056,0.13686,0.20677,0.19908,0.19201,0.18296,0.17563,0.16681,0.15861,0.1503,0.14252,0.13653,0.13071,0.12502372434181297,0.12058,0.11544
19-01-2026 11:30,25517.75,0.1164,0.11895,0.11447,0.11289642036811444,0.11014,0.10924629052132331,0.10842,0.10934,0.11251,0.11579,0.12019,0.1249,0.13011,0.13563537487995372,0.20709,0.1994,0.19234,0.1838541639052066,0.1754,0.16715,0.15874,0.15046,0.14358789367012434,0.13664,0.131,0.12495177220854292,0.11990172209370523,0.11537
19-01-2026 11:35,25523.55,0.13105,0.12514,0.11925,0.11609,0.11285,0.11088,0.10988930410409446,0.1104,0.11231712326273513,0.11588,0.11981231934452513,0.12457298320042533,0.13009255793955996,0.136386573006602,0.20675,0.1995241110067465,0.19187,0.18327,0.17488,0.16705,0.15852,0.14979,0.14288830474501374,0.13564,0.12973,0.12382,0.119,0.11349
19-01-2026 11:40,25536.55,0.12496,0.12074,0.11594,0.11329,0.11037,0.10856,0.10765,0.10846,0.11115,0.11382,0.11815,0.12287,0.12793,0.13466,0.20734921824456987,0.20095,0.19398,0.1857140142867769,0.17704364464698832,0.16824,0.15966832383777638,0.15142286038786226,0.14335,0.13701,0.1309,0.12512,0.12048,0.11608026034122178
19-01-2026 11:45,25537.25,0.11701,0.11709,0.11368305429355033,0.11106,0.10883,0.10754,0.10676,0.10777,0.11073,0.11367,0.11808,0.1229,0.12826,0.13492,0.20866,0.20064,0.19372,0.18477,0.177,0.1685099927587417,0.16057,0.15202,0.14431,0.13781,0.13158,0.1257,0.12097,0.11573
19-01-2026 11:50,25541.5,0.11396767761818029,0.11365,0.11364,0.1105,0.10792,0.1068,0.10637,0.1072,0.11035,0.11317,0.11783,0.12235776420669714,0.12762,0.13443,0.20815,0.20067,0.19268,0.18491,0.17719,0.16884,0.16039,0.15234,0.14516408885355064,0.13809,0.13205,0.12577,0.12127,0.11592
19-01-2026 11:55,25540.75,0.10867,0.10743,0.10536,0.10369,0.10266,0.10272,0.10312,0.10554077366695265,0.10829,0.11183,0.11636972228506276,0.12165,0.12697,0.13378,0.20664100746837766,0.2002,0.19379,0.18487,0.17745,0.1690263375895497,0.1608,0.15329514165814417,0.14601909815642333,0.13927666431995137,0.1331,0.12732,0.12284,0.11794
19-01-2026 12:00,25527.0,0.10974,0.10841,0.10674,0.10549,0.10385,0.10401,0.10449,0.10618,0.11004,0.1136323067127366,0.11844,0.12351,0.12899,0.13468577435918214,0.2073,0.20016,0.19242,0.18348,0.17563495397517997,0.16745424722525962,0.1594939820074815,0.15183762601440454,0.14449,0.13815825152936792,0.13228,0.12672,0.12179948414054792,0.11728
19-01-2026 12:05,25522.1,0.11351942016290836,0.11073,0.10815206297041646,0.10628048905316963,0.10508,0.10490449204034777,0.10558,0.10727,0.11101,0.11471874893349096,0.11930051624061731,0.1243,0.12911005566129063,0.13435680359189459,0.20782,0.20035371287902604,0.1927,0.18434,0.17697,0.16887,0.16052994348814073,0.15268264102295453,0.14489,0.13817,0.13251,0.12657,0.12221,0.11694
19-01-2026 12:10,25521.0,0.12433,0.11889,0.11494,0.11236,0.1095347095652742,0.10817,0.10804,0.10903,0.1125,0.11537,0.11986,0.1248,0.13033384917620738,0.13657,0.20775,0.2007161215465657,0.19335,0.18459,0.17717,0.16903,0.16024,0.15184,0.14431,0.13714,0.131,0.1247,0.11998,0.11443
19-01-2026 12:15,25533.2,0.13678,0.12256,0.11838,0.11453,0.11132,0.10931,0.10839,0.10893,0.11202,0.1148,0.11916,0.12362,0.12856,0.13528,0.20755,0.2005451462787862,0.19279,0.18493774599840446,0.17679,0.1682563321343711,0.15986,0.15134,0.14366,0.13692,0.13042,0.12428,0.11911,0.11353
19-01-2026 12:20,25542.4,0.11411,0.10833663715942748,0.10266,0.10198,0.10102,0.10115,0.10161,0.10353,0.10747,0.11081,0.11567552384901146,0.12093,0.12651,0.13326,0.20880219256003493,0.20187,0.1949,0.18591,0.17898,0.1707,0.1618636111362373,0.15342,0.14596,0.13906,0.13334,0.12723,0.12264,0.11816979412147627
19-01-2026 12:25,25526.05,0.11773,0.11337,0.11022,0.10788,0.1059,0.10501754322230515,0.10506,0.10649,0.10989,0.11301,0.11802,0.12303,0.12859,0.13440310439501846,0.20774691401310824,0.20069,0.19363,0.18491,0.17726,0.16944,0.16091,0.15195,0.14452,0.13732,0.13175,0.12558,0.12117,0.11557
19-01-2026 12:30,25524.6,0.1156,0.11206,0.10880270539143763,0.10649,0.10471,0.10398,0.10478,0.10605,0.10988,0.11311,0.11825,0.12325,0.12894,0.1348773293117172,0.20828,0.20100465961303723,0.19352,0.18479,0.17714,0.16863998880139983,0.16056,0.152350184912433,0.14437,0.13743,0.13158,0.12566,0.12034033472902528,0.11576
19-01-2026 12:35,25520.4,0.11317,0.1105785222743224,0.10806,0.10634,0.10473,0.10458,0.10512,0.10677,0.11044,0.11385,0.11905,0.12427,0.12963,0.13648,0.2079,0.20021,0.19313,0.1850351107217993,0.17689419386405575,0.16889,0.16030295231920633,0.15193,0.1447,0.1380306226926958,0.13223,0.12613,0.12113675028725387,0.1169
19-01-2026 12:40,25513.2,0.12541,0.11795,0.11543,0.11233,0.10978,0.108621741028013,0.10874018607286928,0.10951,0.1127,0.11583,0.12062,0.12569,0.13128877883749612,0.13754,0.20715192821363468,0.19952,0.19169,0.18334,0.17599,0.16763,0.15912,0.14958,0.14208,0.13552,0.12947,0.12357,0.11899,0.11338
19-01-2026 12:45,25525.45,0.11245,0.11086,0.10752,0.10625,0.1046,0.10419,0.1049,0.10643,0.10985707242357934,0.11363389332244965,0.1183,0.12333,0.1291956248518564,0.13545,0.20849,0.20163,0.19299,0.18466,0.17734,0.16901,0.15942,0.15063,0.14358,0.13708,0.13145,0.12577,0.12132,0.11637
19-01-2026 12:50,25519.95,0.13225,0.12577,0.11927,0.11491,0.11157,0.10981,0.10898,0.11011920673433204,0.11256,0.11547,0.12006,0.12495,0.13004,0.13540341989009447,0.20685920901575708,0.19944,0.19209,0.18312,0.17528851750625501,0.16716,0.15768,0.14943,0.14178,0.13477,0.12875,0.12287,0.11815,0.11251
19-01-2026 12:55,25545.2,0.11676,0.11437,0.11059,0.10847,0.10618,0.10554188490399913,0.10519,0.10619,0.10926968144010046,0.11253,0.11723,0.12192,0.12727,0.13345,0.21005,0.20299818908449038,0.19547,0.1874337996655202,0.17924,0.17038998743251815,0.16167290925611771,0.15333521345805742,0.14532,0.1382002896768445,0.13208,0.12633,0.12177,0.1175550591560036
19-01-2026 13:00,25548.85,0.10962,0.11163,0.10941608416356167,0.10731,0.10575525992304301,0.10433,0.10439,0.10630341518090736,0.10896,0.11199,0.11639573676499256,0.12166,0.12697,0.13281053555036756,0.21235,0.20489929749135882,0.19717615854630657,0.18855,0.18082,0.17245,0.1632150455155313,0.15421,0.14696,0.13987551804166307,0.1335,0.1276,0.12278,0.11719
19-01-2026 13:05,25553.0,0.11105,0.1082,0.10615,0.10522,0.10357,0.1032623319611927,0.10356,0.10459,0.10837,0.11157,0.11633,0.12113,0.12647,0.13272,0.21327,0.20541,0.19782,0.18902,0.18215,0.17319,0.16354,0.15452,0.14706465459440166,0.1398,0.13362,0.12765,0.12291,0.11864721371021231
19-01-2026 13:10,25544.5,0.10337,0.10265,0.10198,0.1013,0.10012,0.10054,0.10159,0.1032,0.10731,0.11082,0.11542066711209856,0.12058890622649289,0.12627,0.13267,0.2135080271365395,0.2054322521984968,0.19734,0.18881,0.18155,0.17253,0.16386248795302985,0.15535859751384126,0.14725131095773888,0.13947,0.13366,0.12777,0.12327,0.11802
19-01-2026 13:15,25530.5,0.12054,0.11933,0.11433,0.11157,0.1088,0.10705,0.10724253843820482,0.10769,0.11106,0.11411,0.11878,0.12347,0.12873,0.13503,0.21156,0.20401,0.19485,0.18673,0.17924,0.17003,0.16063,0.1516,0.14386,0.13678,0.1306,0.12447,0.11935,0.11371
19-01-2026 13:20,25540.05,0.11134259766442471,0.10854,0.10651639671386257,0.1046,0.10267,0.10224,0.10289,0.10447,0.1084,0.11177,0.1165,0.12158,0.12702,0.13326,0.21433,0.20503,0.1966,0.18842,0.18086,0.17187,0.16270966196983588,0.15391,0.14603,0.13924,0.13210426360446406,0.126214799697204,0.12110018546796043,0.11691
19-01-2026 13:25,25531.0,0.11509,0.11195299009823523,0.10920212966652088,0.10686,0.10463,0.10398,0.10429,0.10644460116902213,0.10936,0.11284,0.11739721368956206,0.12271,0.12805,0.13370826716029457,0.21303,0.2047785071700058,0.19606,0.18782,0.17992,0.17115,0.16142,0.15289,0.14481,0.13759,0.13151,0.12532,0.11975854603535786,0.11497
19-01-2026 13:30,25535.2,0.12707,0.12045,0.11491,0.11121,0.10838,0.10671,0.106614830317606,0.10745,0.11038,0.1135046535602118,0.11785,0.12259487739724562,0.12795,0.1333064569413289,0.21217,0.20341,0.19546,0.18734,0.17957,0.1701675283894797,0.16126,0.15263,0.14467,0.1373,0.13107,0.12496436332588075,0.11976,0.11486477352880914
19-01-2026 13:35,25552.1,0.11146,0.11216,0.10796,0.10693,0.10432,0.10337,0.10342,0.1046,0.1082,0.11146,0.11579197435938916,0.1209,0.1264774871354495,0.13269,0.21298,0.20558,0.19688,0.18916,0.18172,0.17305,0.16382378520317617,0.15501,0.14706,0.13943,0.13343,0.12717112568167452,0.12225,0.11648
19-01-2026 13:40,25558.15,0.10084,0.10297128991992438,0.1027685483823981,0.10217,0.10168708815230931,0.10044,0.10245022914587743,0.10401478224759284,0.10605,0.10954,0.11444,0.11938,0.12445,0.1312,0.21455,0.20664,0.19828,0.18984,0.18241,0.17425,0.16413,0.15593,0.14815,0.1405,0.1341130923268792,0.12854,0.12393,0.11829
19-01-2026 13:45,25544.95,0.14487,0.13666,0.12756,0.12051908318881394,0.11614,0.11251,0.11062,0.11052,0.11243,0.11496,0.11903,0.12358,0.12837,0.13332850053667802,0.20948,0.20197,0.19316,0.18546,0.1781,0.16893826199162282,0.16012,0.15118,0.14295,0.13571598660165532,0.12862,0.12181,0.11596,0.11083854260121236
19-01-2026 13:50,25583.5,0.12838,0.12116,0.11632968630913741,0.11228,0.10902,0.10703045933154898,0.10557,0.10556,0.10766,0.11011,0.11411454202567772,0.11876,0.12347,0.12958,0.21282,0.20564128787252287,0.19832,0.18915,0.18145039285969985,0.17343,0.16467,0.15624,0.14823,0.14042,0.13434,0.12716,0.12208,0.11726541182373881
19-01-2026 13:55,25602.3,0.1106,0.1098,0.10677,0.104,0.1033843763176287,0.10254368334750898,0.1020058895122617,0.10263272465941133,0.10419,0.10667,0.11085356039356188,0.11533,0.12046,0.12655,0.2172,0.20913,0.20067,0.19324,0.18519,0.17687,0.16751,0.15908755097455451,0.15085185942436294,0.14258,0.136,0.12898,0.12389,0.11756
19-01-2026 14:00,25605.6,0.12322,0.12163060066084773,0.12019,0.11659,0.11217,0.10884,0.10794120883070647,0.10734072939397243,0.10793,0.10971530734678651,0.11282,0.11712,0.12165,0.12738,0.21757,0.20907,0.20144,0.19366875299887026,0.18558,0.17699,0.16718,0.15838,0.15009470004858647,0.14124,0.13488,0.1275,0.12188,0.11534
19-01-2026 14:05,25625.95,0.12169,0.11189,0.10741120168148907,0.10345,0.10222,0.10043,0.09994,0.09999,0.10203,0.10432,0.10822,0.11282,0.11773,0.12325767365982628,0.2173346826619379,0.21071,0.20395,0.19544,0.18747090725486878,0.17924,0.16971,0.1610491668326762,0.15254,0.14421,0.13787,0.13055,0.12441288468095302,0.11896
19-01-2026 14:10,25615.15,0.10175902857594696,0.09995,0.09965,0.09834,0.09748,0.09712,0.09703,0.0976,0.10044,0.10360764717903838,0.10738,0.11256,0.11777,0.12431,0.22004,0.21226,0.20365,0.19573,0.18818,0.17891,0.16952932797941947,0.16056931603173638,0.15187,0.1439,0.13771,0.13078,0.12572,0.12095615912850859
19-01-2026 14:15,25589.9,0.13766,0.13118,0.12342,0.11812,0.11379,0.11051,0.10828,0.10703,0.10803,0.10946,0.11277,0.11743,0.12192232467456235,0.12803,0.21422869446865717,0.20806,0.20148,0.1937952400615789,0.18534097887356357,0.1762,0.16675,0.1577191075170227,0.14877,0.1407266684648335,0.133322964866544,0.12657,0.12068,0.11553318615041322
19-01-2026 14:20,25610.85,0.11315,0.11321,0.10957,0.10694,0.10476,0.10277,0.10212001680234857,0.10149,0.10339102149966044,0.10535,0.10893,0.1136,0.11863,0.12504,0.21923,0.21064,0.2033,0.19293,0.18558883940950394,0.17771,0.16863,0.1597679684621891,0.15143,0.14296,0.13683,0.1295,0.1243,0.11837
19-01-2026 14:25,25607.6,0.10579,0.10267,0.10032,0.10001,0.09933,0.09846932974066029,0.0982,0.09915657645001684,0.10088582543563744,0.10301,0.10743,0.11224,0.11779,0.12405071741859681,0.21751,0.21036,0.20228681461960166,0.19334,0.18599,0.17685,0.16782,0.15877,0.15127,0.14339,0.13723,0.13016,0.12514,0.12025350669839094
19-01-2026 14:30,25603.8,0.12084,0.11134,0.10881,0.10532,0.10358,0.10147,0.1003,0.10042,0.1026,0.10453,0.10834,0.1135,0.11882,0.12533,0.21718,0.20826,0.20189,0.19341801955591875,0.18532,0.17636012552168487,0.16768,0.15837,0.15067,0.1427072960737828,0.13553103043107828,0.12894,0.12312636257247414,0.11796
19-01-2026 14:35,25599.55,0.12345,0.12152,0.11567,0.11125,0.10814,0.10541,0.10400373406121398,0.10339,0.10504,0.10683898059237677,0.11035,0.11454552491901422,0.11995345578697365,0.12651,0.21544105423318766,0.20833,0.2015,0.19188,0.18429,0.1754951165628636,0.167,0.15792,0.15039,0.142,0.13561,0.1285,0.12252741269346944,0.11684
19-01-2026 14:40,25614.95,0.11218573349840572,0.10885,0.10565,0.10395,0.10221,0.10078,0.09969,0.09987,0.1021,0.10379,0.10764,0.11244,0.11784,0.1245,0.21837,0.20946,0.20182892054630341,0.19316,0.18627,0.17699000324500377,0.16874,0.1597,0.15185,0.14427770929080325,0.13747,0.13037,0.12507,0.1193
19-01-2026 14:45,25620.55,0.11037,0.10708,0.10642,0.10373,0.10236,0.10072,0.1002435678828311,0.10005,0.10171001311329997,0.10383,0.10731,0.11241,0.1174,0.124,0.21897,0.211366287328969,0.20335,0.19505111151030802,0.18659,0.17784,0.16907458327737837,0.16058,0.1522018893676772,0.14412,0.1372987451107189,0.1307,0.12563,0.11969
19-01-2026 14:50,25623.15,0.1085,0.11035,0.10789,0.10536,0.10345,0.10193924709467389,0.1008,0.10025,0.10186,0.10386,0.10726,0.11208,0.11747,0.12387,0.22025,0.21127,0.20321497540974726,0.19481,0.18681590358560568,0.17899,0.16996,0.1612967379074979,0.15287,0.14462,0.1383,0.13097,0.12523,0.11979214481941915
19-01-2026 14:55,25624.2,0.10733,0.10484347572574619,0.10298056012786183,0.10127,0.09954,0.09874,0.09781,0.09807,0.09988135296970188,0.10219866787699171,0.10572,0.11066,0.1161,0.123,0.22015255866467026,0.21316,0.20647,0.19636,0.1889,0.17969,0.17101038598935717,0.16236,0.15414,0.14574,0.13925,0.1319,0.12646,0.11994
19-01-2026 15:00,25629.95,0.07571,0.08335,0.08974,0.09084,0.09226601384733361,0.09157,0.092,0.09314,0.09584188651470148,0.09833,0.10272,0.1077091589901699,0.1141,0.12154,0.22197,0.21378,0.2071,0.197,0.19015,0.18083939429144513,0.17272,0.16368,0.15576,0.14772,0.14142,0.1343,0.12826682020574212,0.12304
19-01-2026 15:05,25604.15,0.09258,0.09554,0.09658,0.09568,0.09561,0.09514899618054039,0.09489,0.09552,0.09796208883507748,0.10054,0.10469,0.11057,0.11633190348829724,0.12372,0.21802,0.2100587220325943,0.20222,0.19224,0.18469,0.17621,0.16796,0.1595,0.15167,0.14429,0.13815,0.13117,0.12627,0.1205
19-01-2026 15:10,25595.95,0.09948,0.10101,0.10084,0.09878,0.09738,0.09655,0.09663290855542064,0.09673,0.09952,0.10231499124262716,0.10649,0.11201,0.11776,0.12506,0.21773,0.20871,0.20256,0.1933628538775729,0.18448,0.17658860732905046,0.16875,0.16006,0.15216,0.14468,0.13831447655467194,0.13201,0.12721,0.12057
19-01-2026 15:15,25590.9,0.07844,0.08530605217177605,0.08897708152511728,0.09114,0.09153,0.09184,0.09221,0.09384,0.09699,0.10038,0.10517038096798201,0.11103,0.11673,0.12435,0.21822,0.20996,0.20319,0.19338,0.18532809542332968,0.17701,0.16876708544608668,0.16084846908185665,0.15319460553093273,0.14605037835033452,0.1394,0.1332,0.12822,0.12252
19-01-2026 15:20,25561.25,0.09661082613925083,0.09787,0.09795,0.09701,0.09614,0.09589,0.09577329708363368,0.097,0.10062,0.10386,0.10847,0.11473,0.12141806252546593,0.12929450593296637,0.21484,0.20616,0.19979,0.18962,0.18234,0.17327,0.16539,0.15709685547946556,0.14912,0.1416,0.13589,0.12968,0.12511,0.11944
19-01-2026 15:25,25558.3,0.09554,0.09861,0.09696,0.09634,0.09561,0.09436,0.09405164477454403,0.09501,0.09899,0.10247,0.10776,0.11371816253154232,0.12024,0.12882,0.21267,0.20797,0.19916,0.18901,0.18177,0.173303719758651,0.1650931484279301,0.1576,0.14997,0.14296894108309985,0.13666,0.13105,0.12566,0.12062
20-01-2026 09:15,25559.3,0.10991208418931162,0.10782,0.10653,0.10230152857003094,0.10309,0.1019,0.1017,0.10278,0.10608,0.10934,0.1134517008011047,0.11987052062001986,0.12551549437205814,0.13346,0.21699,0.20841842244029077,0.20043665679673472,0.19160435951243204,0.18281,0.17515,0.1668508978330726,0.15866,0.15195192736923124,0.14448,0.13891,0.13211,0.12705,0.12128
20-01-2026 09:20,25552.55,0.08461065469745246,0.08687,0.09060908578370226,0.09121149906646576,0.09326,0.09455,0.09692439200826769,0.0986,0.10298,0.10721,0.11258,0.11904244607165283,0.1258,0.13333959066232412,0.21469710849978874,0.20639,0.1982737497653232,0.18967,0.18249,0.17475,0.16647,0.15859,0.15205,0.14559290455642726,0.14001,0.13427,0.12977,0.12469
20-01-2026 09:25,25506.85,0.10561,0.10672,0.10507768714004151,0.10338,0.10249,0.10253,0.10265,0.10513,0.10934,0.11327,0.11882,0.1255,0.13235,0.14021,0.2123,0.2033805531045139,0.19446,0.18606,0.17821,0.17054,0.16225,0.1547,0.14799,0.1406,0.13579,0.13023,0.12507948263735352,0.12043
20-01-2026 09:30,25488.8,0.11948,0.11639,0.11324,0.11045,0.10868,0.1076667860822767,0.10704,0.1092,0.11322,0.11692312745499332,0.1223,0.12851190961887682,0.1357,0.14346,0.21217,0.20257292160809,0.19305,0.18456,0.17625,0.16882,0.16004616721452877,0.15211,0.14485,0.13766,0.1320358248199946,0.12653,0.12177,0.1169
20-01-2026 09:35,25481.8,0.1072246914900232,0.10612,0.10606,0.10502,0.10486,0.1055663118245426,0.10673053622232025,0.10807,0.11262,0.11688,0.12276459786965103,0.12934,0.13647,0.14437,0.21414,0.20424,0.195,0.18618,0.17789,0.16979,0.16114,0.1533703151196598,0.14609,0.13917,0.1344,0.12895,0.12492,0.12093
20-01-2026 09:40,25461.45,0.1239,0.12095,0.1183,0.115,0.11282,0.1114,0.11103,0.11359029367958993,0.11716,0.12110223703402367,0.1264480219894197,0.1328,0.1396919404316234,0.14751,0.21398672934080584,0.20484,0.19571,0.18688118983666266,0.17786,0.1694,0.16066,0.15234,0.14484,0.13754,0.13193,0.12643,0.12153134191934109,0.11715
20-01-2026 09:45,25463.25,0.11886,0.11763,0.11452,0.11225317922822466,0.11093,0.11004,0.10994,0.11251,0.11668,0.12084,0.126183092749707,0.13260297759633663,0.13976,0.14772,0.21617,0.2068,0.19749,0.18816,0.17992,0.17097,0.16206,0.15357,0.14623,0.13888,0.13303974575546398,0.12791,0.12344,0.11877
20-01-2026 09:50,25462.3,0.10354149671350171,0.10359,0.10437,0.1047,0.10478,0.10524,0.10628,0.10976,0.11486,0.11966,0.12551,0.13248,0.13991,0.14806,0.21566,0.20717,0.19781,0.18886150815827707,0.17986,0.17141,0.16265,0.15482,0.14771,0.14109,0.1354682524991671,0.13128,0.12741,0.12395010660709335
20-01-2026 09:55,25459.95,0.12017,0.11734,0.11509,0.11309,0.11168,0.11066,0.11082,0.11301,0.11729,0.12141,0.12645,0.13352,0.13992,0.1482,0.21354,0.20441847812958142,0.19488,0.18605895548188958,0.17719,0.16798,0.15917,0.15126,0.14375,0.13703,0.1318,0.12653,0.12245034072028715,0.1189
20-01-2026 10:00,25467.2,0.12127939511348662,0.11817,0.11540158380024851,0.11298,0.11161,0.11071230655234929,0.11064,0.11255,0.1161143679564915,0.12051,0.12592122615755358,0.13244,0.13902,0.14695,0.21533,0.2059432638412511,0.19651,0.1877,0.1793,0.17022,0.1615,0.15279,0.14541615960469562,0.13846823864935565,0.13245,0.12718,0.12286,0.11927
20-01-2026 10:05,25465.6,0.12575,0.12217,0.11847,0.1155,0.11323,0.11169,0.11138,0.11299,0.11669,0.12020108678341491,0.1253257198327523,0.13143,0.13808,0.14520271485970349,0.21274,0.20373,0.19436,0.1854,0.17664,0.16787,0.15919,0.15038,0.14302,0.13565,0.1304,0.1248,0.1205,0.11612
20-01-2026 10:10,25484.8,0.1074,0.10682,0.10632,0.10583,0.10569,0.10526,0.10616,0.10868,0.11282,0.11673,0.12245,0.12917,0.13582,0.14332754943987153,0.21481,0.20536,0.19732,0.1883,0.18013,0.17126,0.16273,0.15463,0.14738,0.14062,0.13526,0.1298335022908974,0.12609,0.122013037288373
20-01-2026 10:15,25468.6,0.12772,0.12327,0.11949,0.11605,0.11314,0.11173,0.1118834289289286,0.11295,0.11646,0.11995,0.12512,0.13089738600818007,0.13793,0.1461,0.21212,0.20321,0.19495852788033827,0.18619,0.17738,0.16858,0.16035,0.15144,0.14432,0.13723,0.1311,0.12532,0.12078,0.11595
20-01-2026 10:20,25485.6,0.11154,0.10884,0.10774,0.10619,0.10572,0.10556983155717783,0.10573,0.10814,0.11183200564948802,0.11595,0.12138,0.12801,0.13389,0.1418,0.21395,0.20507,0.19666,0.1879239954681743,0.17934,0.1703,0.16192,0.15335,0.14566,0.13856,0.13311,0.1275,0.12343,0.11945
20-01-2026 10:25,25487.25,0.10661,0.10795,0.10761,0.10587,0.10469,0.10423,0.10592170756919767,0.10713,0.11101,0.1149,0.12029172583121048,0.12653,0.13314104151239586,0.14058,0.21395801787108476,0.20576,0.19731,0.18871,0.17989,0.1711,0.16216,0.15401,0.14591,0.13935675869855235,0.13349,0.12787,0.12342143920019172,0.11984
20-01-2026 10:30,25478.75,0.11189,0.11147,0.10921,0.10801202960064159,0.10666,0.10696740709372768,0.10790146478520617,0.10901,0.11309,0.11659,0.12183,0.12783,0.13375,0.14165,0.21488,0.20598387142881164,0.1970715791357692,0.18781,0.17961,0.17044089214564354,0.16191,0.15362,0.14586026422719048,0.13855,0.13287,0.12723,0.12353,0.1192
20-01-2026 10:35,25473.7,0.13003376405895928,0.12579,0.1199791033937659,0.1168,0.11332,0.11134,0.11109,0.11215116282124027,0.11489,0.11793,0.12257,0.12839,0.13405,0.14165,0.21389,0.20442,0.19551,0.18693,0.17812,0.1690517799333758,0.16038,0.152,0.14354,0.13671853941210463,0.13003,0.12406,0.11976,0.11477
20-01-2026 10:40,25492.55,0.10672,0.1075,0.10644,0.10503,0.10373,0.10351,0.10526129907430294,0.10662,0.11022282854440661,0.11392,0.11913,0.12533,0.13116,0.13874,0.21694,0.20647,0.19801682686032065,0.18906,0.18062,0.1711022315176114,0.16265,0.1537,0.14615,0.13932,0.1333,0.12777,0.12399,0.11969
20-01-2026 10:45,25480.45,0.11358,0.11198,0.11056,0.10835,0.10654,0.10603,0.10659,0.10884125982662878,0.11211,0.1154,0.12069079562718418,0.12682,0.13281681577762874,0.1398,0.21571,0.2057,0.19716,0.18776,0.17897,0.16961,0.161,0.15226,0.14411,0.13716,0.13185,0.12617071775403527,0.12186,0.11749
20-01-2026 10:50,25478.05,0.10456,0.1052592610570831,0.1052,0.10423,0.10371,0.10367,0.1047,0.10718,0.11123,0.11475,0.12037413773936942,0.12687,0.13248,0.14035,0.21490895578603877,0.20685,0.19856,0.18950821064555048,0.18033,0.17134,0.16222,0.15388,0.14507,0.13858,0.133,0.1275,0.12352,0.11934
20-01-2026 10:55,25465.4,0.11001,0.10902122167076382,0.10768535955374793,0.10717,0.10613,0.10588,0.10683,0.10949406105139382,0.11304,0.11638,0.12194,0.12796,0.13433404976350505,0.14169,0.21569,0.20598,0.19799,0.18832,0.17916797093687714,0.17018,0.16098,0.15287369754072674,0.145163740181456,0.13821341751691468,0.13198344819877023,0.12627,0.12217,0.11789
20-01-2026 11:00,25459.55,0.10868,0.10772978496681637,0.10691,0.10551,0.10506,0.10499,0.10609,0.10852,0.11267,0.1165,0.12191,0.1283,0.13487,0.14197,0.21423526088182593,0.2054,0.1965967348967857,0.18736,0.17861,0.16953,0.1605555645925454,0.15227,0.14379,0.13738,0.1317,0.12624,0.12208,0.11829
20-01-2026 11:05,25453.55,0.11082,0.10903,0.10693741190808191,0.10552445235317622,0.10513,0.10492,0.10673778527640812,0.10871,0.11321,0.11702,0.12277,0.12894136261330075,0.13604,0.14342,0.2142093743093539,0.20524,0.19601,0.18708,0.17858,0.16914,0.1600807878130644,0.15156793418957437,0.14305,0.1366,0.13097,0.12559,0.12122,0.11696
20-01-2026 11:10,25452.35,0.11334979756776058,0.11093,0.1091,0.10713,0.10586579561525032,0.10565,0.10673,0.10914,0.11382,0.11773,0.12347,0.13009,0.1366,0.14428,0.21249,0.20293,0.19392,0.18522,0.17663,0.1674,0.15857,0.15043679165570065,0.14242,0.13592,0.13029,0.12491634961728185,0.1209,0.1166
20-01-2026 11:15,25445.65,0.12009,0.11474886935492637,0.11068,0.10879,0.10695536203265989,0.10679,0.10767,0.11018,0.11439,0.11865,0.12418,0.13069,0.13729,0.1449,0.21087130521036399,0.20226,0.19364,0.18416,0.17559,0.16623653540621444,0.15732,0.14903,0.14108,0.13478067781073078,0.12892,0.12356,0.118994099074812,0.11507
20-01-2026 11:20,25449.95,0.11642,0.11418,0.11154,0.10934,0.10777,0.10762611966792507,0.10791,0.11005,0.11411,0.11805,0.12373882567840984,0.13031,0.13678,0.14464,0.21234,0.20231,0.19334,0.18431,0.17548,0.16635,0.15739,0.14913223583581228,0.14115,0.13428,0.12837,0.12298,0.11879,0.11461
20-01-2026 11:25,25447.1,0.12563574375425882,0.12091667079304946,0.11703,0.1135,0.11081,0.10935033828408072,0.10955,0.11127,0.11507,0.11891822693045508,0.12429,0.13025,0.13698,0.14503,0.21107,0.20205,0.1929864951485414,0.18367,0.17454,0.16546942012616364,0.15634,0.14866,0.14012,0.13309,0.12699,0.12137021884665708,0.11676,0.11183
20-01-2026 11:30,25458.7,0.11455172773092441,0.11182,0.10942,0.1076,0.10639,0.10623922960167984,0.10725281961389824,0.10885,0.11276435804324916,0.1172,0.12297,0.12923,0.13594,0.14388,0.21286,0.20408726210876682,0.1952,0.18574,0.17663665415676041,0.16773,0.15875,0.15054,0.14234,0.13524,0.12935,0.1238308031699416,0.11971,0.11532
20-01-2026 11:35,25466.4,0.11355,0.11138,0.10887,0.10647,0.1051,0.10478,0.10551,0.10838837868228544,0.11214,0.11609,0.12192,0.12811915547790534,0.1352,0.1425486187109785,0.21257345509854705,0.20421,0.19568,0.18664,0.17681,0.1678,0.15921,0.15068,0.1423,0.13516,0.12912,0.12373,0.11943,0.11498
20-01-2026 11:40,25461.5,0.12097,0.11576109607982317,0.112,0.10852,0.10679,0.10562,0.1063,0.1084,0.11251,0.11636,0.12252,0.12877,0.13566,0.14361,0.2114665225758701,0.20279,0.19421195129435465,0.1852676828418062,0.17596,0.16727,0.1579,0.14947,0.14098,0.13380834775554845,0.12737804149704066,0.12192,0.11721,0.11313225548381818
20-01-2026 11:45,25463.2,0.12048,0.11557,0.11228,0.10909,0.10705006779372167,0.10589,0.10717135397158901,0.10924475984699786,0.11257258186453595,0.11682,0.12256,0.12889,0.13567,0.14366,0.21245,0.20387780395487431,0.19501,0.18563,0.17653,0.16721,0.15814,0.14957581638512374,0.14123,0.13391,0.12791,0.12175,0.11723,0.11238
20-01-2026 11:50,25474.5,0.11774,0.11478,0.11050105627264552,0.10766,0.10586,0.10505491178938121,0.10512,0.10724,0.11143,0.11565,0.12162,0.12796659916027983,0.1352,0.14297,0.21369,0.20379,0.19501,0.18616,0.17688755988731,0.16797,0.159,0.15025,0.14219046815210115,0.13466347560722766,0.12763,0.1218895191680519,0.11707,0.11218
20-01-2026 11:55,25481.0,0.10771,0.103,0.10276,0.10132,0.10055,0.10028,0.10286972082713275,0.10560120591655085,0.10935,0.11412,0.12074,0.1275,0.13459,0.14305,0.21870478457077144,0.2086552057608765,0.1986321982943169,0.18861984143343416,0.17896,0.16935,0.16058,0.15217,0.14355,0.13664,0.13013,0.12432,0.12024,0.11575
20-01-2026 12:00,25467.5,0.09915,0.09916,0.09962,0.09945,0.09935,0.09996,0.10292269092527476,0.10583260196061006,0.10965,0.11489,0.12143,0.12857,0.13616,0.14475,0.213087459774798,0.20503,0.19685,0.18735,0.1778,0.1687,0.15996800550452658,0.15162,0.1436492723003961,0.13648251836713648,0.13011,0.1244,0.12066,0.11678
20-01-2026 12:05,25450.2,0.09507,0.09683,0.09809,0.09795,0.09876,0.09977,0.10313953217849187,0.1057,0.1111,0.11635,0.12323,0.13027,0.13801,0.14649,0.21282,0.20368,0.1954,0.18582,0.17652,0.16785,0.1592,0.15096,0.14268,0.1360777022189322,0.12987,0.12480530827762029,0.1211,0.11695
20-01-2026 12:10,25433.1,0.1132,0.11044,0.10853,0.10653,0.10577,0.10538,0.1068,0.10975,0.1145,0.11952,0.12627,0.13302,0.14059,0.14884,0.213,0.20233,0.19356,0.1843,0.1749777511649867,0.16616,0.15694,0.14881597047844627,0.1409644077158004,0.1338977251574839,0.1275697478597602,0.12199832416156138,0.11718,0.11337
20-01-2026 12:15,25439.15,0.10619,0.10565,0.1041777456405342,0.10336,0.10326,0.10351,0.10532,0.10852,0.11348,0.11845,0.12495,0.13179,0.13907772295773477,0.14682,0.2137,0.20348,0.19506,0.18538,0.17628,0.16674522296395528,0.1577,0.14943243696521755,0.14148,0.13493,0.12875,0.1233,0.11832700842687789,0.11386669119269018
20-01-2026 12:20,25436.4,0.10831607772578149,0.10599480162779373,0.10402,0.10292,0.10264,0.1036361013560207,0.10572372647116389,0.10880200755245434,0.11297,0.11805,0.12472,0.13187,0.13929,0.14763,0.21345,0.20395125360781613,0.1944469043077045,0.1848392226952374,0.17538,0.16608,0.15717,0.14894,0.14065,0.13405,0.12774,0.12213,0.1182,0.11411
20-01-2026 12:25,25423.6,0.1208,0.11588,0.11273,0.1099,0.10793,0.10751455671415572,0.10829,0.11071,0.11519322693865681,0.12048,0.12691,0.13422,0.14152,0.14968,0.20941260826247016,0.20144,0.19343,0.18337,0.17426,0.16461,0.15543,0.14757,0.13902,0.13232,0.12569,0.11981,0.11456450151732765,0.10958445691737859
20-01-2026 12:30,25431.55,0.10947,0.10754033395621819,0.10553,0.10408,0.10356,0.10387,0.10576,0.1087,0.11374176534272025,0.11914,0.12623,0.13368,0.14167,0.15026,0.2132850590146741,0.20349848982051114,0.19397,0.1843,0.17522,0.16558,0.1569,0.1486,0.14075,0.13438,0.12794,0.12182632670109117,0.1162418396762556,0.11122172647195167
20-01-2026 12:35,25423.05,0.11408715940708854,0.11162,0.10934,0.10705375678871688,0.10628,0.10653241762648681,0.10810779406924777,0.11054,0.11542,0.12063,0.12714011037113224,0.13449156205257834,0.1426,0.15113,0.20960841347872122,0.20148,0.19346,0.18374,0.17440332983978574,0.1649,0.15614,0.14836,0.14033,0.13389,0.12714,0.12128,0.1167974224790883,0.11297
20-01-2026 12:40,25423.5,0.10643,0.10618,0.10516001446314008,0.10452,0.10418,0.1047,0.10697,0.11016,0.11521,0.12087179958993181,0.12754,0.13497,0.14277,0.15133,0.2095201634059368,0.20113,0.1926628577613638,0.18383,0.17468,0.16551898448974645,0.15647,0.14846,0.14089167940705993,0.13407376587128753,0.12806,0.12269,0.11854,0.11481
20-01-2026 12:45,25416.4,0.11852,0.11428,0.11149,0.10896,0.10773,0.10729,0.10892,0.11188,0.1167,0.12145,0.12829,0.13531,0.14295,0.1516,0.2082591223666386,0.19996,0.19164,0.18237,0.17329,0.16429666662717826,0.1555168716719947,0.14701,0.13937,0.13277,0.12663,0.12093,0.11667,0.11286426557955642
20-01-2026 12:50,25426.5,0.11311,0.11122,0.10906,0.10681,0.10619064538433001,0.10587,0.10744,0.11062,0.11480992265039308,0.11979,0.12620204106384778,0.13337,0.14056,0.14862,0.21124,0.202,0.1928,0.18391,0.1744227947152778,0.16542,0.15643,0.14851,0.14039,0.13381,0.12721,0.12141,0.1171,0.11314
20-01-2026 12:55,25428.95,0.1147,0.11217,0.10879350658475552,0.10689,0.10592,0.10607,0.10751,0.11028,0.11486,0.11946,0.1261,0.13324,0.14029,0.14881,0.21106,0.20141,0.19312,0.18387,0.17481,0.1652,0.15629,0.14784,0.13991,0.13364,0.12696,0.12135792264099615,0.11649,0.11241
20-01-2026 13:00,25428.55,0.11009,0.10856,0.1069,0.10542,0.1045,0.10516,0.10748269654810638,0.1105045912482522,0.11462,0.11955,0.12619,0.13349,0.14090098612550378,0.14912,0.21205,0.20331313637777387,0.1943,0.18527,0.17580601008083807,0.16656,0.15769,0.14962,0.14138,0.13494,0.12799,0.12204,0.11751,0.1133028061349995
20-01-2026 13:05,25423.7,0.11124,0.10858295214881382,0.10656967182054658,0.10539,0.10457196693961178,0.1048,0.10666,0.1096,0.11432,0.11944,0.12623,0.13368,0.14102,0.1489017497812073,0.21158,0.20228,0.19419,0.18511,0.17557943799478104,0.16629,0.15714,0.14924,0.14094,0.13456,0.12772,0.12213533234261331,0.11728,0.11361
20-01-2026 13:10,25424.7,0.1078,0.10677,0.10565,0.10431,0.10396,0.1043,0.10644,0.10939,0.11411310546620863,0.11943,0.12599,0.13342,0.14107148013259355,0.14945,0.21222,0.20243,0.1938664810105893,0.18492,0.17599,0.16618,0.1577377359726979,0.14959,0.14143,0.13438784971219397,0.12811,0.12231,0.11772058731285033,0.11415
20-01-2026 13:15,25413.05,0.11682283078030783,0.11396,0.11111,0.10903,0.1073,0.10742,0.10895,0.11184,0.11605181469819625,0.12138,0.12765987472258944,0.13515,0.14205,0.15068,0.2115,0.20265245748632604,0.19348,0.18399,0.17438,0.16511,0.15615,0.14777,0.14028426654796344,0.13339,0.12652,0.12103395050275459,0.11603622282414348,0.11188
20-01-2026 13:20,25432.95,0.10549,0.10521,0.10463,0.10332,0.10306,0.10452840760870595,0.10583,0.10895,0.11362,0.1188410036915928,0.12489216579211491,0.13176,0.13839,0.14622,0.21272,0.20298,0.19458,0.18595,0.17631005720774207,0.16723,0.15861,0.15051,0.1428153541126465,0.13619,0.12938,0.12385,0.1192323474070908,0.11571
20-01-2026 13:25,25422.0,0.11166,0.11031,0.10826,0.10659,0.10591,0.10591,0.10804457554826331,0.11048,0.11505,0.11937,0.12564,0.13239,0.13918,0.14686,0.2105914627537708,0.20228,0.1938,0.18472758616634702,0.17549,0.16598,0.15731,0.14858,0.14068,0.13396804965242748,0.12769,0.12213,0.11759158026287903,0.1139
20-01-2026 13:30,25415.05,0.10348,0.10326,0.10286,0.10234,0.10244,0.10378,0.10643,0.10968,0.11459809500834317,0.11975,0.12607,0.13332,0.14008,0.14774,0.21187,0.20201,0.19422,0.18451941930103824,0.17533,0.16572,0.15696,0.14927,0.14108,0.13458903398762503,0.12852,0.1233564340788863,0.11927,0.11595
20-01-2026 13:35,25392.3,0.10629,0.10578,0.10436,0.10439,0.10435,0.10572,0.10893236457775407,0.11231,0.11748,0.12272,0.12934,0.13666,0.14399,0.15221,0.21263,0.20288,0.19494,0.18565,0.1764,0.1668,0.15868,0.15101,0.14296,0.13658,0.13079,0.12511,0.12114,0.11734528570254082
20-01-2026 13:40,25365.4,0.1195,0.11614,0.11303,0.11111,0.10982,0.11059,0.11295,0.11636,0.12121,0.1265,0.13288,0.14036,0.14718,0.15527,0.20951805515813027,0.20149,0.19393,0.18288,0.17352,0.16381,0.15514,0.14686,0.1396016827186556,0.13282,0.1262,0.12081,0.11627738257225344,0.11217
20-01-2026 13:45,25372.15,0.11362,0.11193,0.10892,0.10755,0.10657,0.10757,0.11044,0.11415,0.11937,0.12474,0.13185,0.13917,0.14658,0.15474,0.21139,0.20267,0.19377505163348654,0.18461,0.17568,0.16583,0.1576318630315772,0.14928,0.14204690350469468,0.13548,0.12896,0.12333,0.1187,0.11453
20-01-2026 13:50,25364.1,0.11892128784004873,0.11542,0.11179641674874174,0.11015,0.10898,0.10929,0.11172,0.1156,0.12044962362697356,0.12631133526328847,0.13298,0.14043,0.14763,0.15575,0.21097,0.20219,0.1932306614978191,0.18402519805912085,0.17482535871220733,0.16567312863515898,0.15701,0.1485330394971499,0.14016,0.13401,0.12738,0.12171,0.11726,0.11303
20-01-2026 13:55,25368.4,0.11983572313525793,0.11596,0.11202092685546043,0.11014,0.10897896134687508,0.10947,0.11184,0.11536,0.12047,0.12582,0.13258,0.13973,0.14713,0.15527,0.21065,0.20234,0.19506,0.18455,0.17557,0.16568,0.15734423559891836,0.14869,0.14079,0.13478,0.12791,0.1224,0.11736,0.11303
20-01-2026 14:00,25369.7,0.11597497635881351,0.11201,0.10893,0.10744,0.10673,0.10818,0.11086,0.11473,0.12021,0.1257449059903663,0.13214,0.1396,0.1468,0.15515,0.21334,0.20365,0.1959,0.18600400598111125,0.17649278289785836,0.16678,0.15798,0.14922,0.14073,0.13489,0.1298189648467635,0.12612326614412434,0.1233473190809496,0.12076055186848869
20-01-2026 14:05,25359.55,0.11485311060093002,0.11154,0.10917,0.10798,0.10734,0.10897,0.11175,0.11592,0.12161,0.12712117999115088,0.13384,0.1413,0.14939549337441452,0.15808,0.2121946306548752,0.20364,0.19509,0.18532,0.17684,0.16732,0.1586,0.14999,0.14228,0.13639,0.12966,0.12411,0.11977,0.11568525308724321
20-01-2026 14:10,25355.15,0.1183,0.11485,0.11245,0.11044956334275927,0.11,0.11136916495691745,0.11373,0.11751,0.12316,0.12866600529562028,0.1354225979302295,0.14273797432286373,0.15054,0.15889,0.21223,0.20319,0.19417901764433784,0.18513,0.17609380252829268,0.16724,0.15862,0.1503663709489433,0.14221,0.13597,0.12932,0.1235891646284127,0.11868057679517775,0.11436
20-01-2026 14:15,25366.45,0.11289023811376776,0.11021,0.1083189484995292,0.10745,0.10704,0.10866,0.11137,0.11521,0.12048009933375214,0.12634,0.13298,0.14037238174774708,0.14814,0.15614639742168493,0.21104591264311515,0.20194,0.19271,0.18417241296256384,0.17576,0.16672,0.15844,0.15063113122152375,0.14325314681668974,0.13675,0.13014,0.12493507197376039,0.12065,0.11665
20-01-2026 14:20,25356.3,0.12201,0.11807,0.11447013441665045,0.11293,0.11176,0.1126646361599883,0.1147,0.11805,0.12277,0.12807,0.13424,0.14166,0.14925,0.15720251274974587,0.21,0.20085,0.1926,0.18335,0.17458,0.16573,0.15718,0.14903,0.14153,0.13538,0.12847,0.12274,0.11845,0.11392
20-01-2026 14:25,25378.65,0.12105,0.117,0.11278587558286629,0.11102,0.10963,0.11063,0.11258,0.11624361059009937,0.121,0.12604,0.13239,0.13931,0.14648,0.15474,0.21293,0.2034,0.19521,0.185835829294527,0.17705,0.1674,0.15813,0.14975,0.142351347488953,0.13547,0.12861,0.12265,0.11805,0.11323
20-01-2026 14:30,25385.8,0.11073,0.10874,0.10670553475349381,0.10574645612828046,0.10555,0.10716,0.10982413478532262,0.11346,0.11826015372301052,0.12355,0.13016,0.13685,0.1439625715002415,0.15121535194544894,0.21419,0.20425,0.19575899214676368,0.18659,0.17846,0.169,0.16006,0.15221,0.1450021961007992,0.13853,0.1319,0.12654,0.12214,0.11784
20-01-2026 14:35,25374.45,0.10874,0.10747,0.10589,0.10523,0.10555556396207919,0.10647,0.10924,0.11288,0.11791705663341213,0.1233,0.12981,0.13653563709645483,0.14366,0.1516,0.21543,0.20562,0.19772,0.18902,0.17987,0.1709,0.16238,0.15404,0.14686106150699182,0.14024,0.13375754877757204,0.12795,0.12368,0.11927
20-01-2026 14:40,25356.7,0.11163555574170207,0.10881,0.10683,0.10575978994941783,0.10637,0.1082,0.11121,0.11492,0.12054,0.12572,0.13238,0.1394,0.14656,0.15455,0.21567537618153265,0.20743,0.19928,0.18959,0.18121,0.17213,0.16356,0.1549,0.1474,0.14077,0.13453,0.12876,0.12406,0.11977
20-01-2026 14:45,25345.55,0.11529,0.11294,0.11041,0.10866826249053313,0.10864,0.10987,0.11265,0.11615,0.12133309252233114,0.12710109233396957,0.13376,0.14068,0.14752,0.15514,0.21677,0.20717,0.19801,0.1883,0.17987,0.16997,0.16096,0.15256,0.14536704312941034,0.13852,0.13195,0.12642,0.12178,0.11732
20-01-2026 14:50,25348.5,0.10425,0.10393,0.10305,0.10268636228218042,0.10348,0.10534,0.10893,0.11343661042236973,0.11893,0.12412,0.1315,0.13842,0.14581,0.1543,0.21856,0.20883,0.1990135355749301,0.18946,0.18002285844816265,0.17097,0.16189,0.153,0.14558,0.1391,0.13254,0.12726976511966906,0.12282,0.11870123056560511
20-01-2026 14:55,25335.5,0.09571,0.09742,0.09848,0.09992,0.101,0.10445,0.10817,0.1129,0.11894073823098188,0.12474,0.13244,0.13951,0.14673,0.15479,0.21849,0.20917358008942769,0.1994313729971992,0.18956722090590364,0.18023,0.16993,0.16071,0.15238,0.14526,0.13876,0.13306,0.12801,0.12455,0.12171
20-01-2026 15:00,25288.25,0.1044,0.10407,0.10406,0.10487,0.10668109773112407,0.10966,0.1139,0.11894,0.1255,0.13158973331590518,0.13884380141948838,0.14653,0.15422074581733658,0.16265,0.2131,0.20251,0.19301,0.18224,0.17393,0.1639,0.15496,0.14722,0.14049,0.13464,0.12921877854429034,0.12433,0.12107,0.11819
20-01-2026 15:05,25289.95,0.09810679444057678,0.09853,0.09973,0.10149,0.10418,0.1078,0.11255,0.11733,0.12391,0.130324420764128,0.13757090047556042,0.14491,0.15284,0.16084,0.21652,0.20608041782545072,0.19639,0.18535,0.17685,0.16715526162263825,0.15847,0.15071,0.14413,0.13867,0.1335,0.12859,0.12558171988918193,0.12319
20-01-2026 15:10,25245.35,0.09945,0.10039327914414937,0.10227474619627162,0.10516,0.1089,0.11311,0.11855,0.12393186361829421,0.13062,0.13693134570800714,0.1442,0.15119,0.15931,0.16759,0.21653,0.2042,0.19461,0.18401,0.17462,0.1659849003242243,0.1576,0.15086,0.14497,0.14046,0.13613,0.13301,0.13092,0.12893614401971737
20-01-2026 15:15,25238.75,0.10515,0.10596,0.10699,0.10871,0.11216,0.1162304759923645,0.12091,0.12630957026013334,0.1326882642416195,0.13918,0.1464150523038392,0.15373,0.16161,0.16897,0.22738,0.21506,0.20336695422976073,0.19277,0.1815798267136913,0.17182,0.16316,0.15509554684218355,0.14824,0.14265,0.13723268292306626,0.13321,0.12910157447531287,0.12541512008647704
20-01-2026 15:20,25191.85,0.12125,0.11886,0.11737,0.11782958580244726,0.11975,0.12280457450973742,0.12685,0.13185,0.13761,0.14411,0.15051,0.15709,0.16452136045962004,0.17198,0.21926726683562558,0.20918,0.20017,0.18901,0.17855476506364198,0.16855,0.15906,0.1507967924987682,0.14289,0.13612,0.13026,0.12498,0.12099,0.11734
20-01-2026 15:25,25185.2,0.13971608906651603,0.1337293485093455,0.1297,0.12673,0.12581,0.12786,0.12951,0.13429152069582023,0.13935,0.14396,0.15084342863885192,0.15751,0.16495,0.17189,0.22101474532144716,0.2088,0.19656,0.18717,0.17528,0.16647,0.15823,0.15255,0.14239,0.1339,0.12805,0.12057,0.11524,0.11007259253319435
21-01-2026 09:15,25171.75,0.1641003476251454,0.15294,0.14777655916949714,0.14119,0.13853,0.13825,0.1395,0.14353594789931173,0.14727,0.15271,0.15951675862954157,0.16575,0.17272,0.18004,0.22163,0.21205,0.20214,0.19239,0.18253,0.17277,0.16299,0.15324,0.14406,0.13532,0.12661,0.11838,0.11024,0.10135
21-01-2026 09:20,25204.0,0.14489,0.13684,0.13149,0.12897,0.12792,0.12825,0.13111,0.13522,0.14083,0.14681,0.15371,0.16135,0.16841,0.17651,0.22981,0.21959312453422947,0.20887,0.19878,0.18866,0.17834268072866558,0.16860528997481222,0.15893,0.14964,0.14123,0.13293,0.12507,0.11766,0.11031
21-01-2026 09:25,25249.5,0.11239,0.11070713119967857,0.10841,0.1092,0.11137162995295362,0.11359,0.11892480411255284,0.124,0.13056,0.1378,0.14569,0.15395,0.16214,0.16992,0.23932,0.22872,0.21839904425144707,0.20844,0.19844,0.18775080733680147,0.17804922251122562,0.16883,0.15985,0.15212,0.14385,0.13775,0.1322,0.12648053083693564
21-01-2026 09:30,25231.8,0.13669,0.12893149811322138,0.12412,0.12087,0.12038,0.12144977253865091,0.12475,0.12956,0.13608,0.14246,0.15005,0.15783,0.16532,0.17285,0.2348823916310697,0.22477503942067512,0.21458402213357752,0.20422,0.19388,0.18338,0.17313863614007208,0.16297,0.15255,0.14322,0.13429,0.12583,0.11875,0.11057
21-01-2026 09:35,25229.95,0.11245490774480893,0.1101528313635998,0.10846,0.10857,0.1107548627599121,0.11357,0.11819,0.12409,0.1309,0.13852,0.14715236492061295,0.1555,0.16438,0.17241,0.2393,0.22814911727242485,0.21739,0.20703,0.19617401545573115,0.18647,0.1758,0.16575,0.15633,0.14788,0.13944,0.13261,0.12591,0.12057
21-01-2026 09:40,25195.85,0.1287612145559103,0.12386,0.12034,0.11914,0.11944,0.12178,0.12572,0.13085594318812654,0.13744,0.14442,0.15206,0.15992292688766163,0.16807657935289522,0.17625,0.23126,0.22039,0.20921,0.19894,0.18912,0.17868,0.16834720312844872,0.15788,0.14814,0.13936,0.13038,0.12255,0.11511,0.10845601179539006
21-01-2026 09:45,25195.8,0.12716401832421942,0.12241,0.11905,0.11758,0.11846322295098788,0.12115,0.12508,0.13066,0.136770658813713,0.14369,0.15164,0.15958171725123768,0.16779,0.17631,0.23004466490994768,0.21955,0.20885,0.19847492138447037,0.18822,0.17803,0.16786917181590624,0.15791,0.14843,0.1399,0.1314,0.12326,0.11657,0.10994
21-01-2026 09:50,25185.15,0.12236,0.11795,0.11563822209688196,0.11528,0.1166283238887933,0.11966,0.12441761083568201,0.1304,0.13697,0.14439,0.15238,0.16083,0.16916,0.17729,0.22539,0.21541,0.20434,0.19499,0.18528,0.17565,0.16525,0.15601,0.1469,0.13844901479873997,0.13028,0.12306525868015251,0.11641,0.11009
21-01-2026 09:55,25177.9,0.11379,0.11152,0.11085317067031844,0.11141,0.11346,0.11718,0.12215,0.1284,0.13560743149000826,0.1435246892398103,0.151964190769043,0.16066,0.16945,0.17816597504082426,0.22504,0.21521,0.20467,0.19504139843743773,0.18535228834987985,0.17627,0.16641418243591316,0.1575,0.14867,0.14081,0.1331439167061956,0.12667,0.12103,0.1157
21-01-2026 10:00,25151.55,0.12546,0.1208012492451722,0.11876346177207883,0.11892,0.11961,0.12284,0.12739,0.13308,0.13961,0.14673,0.15487,0.16346,0.17209,0.18065849240717355,0.22193,0.21176,0.2018374620039115,0.19167,0.18148,0.1718,0.16211,0.15239,0.14399,0.13558,0.12784,0.12142,0.11492627320349218,0.10876
21-01-2026 10:05,25168.3,0.11810500725910238,0.11538,0.11423,0.11445,0.11682424112087879,0.12029047916273138,0.1249676786843889,0.13075,0.13746,0.14494,0.15349,0.16138,0.16973,0.17714,0.22286,0.21264,0.20243,0.19279,0.18268,0.17313,0.16324,0.1546,0.1458,0.13816,0.13112,0.12476,0.11912,0.11439
21-01-2026 10:10,25142.55,0.12749,0.12315,0.12023,0.12039,0.12189,0.12482,0.1296240182660426,0.13563,0.14202,0.1494453657460809,0.15767,0.16529,0.17225,0.18029,0.21797,0.20761,0.19790512367010443,0.18776,0.17788,0.16848,0.1590154355769961,0.14989,0.14065,0.13289,0.12515,0.11804,0.11153,0.10527
21-01-2026 10:15,25145.8,0.12333,0.11947,0.1175,0.11739000272028637,0.11928,0.12282,0.12764,0.13377,0.1409,0.14845679285985178,0.15653,0.16493,0.1719,0.17995,0.22032,0.21,0.20006462822608023,0.18993,0.17991720971259703,0.17012,0.16051,0.1515109963120184,0.14283223738412615,0.13445,0.12696,0.1204,0.11402,0.1085
21-01-2026 10:20,25143.35,0.1079,0.10745,0.1083,0.11044,0.11423,0.1196150378693626,0.1254,0.13227,0.14021,0.14801,0.15664,0.16499,0.17225,0.18071,0.22032,0.21089,0.20145,0.19248,0.18309,0.17442,0.16525,0.15763,0.14974,0.14271,0.13565,0.13077,0.12584,0.12255
21-01-2026 10:25,25100.4,0.12159,0.11908,0.11899,0.1201,0.12283,0.1270441903100139,0.13228,0.13878,0.14571,0.15384,0.1619204980374833,0.17048,0.17831,0.18593,0.21872,0.2089,0.19884,0.18907,0.17952,0.16994856208698506,0.16056,0.15206,0.1438,0.13602,0.12931,0.12317,0.11783194829104364,0.11316
21-01-2026 10:30,25093.35,0.12219405120599125,0.12031,0.11937,0.12075,0.12372,0.1282,0.13354,0.13999546102031765,0.14693,0.15483,0.16325,0.17117122504939417,0.17905690168545302,0.18642,0.21712,0.2065,0.19696,0.18695,0.17724511443312743,0.1679,0.1584,0.14965,0.1415,0.13394064249798718,0.12692045366226903,0.12053,0.11435,0.10948
21-01-2026 10:35,25094.5,0.11848,0.1171,0.11731,0.11930440385229389,0.12270063910987672,0.12727,0.13311800566736043,0.13977145703655944,0.147,0.15472,0.16342,0.17133,0.17914,0.18757,0.2166,0.20606,0.19642,0.18667,0.17674,0.16751,0.15879282975020909,0.15015,0.14241,0.13525,0.12902,0.12337,0.11888,0.11520413275169404
21-01-2026 10:40,25076.8,0.11087795232773698,0.1126,0.11567533603394954,0.11919,0.12378,0.12957,0.13582,0.14283,0.14989,0.15783,0.16683,0.17498640694882173,0.18316,0.19098,0.21921,0.21009,0.20117,0.19196,0.1830816030495596,0.1754,0.16699,0.16,0.15276,0.14706,0.14168640030005866,0.13814,0.13602,0.13435
21-01-2026 10:45,25011.65,0.12991,0.12886,0.12996,0.13271,0.13656,0.14136082007858605,0.1476,0.15431,0.16135,0.16871,0.17751,0.18442,0.191403796909033,0.1978975024816614,0.2134,0.20348,0.19441,0.18465,0.17497,0.1664,0.15781,0.14998,0.14243,0.13657059228876287,0.1304229404064401,0.1243,0.11945,0.11484
21-01-2026 10:50,25009.05,0.1201,0.12206,0.1260076143382685,0.1298,0.13479,0.14107369685234558,0.14727,0.15464372869763673,0.16232,0.16956,0.17816,0.18631,0.1942056367313519,0.20172,0.22256,0.21319,0.20412,0.19450942044805572,0.18603,0.1770450252077785,0.16925420919502368,0.16209763006667505,0.15621,0.1511,0.1474,0.14463,0.14192,0.14173
21-01-2026 10:55,24957.3,0.14328,0.14080731348538475,0.14171,0.14384,0.14722,0.1518,0.157,0.16281293471432381,0.16965,0.17684,0.18409023295740787,0.19209,0.19924,0.20689,0.22052,0.21082571546496062,0.20088,0.19093,0.18127,0.17182899609088098,0.16314,0.1544,0.14602,0.13843,0.13136599447719632,0.1235,0.11734005956578532,0.11068674125053732
21-01-2026 11:00,24996.3,0.1347,0.13405237560678548,0.13532,0.13812,0.14231,0.14755,0.15363,0.16007,0.16697,0.17401,0.18197,0.18865,0.19583,0.20379,0.22455,0.21423,0.20368613788790782,0.19389,0.18403,0.1746974422335793,0.16654,0.15824,0.15039786141405345,0.14372,0.13740032911510572,0.13204,0.12724,0.12298189739809111
21-01-2026 11:05,24985.75,0.13723379397711924,0.13763,0.13894,0.14137,0.1458,0.15085,0.1568,0.16288,0.16942,0.17636,0.18417,0.19065,0.19721,0.20514,0.2196,0.20915,0.19846551790737174,0.1882018580621164,0.17801,0.16867,0.16003979210488622,0.15128,0.14394,0.13636,0.12993,0.12302,0.11766752342662379,0.11277
21-01-2026 11:10,25017.2,0.14101152701402075,0.1400839882310364,0.14029,0.1409810231619194,0.14317,0.14704,0.15151,0.15735061749057974,0.16355,0.17048625383314572,0.1778,0.18489,0.1916,0.19977,0.22119,0.21052,0.20085,0.19069,0.18073,0.17053,0.1613,0.15209,0.1432,0.13358,0.12580531253506044,0.11749,0.11042,0.10185
21-01-2026 11:15,25046.1,0.14397,0.14016,0.13861066188060736,0.13908,0.14103,0.14436,0.14881,0.15391,0.15965,0.16606,0.17377,0.18004,0.18735,0.1947,0.22158,0.21124,0.20104,0.19101,0.18117,0.1714780911768038,0.16191,0.15273,0.14403,0.13539,0.12731,0.12038,0.11276,0.10576346349595407
21-01-2026 11:20,25060.3,0.13169,0.12981,0.1297,0.13102,0.13391,0.13809,0.1435165534373838,0.14952,0.15635653617325446,0.16347252963573897,0.17068,0.17767,0.18460531148384343,0.19115332779923136,0.22501,0.21547104438645176,0.20584,0.19596,0.18562,0.17611,0.16717,0.1585,0.14967,0.14173,0.13515,0.12908,0.12283,0.11697
21-01-2026 11:25,25041.3,0.12924,0.12753,0.12769,0.12964,0.13366,0.13824,0.14359,0.14983,0.15679,0.16395,0.17192,0.1789,0.18698,0.19456,0.22775,0.21815,0.20868,0.19892,0.18899,0.17966,0.17054,0.1622,0.15398600160957132,0.14682,0.13944132932067343,0.13311,0.12778,0.123
21-01-2026 11:30,25041.05,0.13283,0.13058,0.1302996131172369,0.13195,0.13501,0.13941,0.14464372692854705,0.15084,0.1577075184242299,0.16494,0.1728,0.17992,0.18742,0.19459729261021275,0.22611,0.21648576407273348,0.20679642226830103,0.19712746998541741,0.18746,0.17814,0.1690380478619485,0.16022,0.15174,0.1437,0.13617,0.12995,0.12374,0.1176
21-01-2026 11:35,25049.35,0.13118,0.12936,0.12957,0.13118,0.13391,0.13844,0.14389,0.14995,0.15668,0.1640569945887389,0.17176,0.17919800029693814,0.18645,0.19453,0.22696,0.21724411266226124,0.20769,0.19761,0.18773,0.17863,0.16983,0.16134,0.15298263331485618,0.14528,0.13856,0.13231,0.12686,0.12162
21-01-2026 11:40,25042.9,0.13326192949523483,0.13186,0.13145,0.13247,0.13537,0.13943502004870506,0.14483,0.1505,0.15708,0.16411,0.17186,0.17917,0.18658,0.19412,0.22612,0.21626,0.20649,0.19653,0.18629,0.177,0.16772,0.15908,0.15079,0.14328,0.13622649492591116,0.12979,0.12372,0.11814641345464127
21-01-2026 11:45,25045.15,0.13332943569977043,0.13206,0.13135393744489796,0.13236,0.13523,0.13924,0.14427,0.1499,0.15644,0.16362,0.17162,0.1783,0.18635,0.1939,0.22687,0.21664,0.20673,0.19655,0.18659,0.17713,0.16783,0.15919,0.1508237836822054,0.14292,0.13557,0.12887,0.12235,0.11628149509641988
21-01-2026 11:50,25057.75,0.13374,0.13061,0.12978,0.1313,0.13417,0.13801,0.1433,0.14884,0.15563,0.16264,0.17054,0.17769,0.18521,0.19285,0.22699,0.217,0.20682559032282277,0.19684547799467966,0.18704,0.17744857994295324,0.16813,0.15925,0.15112,0.14337,0.13526,0.12839,0.12245,0.11627
21-01-2026 11:55,25064.55,0.13047,0.1286,0.12848,0.12994,0.13295,0.13718,0.14238,0.14817,0.15471,0.16176,0.1697,0.17657,0.18406,0.19166,0.22742,0.21717,0.20708542745559208,0.19738,0.18712,0.17786,0.16849,0.15966,0.15123402301252356,0.14360691606192807,0.13634,0.12944941760933645,0.12378,0.11829
21-01-2026 12:00,25081.9,0.14194,0.13712,0.13497,0.13424,0.13538167986611194,0.13853,0.14254,0.14726536395300519,0.15337,0.15944,0.16694,0.17378,0.18123,0.18878,0.225,0.21461,0.2048,0.19454586919958874,0.18440343430774833,0.17414,0.16427,0.15487,0.14552,0.1374146199400736,0.1291167584819067,0.1206,0.11306,0.10483
21-01-2026 12:05,25117.2,0.12873,0.12563,0.12408,0.12527815984442897,0.12718,0.13056,0.1351,0.14051,0.14695,0.15358,0.16091031311652731,0.16809,0.17581,0.18372,0.22783008935241078,0.21847,0.20894,0.19889429885130705,0.18906,0.17998,0.17017,0.16139,0.15266,0.14483,0.13702,0.13023,0.12375,0.11802
21-01-2026 12:10,25113.35,0.13919,0.13376,0.13116,0.13082,0.13145,0.13404,0.13797,0.1429377941662962,0.14912,0.15502,0.16263,0.16926,0.17671,0.183839835062816,0.22408,0.21377,0.20384,0.1938273360906313,0.18417700690617334,0.17402,0.16463,0.15525,0.14665,0.13796,0.12963,0.12258,0.11501147783322832,0.10767
21-01-2026 12:15,25129.25,0.14212,0.13645,0.1325533877452918,0.13138,0.13217,0.13425919951689957,0.13796,0.14234,0.1479,0.15374,0.16084,0.16697,0.17331,0.18063,0.22547915723497666,0.2158,0.20614,0.19586,0.18606355593434248,0.17534,0.1656,0.15635,0.14722,0.13817,0.13001,0.12186,0.11408,0.10638
21-01-2026 12:20,25163.0,0.13704,0.13153,0.1277836333143899,0.12705,0.1276338735769019,0.1301431356013668,0.13361,0.13822,0.14354,0.14955,0.15667,0.16310083940539272,0.16958,0.17664,0.23038,0.22027,0.21058,0.20048,0.19103583271697458,0.18101,0.17114,0.162,0.15272,0.14432,0.13626,0.1279,0.12079294728740211,0.11349
21-01-2026 12:25,25166.9,0.11646,0.11482,0.11454,0.11565,0.11826,0.12277176567825784,0.12722,0.13303,0.13967,0.14655,0.15443,0.16135,0.16878,0.17598016081293744,0.23888,0.22894,0.2188426667211292,0.20945,0.19993,0.19064,0.18145,0.17227606817107585,0.16387502703367782,0.15598939418202723,0.14943,0.14255,0.13679,0.132
21-01-2026 12:30,25153.65,0.14411,0.13677954975840337,0.13294,0.13066,0.13051,0.13202,0.13486292147372755,0.13924,0.14482,0.1501,0.15725,0.16402,0.17046,0.17743,0.23409,0.22385,0.21446,0.20471615327702544,0.1946464067539398,0.18477,0.17467,0.16519,0.15566,0.14664,0.13804,0.12914,0.12071,0.11267
21-01-2026 12:35,25191.3,0.1472,0.14047,0.13539,0.13212,0.13144641712842303,0.13255,0.13494,0.13883,0.14335,0.14828,0.15471,0.16102,0.16736254639856518,0.17383,0.2341,0.2241,0.2144853116121641,0.20486997037571644,0.19469,0.18542,0.17552,0.16609,0.15689,0.14758,0.13896,0.13075,0.12259,0.11461
21-01-2026 12:40,25225.6,0.1359263459430487,0.1311,0.12780442470566875,0.12561,0.12506,0.1262,0.12875,0.13256790475254843,0.13711,0.14219,0.14804,0.15492,0.16058,0.16847,0.24091,0.23056,0.22149,0.21174,0.20221,0.19333,0.18365,0.17470732565678598,0.16626,0.15743397268191606,0.14923094684162513,0.14166,0.13429,0.1274
21-01-2026 12:45,25260.15,0.14866,0.1404619179633184,0.13502,0.13106,0.12889,0.12878,0.13055313997657936,0.13345,0.13754,0.14228,0.1475626356785414,0.15331,0.15916,0.16562,0.24406175496556584,0.23445,0.22483,0.21557,0.20544,0.19649,0.18690162581943515,0.17763,0.16816,0.15944,0.15062,0.14206,0.13387,0.12606
21-01-2026 12:50,25266.0,0.15034044372065486,0.14299,0.13659,0.13215197833691247,0.13001981312055289,0.12986,0.13099,0.13379,0.1377,0.1423,0.14736,0.15339,0.15914,0.16617,0.24734623287933602,0.23813,0.22897,0.21942753421666025,0.2098,0.20057,0.19091,0.182,0.17238,0.16351,0.15473,0.14632,0.13756,0.12958
21-01-2026 12:55,25281.8,0.13917,0.13325601035974521,0.12880389668136563,0.12593,0.1249261882896452,0.12550326287855376,0.12725424944728633,0.13018496927473538,0.13403,0.13891,0.14462,0.15084,0.15753,0.16445035583967388,0.25027,0.24056,0.23144,0.22236,0.2125,0.20318,0.19394,0.18479,0.17522,0.16673,0.15789,0.14926,0.14108,0.13375
21-01-2026 13:00,25281.3,0.13807,0.13319,0.12776,0.12551,0.12366,0.12413,0.12643,0.12955,0.13415,0.139306693376116,0.14535,0.15225,0.1586,0.16594,0.25099,0.2412,0.23143,0.22218,0.21278,0.20316,0.19335,0.18437,0.17524574482900993,0.16631568449216727,0.15764,0.14886,0.14094,0.13318
21-01-2026 13:05,25288.85,0.12164,0.11875,0.11667,0.11569,0.11683008197436585,0.11798,0.1212,0.12532,0.13069,0.13647,0.14268,0.14990531319428313,0.15706245534841315,0.16431,0.25082301217138514,0.24191499239259875,0.23312,0.2236855779409276,0.21469,0.20515,0.19551,0.18666,0.17799,0.1693,0.16109,0.15329,0.14588,0.13943
21-01-2026 13:10,25221.5,0.14555,0.13388,0.13292,0.12941,0.12723,0.12818,0.12948983864800775,0.13326,0.13677,0.14244,0.1485488858411613,0.15601,0.16247,0.17012,0.24334,0.23292,0.22424,0.21525,0.20452,0.19612,0.18546,0.17645,0.16852,0.15804,0.14967,0.14177,0.13249,0.12413
21-01-2026 13:15,25225.05,0.1338,0.12896,0.1254586291070303,0.12326,0.1228,0.12402,0.12667675935194617,0.13065,0.13568,0.14121,0.14793,0.15501,0.16172,0.16931,0.24435,0.23512,0.22589,0.21678,0.20749,0.19819,0.18898589840514762,0.18004,0.1711,0.1628,0.15452,0.14636,0.13888,0.13236
21-01-2026 13:20,25225.7,0.12872,0.12486,0.12231759332739917,0.12081,0.12085,0.12246,0.12556,0.12964,0.13486,0.14077,0.14750202125335235,0.15468,0.16132,0.16885,0.24515443700221162,0.23659873630246972,0.22782,0.21895,0.20902,0.19978,0.19047,0.18129,0.17239774770885322,0.16424,0.1558424932430834,0.14833,0.14156,0.13545
21-01-2026 13:25,25205.25,0.1341869456665289,0.1299,0.12663,0.12487,0.12494,0.12610139510376234,0.1291,0.13326,0.13793886065297367,0.14405,0.15016,0.1571472976950122,0.16463,0.17223,0.24316,0.2337,0.22373,0.21445,0.20477444384711552,0.1951872574062426,0.18538,0.17635,0.16764,0.15913,0.1512,0.14405901685186084,0.13715352961702978,0.1304
21-01-2026 13:30,25215.7,0.11633320882025412,0.1151094461577695,0.11384,0.11439,0.11611,0.11898,0.12333949390460153,0.12793,0.13384,0.14041,0.14769837500353566,0.15499546257961333,0.16265,0.17059,0.24707,0.23815,0.22833331861312675,0.21911,0.20948,0.20028,0.19068486166243073,0.18238,0.17411,0.16604,0.15871,0.15219,0.14655,0.14146
21-01-2026 13:35,25182.35,0.14827,0.13934,0.13698,0.1338,0.13289,0.13224,0.13452785060886827,0.1378,0.1423,0.14773,0.15379,0.16018434710067397,0.16719,0.17421,0.2375301010004268,0.22763,0.21827249536616544,0.20869,0.1986,0.18997,0.18004,0.17157,0.16251,0.1542097206087335,0.14590969949164528,0.13646,0.12972,0.12058
21-01-2026 13:40,25193.1,0.13324,0.1288987514417723,0.1257,0.12472,0.12518,0.12695,0.1298800173622695,0.13381,0.13901,0.14486,0.15122394911897707,0.1581,0.16516,0.17297,0.24104,0.23161,0.22252,0.21314,0.20345,0.19387,0.18456,0.17598,0.1671064702145086,0.15902,0.15151263030160103,0.14393,0.13706,0.13075
21-01-2026 13:45,25192.95,0.13211,0.12832,0.1251717106419252,0.12411,0.12448,0.12634,0.12935,0.13350488902832686,0.13859,0.14451,0.15095,0.15785,0.16523,0.17348,0.24175,0.23225,0.22274,0.21318,0.20349,0.19378,0.18417,0.17565,0.16677,0.15838,0.15083019918296597,0.14335,0.13649,0.13029
21-01-2026 13:50,25179.95,0.12507,0.1225,0.12106,0.12096,0.12254,0.12493,0.12858,0.13335,0.13902,0.14535857969177784,0.15218,0.15955,0.16688,0.1742,0.2418,0.23224,0.22298,0.21312,0.20354,0.19431,0.18498,0.1767,0.16826,0.1603,0.15311,0.14644,0.14051,0.13484179755671843
21-01-2026 13:55,25164.25,0.12508,0.1227,0.12142,0.12197743147009392,0.12362,0.12631401363306222,0.12986,0.13471,0.14081,0.14683,0.15375,0.16127,0.16886,0.17614,0.24014,0.23066,0.2216,0.21187,0.20207,0.19273823098087892,0.1836204029843431,0.17487,0.16677,0.15894,0.15212,0.14506,0.13935,0.13429
21-01-2026 14:00,25141.15,0.13185137429235405,0.12917,0.12692,0.12689,0.12849,0.1309,0.13466,0.13925,0.14488,0.15069,0.15765,0.16457,0.17215,0.17942,0.23329906728848096,0.2242,0.21511,0.2058,0.19619312065080202,0.18634,0.17715,0.16852,0.16066944528528862,0.15275,0.14567,0.139,0.13286765870984552,0.12701
21-01-2026 14:05,25151.55,0.12298,0.12147,0.119914443364002,0.11955,0.12101,0.12406,0.12791,0.13284,0.13906,0.14567939402369834,0.15267,0.1606,0.16894,0.17752356264279714,0.23437,0.22453,0.21563,0.20635,0.19667,0.18761,0.17836,0.16951443217829404,0.16148,0.15407,0.14726,0.14125,0.13536273164611715,0.1311
21-01-2026 14:10,25141.05,0.12321767652822016,0.12105,0.12018,0.12055,0.12248,0.12586,0.12964,0.13475,0.1406677202837552,0.14735,0.15495,0.16301,0.1712675956161319,0.17978903201686713,0.23095,0.2211,0.2116348413670862,0.20220101669729196,0.19295,0.18376,0.17470041180360543,0.16593820561817413,0.15815,0.15046,0.14392,0.1377,0.13181591718433422,0.12778
21-01-2026 14:15,25139.05,0.14051,0.13525,0.130631341975264,0.12945,0.12981,0.13115,0.13350611476662386,0.13773,0.14279,0.14838801013652048,0.15467,0.16227,0.16974,0.17697,0.22544,0.21577,0.20643,0.19658,0.18674,0.17739,0.16786,0.15897,0.15036,0.1425374478062872,0.13421,0.12632,0.11937,0.11216
21-01-2026 14:20,25178.3,0.11283589252689093,0.11156,0.11175,0.11306,0.11619530685413451,0.11962,0.12405,0.12924,0.13577,0.14228462431511543,0.14905,0.15704,0.165,0.1734227370723327,0.23348,0.22449,0.21496748429136578,0.20603,0.1965,0.18713869140130618,0.17844,0.17048,0.16261,0.1554050478947845,0.14925,0.14362,0.13928,0.13574
21-01-2026 14:25,25144.75,0.11203,0.11192,0.1129,0.11453,0.11751,0.12133,0.12644,0.13201,0.13842,0.14552,0.15314,0.16094,0.16956,0.17822659653976267,0.22976,0.2210485424685732,0.21204,0.20324,0.19409,0.18498,0.17631,0.16855,0.16094,0.154,0.14797625961449348,0.14232771298975191,0.13846,0.13382274316982126
21-01-2026 14:30,25130.1,0.13404244282503786,0.13141725587775685,0.13004,0.12881,0.12961,0.13109,0.13442,0.13863,0.14401,0.14972,0.15656,0.16348031071639005,0.17098,0.17869,0.22543,0.21582,0.20649,0.19662,0.18686,0.17739,0.16792,0.15920464223191164,0.15054704513751094,0.1418,0.13476178394123298,0.12673,0.11991,0.11289
21-01-2026 14:35,25146.5,0.12830580539196584,0.12594,0.1239,0.12393,0.12532,0.12787,0.13163502298158353,0.13605,0.1419,0.14795942440766885,0.15477,0.16188,0.16945,0.17727,0.22669,0.21725,0.20771,0.19788,0.188085911336987,0.17837,0.16959,0.1609,0.1526,0.1448382887152185,0.13814209118516252,0.13126,0.12538,0.11968505935436063
21-01-2026 14:40,25152.35,0.12029225953821682,0.11893,0.11831387122717764,0.11882,0.12084,0.12401,0.12829842927108445,0.13315,0.13905,0.14561,0.15277836332119338,0.16013,0.16837,0.17615,0.22728,0.21766,0.20842308816841482,0.1993,0.18977448346455575,0.18086,0.17211,0.1638978672951799,0.15631755992088753,0.14927004732118418,0.14301,0.13732,0.13209,0.12698840126639027
21-01-2026 14:45,25149.7,0.12554,0.12304,0.12153753218018584,0.12183,0.1233,0.126,0.12989,0.1345700795496111,0.14041,0.14655671041533772,0.15357,0.16122,0.16874,0.17748,0.22466,0.21461,0.20589,0.19637,0.187,0.17806,0.16955,0.16157672584207594,0.15405,0.14697,0.14065,0.1347,0.12959,0.12474
21-01-2026 14:50,25153.5,0.11902723593871181,0.11831657264688077,0.1182,0.11875075425874929,0.12042,0.12336,0.12737334573697165,0.13215,0.13819,0.14432,0.15163,0.1591928816163919,0.16705,0.17562,0.22362,0.21421998957589725,0.20483,0.19536,0.18592,0.17725,0.16877,0.16103,0.15363,0.14652,0.1403,0.13463704144332272,0.12976,0.12525
21-01-2026 14:55,25147.1,0.12119,0.11944453272488369,0.1192,0.11878,0.12095,0.12376569616414324,0.12738,0.13253,0.13854,0.14513474060119344,0.1525,0.16021,0.16788,0.17644,0.226,0.21577,0.20664,0.19663,0.18706841429754623,0.17788,0.16911,0.16108,0.1528,0.146,0.13932,0.1337,0.12836,0.12385
21-01-2026 15:00,25160.2,0.13185886040440406,0.12814122660657065,0.12599,0.12423,0.12420410338038754,0.12612,0.1293,0.13273,0.13886,0.14424,0.15146,0.15934,0.16697543314179805,0.17493,0.22462,0.21482173661547987,0.20482,0.19469679545438845,0.18445,0.17483,0.16566,0.1570197455434501,0.1482,0.1406,0.1338625701650874,0.1271,0.12108422675471445,0.11472
21-01-2026 15:05,25171.7,0.11706,0.11539,0.1148,0.11552,0.11721,0.12017,0.1241,0.12894,0.13536,0.14201,0.1497293892016803,0.15794,0.16584,0.17458,0.22647,0.21712,0.20732,0.19776,0.18797,0.1788619295861932,0.17025,0.16227,0.15494,0.14792,0.14197,0.13652,0.13194,0.12750378401693482
21-01-2026 15:10,25159.7,0.11404,0.11283,0.11313,0.11384,0.11659,0.1199818229613597,0.12456503682711641,0.12989068083902935,0.1363,0.14291,0.15131,0.1595,0.16735,0.1753423752941348,0.22813,0.21813,0.20858,0.19826,0.18875,0.1794787571557434,0.17086,0.16273640392235791,0.15521557197066144,0.14858,0.14238,0.13678,0.1328,0.12917
21-01-2026 15:15,25148.5,0.11895824541789463,0.11734662851554192,0.11692,0.11701,0.11864625546637156,0.12157868801615672,0.12587,0.13073110764824383,0.13709,0.14341,0.15201879229852974,0.16095,0.16919,0.17746,0.22618,0.21597,0.20606,0.19582,0.18652469974383812,0.17726195733836128,0.16852,0.16038,0.1526,0.14546,0.1393533040689753,0.13378812837068257,0.12898,0.12484
21-01-2026 15:20,25154.25,0.11111,0.11098,0.11135874442924604,0.1123,0.11486759308997817,0.1183,0.12263,0.12762,0.13529,0.14189,0.15119,0.15955,0.16812,0.17634,0.2228041733803663,0.21398,0.20528,0.19525,0.18665,0.17793,0.16939,0.16151,0.15378,0.14632,0.14022045896147184,0.13498,0.1309,0.12680301778152497
21-01-2026 15:25,25150.7,0.12111,0.11857,0.11712,0.11677,0.1183,0.12103,0.12473,0.12919,0.13625,0.14187,0.15025754406440878,0.15893,0.16642,0.17481,0.2205571324628109,0.21134,0.20163,0.19141,0.18137653024226008,0.17105,0.16232,0.1536378854497547,0.14483,0.13698,0.130316901280196,0.12394,0.11898,0.11381621878060263
22-01-2026 09:15,25332.45,0.10473,0.10204997968766825,0.10454,0.10521,0.10684,0.10947,0.11372,0.11836,0.12544,0.13242,0.14014,0.14997,0.15905,0.16873,0.2463725692736889,0.23565,0.22513,0.21365,0.20268,0.19258,0.1816,0.17114,0.16105,0.15211,0.14424,0.13698,0.13113,0.1270413581130166
22-01-2026 09:20,25329.3,0.11560747834799893,0.11259,0.11074,0.10979,0.11021,0.11218,0.11591,0.12018,0.12695,0.13378,0.14197,0.1504860208371854,0.15953,0.16876,0.24508,0.23368093632092196,0.22227436681642035,0.21083,0.19932,0.18831749511276738,0.17772,0.16693525457226235,0.15679,0.14767,0.1389464999954904,0.13125,0.1246,0.11798
22-01-2026 09:25,25334.05,0.14540704960465414,0.13823,0.13143,0.1253908663534012,0.12273281692406335,0.12234,0.12374,0.12643,0.13155,0.13711,0.14405004353335304,0.15203,0.1597,0.16864,0.24449,0.23292,0.22276,0.21093,0.19921,0.18794,0.17635,0.16546,0.15452,0.14538870594278916,0.13472,0.12604,0.1181353275941415,0.10968
22-01-2026 09:30,25400.35,0.1313,0.12552,0.11846,0.11585755037609591,0.11534,0.11588,0.11922010025516284,0.12335,0.12934764502845034,0.13597,0.14327,0.1513006374736204,0.1591,0.1679,0.29877,0.28957,0.27803,0.26802,0.25667,0.24469,0.23145,0.21741,0.20173012804847718,0.18732,0.1725537897667635,0.1586556628771586,0.14582,0.1327236591920524
22-01-2026 09:35,25415.7,0.12572,0.1196,0.11492,0.11249,0.11221,0.11558,0.12023,0.12671,0.13404,0.14122,0.14855,0.15675,0.16402,0.17148,0.30317,0.29661,0.28651,0.2782634301447473,0.26983,0.25848,0.24745,0.23456,0.22072,0.20666,0.19281,0.17783,0.16503,0.1509
22-01-2026 09:40,25405.7,0.12722,0.12223,0.11794,0.11543,0.11462,0.1168,0.12063,0.12524,0.13170934030107076,0.13851,0.14595976147751424,0.15358,0.16068,0.16828,0.29928,0.2891,0.27712,0.2667331430699314,0.25601,0.24365,0.23047,0.2179022231000314,0.20472,0.19126,0.17853,0.16576,0.15406,0.14212
22-01-2026 09:45,25400.1,0.15452,0.14307,0.13348,0.12744,0.12418,0.12365,0.12604,0.12986,0.13537,0.14087,0.14796,0.15554,0.16312,0.1704,0.29,0.2790189812982524,0.26748,0.25775,0.24605428136991978,0.2343,0.22245,0.20936,0.19737,0.18456,0.17194,0.15918,0.14702,0.13419
22-01-2026 09:50,25430.85,0.10962,0.10808,0.10618,0.10596,0.10826192121445327,0.10993,0.11498367055490151,0.12013912199983652,0.12606,0.13221,0.13989,0.1475619007706287,0.15476,0.16256510098840374,0.2845,0.27334490009685386,0.26278,0.2527454044550052,0.24304,0.23201,0.22049,0.20827,0.19722,0.1857,0.17472,0.1633319114422583,0.15281861576983455,0.14369
22-01-2026 09:55,25385.65,0.1359468690365635,0.12983,0.12362,0.1192844331234936,0.11901,0.11909,0.12178,0.12571,0.13161,0.13658,0.14401,0.15158,0.15875,0.16661,0.2655,0.25452,0.24299,0.23352,0.22257,0.21122,0.19957,0.18796,0.17596,0.165852025488066,0.15488562353221086,0.14446859438336673,0.1348,0.12521
22-01-2026 10:00,25404.05,0.10776,0.10582,0.10506557345388351,0.10378,0.10507113186591548,0.10659,0.11024,0.11494,0.12111,0.12826668807613056,0.13519,0.14291,0.15032,0.1580383903583512,0.26132,0.24963,0.23888,0.22953,0.21861666590051326,0.20862,0.19673,0.18526,0.17367,0.1639165504530326,0.15416,0.14472,0.13716,0.1298529921319817
22-01-2026 10:05,25387.2,0.11719,0.11299,0.11031279665067097,0.10822,0.10842,0.11024341384014157,0.11335198658673964,0.11733,0.12315,0.1302694625002307,0.13748,0.14503,0.15282844546970664,0.16041,0.26225,0.25061,0.23979,0.22998,0.21877,0.20853,0.19724,0.18518017252752622,0.17356,0.16269,0.15277815177276832,0.14351,0.13447573471529775,0.12669
22-01-2026 10:10,25366.75,0.13658,0.12672247306324638,0.12072,0.11637537207962086,0.11568,0.11694,0.11915,0.12345,0.12918,0.13488,0.1417964996103772,0.14914389915486367,0.15688,0.16445,0.258431712170975,0.24688,0.23518,0.22525,0.21451333104566217,0.20366296871040054,0.19267,0.1812759096922648,0.16968,0.15848,0.1485462591107778,0.13837,0.12908,0.12057
22-01-2026 10:15,25384.2,0.09766,0.09836306821783943,0.09829759393572057,0.09906,0.10208,0.10502,0.10997,0.11552,0.12304,0.12969,0.13847,0.14584,0.1535,0.16136,0.25894,0.2480290706976026,0.23735,0.22862,0.21919,0.20863,0.1970405484638312,0.18719,0.17595,0.16545,0.15665,0.14742,0.13902066248364997,0.13255
22-01-2026 10:20,25330.55,0.13469,0.12744,0.12068848789257759,0.11707708795056748,0.11599829863801459,0.11744,0.12075,0.12486019820782562,0.13132,0.13681,0.14468,0.15186,0.15964,0.16747,0.24705,0.23563,0.22599690743003456,0.21547,0.20534,0.19424,0.18383,0.17305,0.16197,0.15146,0.14198,0.13311,0.1251305060834897,0.11746292918901088
22-01-2026 10:25,25335.0,0.09628,0.09735,0.09889,0.10032,0.10334,0.10665,0.11183,0.11894918830672367,0.12565,0.1329,0.14153,0.1496482460529638,0.15712,0.16553,0.24,0.2298679446017499,0.21970170126314983,0.20926,0.19899578001281207,0.18905,0.17911,0.16988,0.1606,0.15157,0.1443,0.13825,0.13302,0.1280180597843752
22-01-2026 10:30,25273.25,0.13945,0.13166,0.12574,0.12204,0.12132,0.12241,0.12506442112581997,0.12998,0.137,0.14324822664380066,0.15175,0.15956,0.16779,0.17688,0.23624,0.22619,0.21609,0.20399,0.19332,0.18328106888549475,0.17284,0.16271,0.1521,0.14205,0.13349,0.12467,0.1169,0.10937
22-01-2026 10:35,25312.45,0.10266994884434487,0.10243055856062734,0.10326895180888625,0.10439,0.10721,0.11117,0.11638419276209243,0.12258,0.13031,0.13765,0.14618,0.15453,0.16222,0.17138,0.23916,0.22825,0.21796,0.20729,0.1962,0.18687,0.17646,0.16749,0.15827,0.14937,0.14221,0.13534,0.12967,0.12396256753909204
22-01-2026 10:40,25290.35,0.12122,0.11683,0.11428,0.11369,0.11429,0.117,0.12134451201783482,0.12690615289140642,0.1335758407736146,0.1408,0.14941,0.15731,0.16522,0.17431,0.23637,0.22582,0.21577,0.20398,0.19285,0.18295695288514618,0.17255,0.16337,0.153851988917114,0.1446,0.13703,0.1298,0.12366235795345248,0.11738
22-01-2026 10:45,25288.95,0.1135,0.11212,0.11110674582855536,0.11127636913431671,0.11267,0.11628413215760913,0.12097,0.12700263976829526,0.13415,0.14106,0.14966,0.15788,0.1663711357696464,0.1748304559791508,0.23673,0.2266432971545106,0.21672,0.20513,0.1944,0.18474,0.17462,0.16521,0.15611,0.14677,0.1396,0.13244,0.12660460442064328,0.12065
22-01-2026 10:50,25270.45,0.11997,0.11550487072514345,0.11448,0.11425,0.11599,0.11921754924358105,0.12413,0.12998000928861178,0.1366590044108086,0.1441,0.15263,0.16039763121657674,0.16839,0.17794,0.23618,0.2258919904414484,0.21531,0.20447,0.1937,0.18389,0.1738290155824142,0.16416177809528285,0.1547283773791712,0.14588,0.13804,0.13107102769306112,0.1249271746795181,0.11856
22-01-2026 10:55,25267.3,0.0946,0.09808,0.10061,0.10451,0.10876,0.11403,0.12045,0.12785379940546596,0.13522,0.14329,0.15206,0.16066,0.16887,0.17887,0.23925,0.22912,0.21895752787055395,0.20926,0.1993069897886957,0.19022,0.18099,0.17219,0.1632462800468496,0.15599,0.14955,0.1433,0.13964,0.13687
22-01-2026 11:00,25234.85,0.1185,0.11694,0.11547,0.11648,0.11914,0.12277,0.12787,0.13398,0.14143,0.14793,0.15618,0.16394009409922775,0.1716,0.1813,0.23335,0.22333,0.21319,0.20304,0.19266,0.18352,0.17395186766129297,0.16501,0.15589,0.148,0.14096128167380956,0.13366,0.12873,0.12323
22-01-2026 11:05,25223.35,0.12387,0.12094,0.11987,0.1201022224426223,0.12217965602485861,0.12569,0.13042,0.13630467349116507,0.14347,0.15015,0.15786625528986617,0.16614,0.17361,0.18285,0.23148,0.22185,0.21166,0.20118,0.19055,0.18182,0.17225,0.16310236521299334,0.15447,0.14595,0.1390218113733231,0.1321,0.12579,0.12123
22-01-2026 11:10,25234.6,0.11783,0.11612,0.11573676090963239,0.11679,0.11961,0.12341,0.12879004470215458,0.1344,0.14175,0.1487423439539449,0.15632,0.16431,0.17175,0.18097,0.2332914079994727,0.22345,0.21361,0.20313,0.19275,0.18359719894684334,0.1751,0.16645,0.1583431663815248,0.15068057880370234,0.14371,0.13697,0.13038051055237979,0.12417720870148821
22-01-2026 11:15,25230.3,0.11734,0.11619,0.11596,0.11705,0.11988199398790128,0.12398,0.12937828045397115,0.13488,0.14284,0.15014991659644078,0.15791357747130796,0.16565,0.17306794166283168,0.18050990197219643,0.23256,0.22262486529510933,0.21276,0.20203,0.19194,0.18227705161784286,0.1733,0.16454,0.15615,0.14857,0.14203,0.13552,0.13174,0.1269
22-01-2026 11:20,25224.65,0.137,0.13082,0.12749,0.12654,0.12668650269802,0.12968,0.13375,0.13863532528062278,0.1452,0.15148,0.1587,0.16648,0.17362,0.18287,0.22973,0.21930189479805812,0.20875,0.19782,0.18693,0.17738,0.16773,0.15831,0.14919,0.14146415539611143,0.13373104409425485,0.12592,0.11974,0.11326
22-01-2026 11:25,25274.25,0.11029,0.1095,0.11047,0.1123,0.11503,0.11882,0.12465054869535633,0.1304890862458084,0.1372,0.14366,0.15165,0.1597,0.16749,0.17576554032562797,0.23805442612023617,0.2275296503706668,0.21647319504209256,0.20607,0.19547,0.18598,0.17682,0.16705620531126755,0.15846313955992394,0.15095,0.1442,0.13826,0.13343,0.13062
22-01-2026 11:30,25237.65,0.12721,0.12374,0.12201,0.12194,0.12356,0.12649,0.13079482574929352,0.13617,0.14250295317563352,0.14986,0.15778,0.16548,0.17365,0.18226,0.2316,0.22112,0.21067,0.20008,0.18997,0.17995193126676456,0.16987,0.16085,0.15191,0.1438,0.13708,0.13062,0.1252,0.12044
22-01-2026 11:35,25252.75,0.11588,0.11479,0.11479,0.11611124769393652,0.11857,0.12203,0.12717,0.1334359034863543,0.1402,0.14765,0.15566,0.16411,0.17208,0.18127,0.23498,0.22361,0.2135,0.20258,0.19227038244963743,0.18266,0.17321,0.16413,0.15533,0.14776,0.14132,0.13517,0.13073,0.12644
22-01-2026 11:40,25230.6,0.11043550053285567,0.11095,0.1127,0.11542,0.11893,0.12346,0.12878,0.13507,0.14286,0.15035,0.1589,0.16715646185620991,0.17552,0.18424,0.23382,0.22297,0.21283,0.20268,0.1922854913626737,0.18294,0.1738,0.16513,0.15713,0.1500298681864503,0.14431,0.13938,0.1355,0.13284
22-01-2026 11:45,25200.8,0.13034,0.12707,0.12579,0.12618,0.12794,0.13121,0.13519,0.14066,0.14796,0.15439,0.16295,0.17075,0.17877,0.186638198028789,0.22867,0.2183841791250819,0.20777,0.19708,0.18627,0.17701,0.1676074471466695,0.1585,0.14969,0.14189,0.13525,0.12864,0.12393099812976263,0.119
22-01-2026 11:50,25218.4,0.11876729889931026,0.11799,0.11825,0.12004,0.12293,0.12700274352508864,0.13162,0.13778,0.14525,0.15228,0.16036230515797728,0.1684352215321441,0.17647,0.18503,0.23193,0.22182,0.21127,0.20134,0.1911,0.18159,0.17246,0.16333488209142105,0.15526,0.14788,0.1412206473179185,0.1358,0.13142,0.12799
22-01-2026 11:55,25201.6,0.12001,0.11932,0.11974,0.12163,0.12481,0.12881,0.13424,0.14034,0.1483,0.15507,0.16351,0.17177,0.1796,0.1887,0.23017,0.2196,0.2094572117760009,0.19954,0.18937,0.18024,0.17079,0.16267,0.15446,0.14755,0.14166,0.1361,0.13158416891929967,0.12873
22-01-2026 12:00,25184.35,0.13758,0.13244,0.12988,0.13034,0.13108019964649187,0.1342428736918282,0.13886,0.14457,0.15216,0.1590287538481656,0.16743,0.17523,0.18371032141042334,0.19241,0.22839238694451938,0.21731,0.20632,0.19602,0.18569,0.1759067500900163,0.16609,0.1571,0.14822,0.14008,0.13273,0.12559,0.12063,0.11536
22-01-2026 12:05,25218.75,0.13087,0.12668,0.12499,0.12484,0.12640692650139568,0.12957147202508748,0.1341,0.13956,0.14664759359543683,0.15396,0.16225,0.1701520272348204,0.17781,0.18703,0.2305,0.21984,0.20922,0.19904,0.18865,0.1788954120699197,0.16943,0.16058,0.15135,0.14328,0.13606,0.12929,0.12342,0.11846
22-01-2026 12:10,25226.35,0.12834,0.12438,0.12308,0.12349508696680907,0.1255,0.12883,0.13333455905859878,0.1386,0.14562,0.15271572380492737,0.16094,0.16851,0.17645,0.18564,0.23027,0.21899,0.20863648434663784,0.1981,0.18752,0.17778,0.16817,0.15913004846779358,0.15021,0.14225,0.13511,0.12849,0.12273,0.11839
22-01-2026 12:15,25221.55,0.13087,0.12662,0.12485,0.12467,0.12612,0.12894,0.13336,0.13905,0.14608,0.15315101761408512,0.16142,0.16924,0.17683893898095057,0.1846368112895443,0.2288936420379772,0.21801,0.20772729361642456,0.19688,0.18636,0.17645,0.16673,0.15777670929086976,0.14855,0.1402,0.13314,0.12629,0.12024,0.11566
22-01-2026 12:20,25272.95,0.10777,0.10918,0.11013,0.11252,0.11574,0.11971,0.12478,0.1316939329927529,0.1387146859163681,0.14593,0.15429,0.16213,0.17068,0.17940103272222066,0.23702,0.22579,0.21552,0.20511,0.19413,0.18511,0.17556,0.16716,0.15828,0.15104,0.1439841651109959,0.13843009286438845,0.13467,0.13125
22-01-2026 12:25,25240.05,0.13081,0.1255460357055669,0.12305,0.12343,0.12401,0.12723,0.13101,0.13657,0.14324,0.15053,0.15886,0.16678,0.17518,0.18403,0.2314,0.22078288491988352,0.21001,0.19899,0.18896014477445564,0.17866,0.16859,0.15934,0.15022,0.1424238455983556,0.13466201171287984,0.12828,0.12165,0.11719
22-01-2026 12:30,25251.1,0.13184,0.12588,0.12274,0.12196,0.12266,0.12521020308033984,0.1293017334041869,0.13464580010312968,0.14101,0.14825,0.1565,0.16431,0.17291034706512545,0.18126,0.23153,0.22096,0.20977,0.19965,0.1893658036764005,0.1792,0.16916440527495125,0.1598242355462587,0.15072,0.14231,0.1349,0.12783,0.12144,0.11574652678917095
22-01-2026 12:35,25259.05,0.11375,0.11285,0.11296,0.11425,0.11663,0.12023,0.12509,0.1311,0.13856,0.14641760883957175,0.15486,0.16339956838990788,0.17196,0.1812,0.2333096474403768,0.22293,0.21239,0.2021,0.19122,0.18161,0.17167254064274393,0.16285,0.15423,0.14655,0.14013,0.13408,0.12891,0.12525
22-01-2026 12:40,25236.55,0.12143,0.11888,0.11785,0.11858,0.12061,0.12433,0.1288,0.1348,0.14199,0.14964,0.1573956598437203,0.16577,0.17465,0.18377,0.23071,0.21957,0.20866,0.19816461314192566,0.18749,0.17785,0.16802,0.15876,0.15014,0.14232,0.1357,0.12925,0.12412,0.11937
22-01-2026 12:45,25253.05,0.11503657960676464,0.1137,0.11324,0.11404,0.11663,0.12043677951912563,0.12541603621385666,0.13136,0.13834538788716166,0.14597101782620123,0.1542873693050867,0.1630293709094755,0.17196608799112165,0.18119,0.23296,0.22186,0.21098,0.1998,0.18881,0.17943,0.16946,0.16021,0.15147,0.1434630475805679,0.1361,0.1298612877412436,0.12471,0.12011
22-01-2026 12:50,25254.0,0.10616,0.10634,0.10745,0.11055,0.11341,0.11806,0.12397,0.1309845138253568,0.13861,0.14621,0.15496980714316422,0.16374635889993125,0.17242,0.18251,0.23222,0.22122,0.21044,0.19967,0.18905422567012484,0.17902024477479817,0.16946,0.16058,0.15221,0.14482,0.13801,0.13224301220765844,0.1278,0.12496
22-01-2026 12:55,25215.15,0.11693,0.11559,0.11562,0.11762,0.12057,0.12475,0.13009,0.13645,0.14476,0.1523226782839222,0.16112,0.16993,0.17888455090183825,0.18816,0.22672,0.21609,0.20483,0.1943,0.1832,0.17413,0.16457890766212144,0.15541,0.14757,0.14025,0.13412,0.12866,0.12398,0.11988516686471526
22-01-2026 13:00,25215.7,0.12028,0.11817,0.11746,0.11863,0.12125,0.12516577950257846,0.13016,0.13671,0.14473,0.15251,0.16138,0.17026,0.17891,0.18906,0.2264,0.2154,0.20430318348625895,0.19346,0.1825,0.17286,0.1631303431538691,0.15348,0.14544,0.1378,0.13144,0.12547945876974395,0.1203,0.11621
22-01-2026 13:05,25210.35,0.11631,0.11517414655583547,0.1151431203338321,0.11698,0.12032,0.12467808567080665,0.13022,0.13689,0.14524,0.15312,0.16221,0.17072,0.1797,0.19028,0.22667767403859856,0.21559,0.20467,0.19358275990245466,0.18263,0.17306,0.1632805007503381,0.15394,0.1462,0.13844,0.13297,0.12712,0.12286348411790557,0.11964
22-01-2026 13:10,25206.6,0.11138,0.11167770438714013,0.11223,0.11470247939712763,0.11804,0.12279,0.12887,0.13615,0.14439100463403096,0.15277,0.16252,0.17164,0.18067,0.1896723411100563,0.22767,0.21638,0.20602,0.19486,0.18414684388265848,0.17393,0.16423,0.15523,0.14719,0.13983,0.13354,0.12783,0.12334,0.12059
22-01-2026 13:15,25186.75,0.12705198969853745,0.12416,0.12157,0.12197,0.1233489160669972,0.12712,0.13228,0.13881,0.14705,0.15477,0.16365,0.17236,0.18179,0.19077,0.22374,0.21337,0.20264,0.19149,0.18106726051315583,0.17076,0.16041,0.15123,0.14272853109718187,0.13474915002608648,0.12696,0.1203,0.11439,0.10863
22-01-2026 13:20,25195.0,0.11919310428464087,0.11774,0.117,0.11795029816219545,0.12077,0.12443,0.13025,0.13702,0.14521,0.1535372711460617,0.16253,0.17128,0.18032,0.19023,0.22537,0.21462358121241915,0.20384,0.19303,0.18168,0.17161,0.16195,0.1531,0.14463,0.13730428056887278,0.13042,0.12400812398847728,0.11923,0.11484
22-01-2026 13:25,25194.95,0.11545,0.11404,0.11425,0.11633,0.11942,0.12361,0.13005290043658674,0.13692,0.14568,0.15431854328126637,0.16349,0.1726482153720779,0.18163,0.19123,0.22589,0.21543,0.20496,0.19431,0.18359,0.17389,0.16421,0.15583,0.14765,0.14,0.13434,0.12824177052015273,0.12492,0.12111075236229914
22-01-2026 13:30,25171.75,0.1432,0.13615,0.1311,0.12962,0.13031,0.13214,0.13628190381713895,0.14217746223748257,0.14993,0.15715,0.16596,0.17461,0.184,0.19342,0.22222630070815205,0.21074,0.19981698160331227,0.1889839461138097,0.17787,0.16798,0.15783,0.14782,0.13902352648519228,0.12957,0.1217,0.11384,0.10646,0.10058858896826561
22-01-2026 13:35,25225.85,0.10471,0.1068824998553496,0.10754,0.1109503900094838,0.11402,0.11976532402754128,0.12522,0.13245,0.14114789776889503,0.14965330977361416,0.15859,0.1672,0.17676689908750548,0.18541,0.2252742912438512,0.21546155054672153,0.20571,0.19599,0.18523,0.17619,0.16631332138620702,0.15805,0.14993664864204295,0.14254006892212903,0.137,0.13167,0.12773,0.12513
22-01-2026 13:40,25195.9,0.12374,0.12068050850245052,0.11881692220921998,0.11976,0.12202672115195909,0.12616,0.13153,0.1382,0.1459940150499696,0.15395,0.16323,0.17158103304152203,0.18046,0.1899,0.22344,0.21331,0.20239391990676642,0.19152,0.18116533219157432,0.17100705016479187,0.1609884771196937,0.15191,0.14299,0.13503,0.12823,0.12168057350261048,0.11572,0.1103810608827075
22-01-2026 13:45,25188.3,0.12851316628549006,0.12541,0.12318,0.12313,0.12513,0.12814,0.13352381401510238,0.13966,0.14793,0.15542413574855055,0.16408,0.17236429285054194,0.18112,0.19097,0.22203,0.21151,0.19995,0.18986,0.17852,0.16927,0.15900282107298905,0.14961,0.14032,0.13213,0.12488,0.11745,0.11126,0.10524
22-01-2026 13:50,25206.65,0.1295139650053189,0.12637,0.12402,0.12326,0.12433,0.12728,0.13213,0.13825,0.14571,0.15345,0.1624,0.17058789740328242,0.17913,0.18909,0.2253324396747081,0.21404,0.20291,0.19184,0.18065,0.17112,0.16077,0.1507,0.14105,0.13153,0.12403,0.11657,0.10964,0.10354
22-01-2026 13:55,25236.1,0.11656,0.11359,0.1129376426504304,0.1139156011426957,0.11625,0.12045,0.12573,0.1328233362252728,0.14055121179575192,0.14887,0.15822,0.16671,0.1766112601690476,0.18618,0.22795,0.21717,0.20582,0.19499,0.18373,0.17406,0.16392,0.1535981392313768,0.14435933498152373,0.13574,0.12821740601551385,0.12181,0.11645,0.11189
22-01-2026 14:00,25232.35,0.11278,0.11063327389532523,0.11044,0.11173336713653886,0.1144511639418803,0.11889,0.12442,0.13177,0.14082,0.14875,0.15824,0.16729,0.1762,0.184973887315417,0.22842742920497014,0.2162148775828299,0.20418,0.19241,0.18109,0.1707381283478786,0.16079,0.15092,0.1423,0.13419,0.12787,0.12171,0.11673614725925863,0.11263
22-01-2026 14:05,25228.35,0.10778578765240746,0.10708,0.10712,0.10975,0.11323,0.11804,0.12407,0.13184,0.1409,0.14891,0.1582815045694183,0.16756,0.1774201266579539,0.18734,0.22530349816752812,0.21401,0.2027366254460254,0.19156,0.18068156696012552,0.17045906007137013,0.16046,0.15106,0.14225,0.13464,0.12825,0.12236,0.1183,0.1145
22-01-2026 14:10,25212.7,0.10325,0.10382,0.10594,0.10885,0.11289,0.11798,0.12494,0.13326116595689097,0.14238,0.15053,0.16028,0.16979,0.17899,0.18902,0.22308,0.21247355574603613,0.20205,0.19124,0.18106778850493782,0.17176,0.16192,0.15288,0.14506,0.13776,0.13253,0.12725,0.12369,0.12037674862708812
22-01-2026 14:15,25178.75,0.12182,0.1185,0.11731,0.11826,0.12078,0.12452,0.13073,0.13801,0.14683,0.15506,0.16487,0.17383,0.18321,0.192216310089427,0.22157742496578534,0.20979,0.19827,0.1869,0.17605,0.16626,0.15609,0.14672,0.13804340853316613,0.12978,0.12368,0.11768,0.11282300014316943,0.10787347691182694
22-01-2026 14:20,25194.65,0.11846,0.11485,0.11419812775875379,0.11535,0.11816,0.12339637945735461,0.12973315954156156,0.13715096570516863,0.14569,0.15396952004829528,0.16288632942042225,0.17242,0.18114,0.19248,0.2133737878241782,0.2037694372499255,0.19430905930866094,0.18499546227081778,0.17536,0.16566,0.15527986295193563,0.14546,0.13666,0.12849,0.12242,0.11597537814497941,0.11085,0.10634
22-01-2026 14:25,25206.4,0.13345,0.12568,0.1217,0.11997,0.12155,0.12397,0.12961,0.13628,0.14473,0.15238,0.16165,0.17013,0.17877,0.1870792420384822,0.22143,0.21092,0.19894,0.18769,0.1761009038781476,0.16481878441664904,0.15369,0.14311,0.13396668175536214,0.12505725917282393,0.11657,0.10903,0.10235,0.09526
22-01-2026 14:30,25236.6,0.14193,0.13211,0.12578,0.1224,0.12165853281480907,0.12348337778301323,0.12701,0.13316787176877623,0.14065,0.1477,0.15648,0.16456,0.1726,0.1803647794840451,0.22543754911668434,0.21403,0.20264,0.19115,0.1791,0.1683533200693058,0.15779,0.14667,0.1368,0.12692,0.11873,0.11061,0.1026,0.09509
22-01-2026 14:35,25267.55,0.13245,0.12446,0.11907,0.11648411416414399,0.11656,0.11849,0.12255,0.12866,0.13621,0.14339,0.15211,0.15998,0.16808,0.17725,0.22783,0.21768,0.20577913417910654,0.19426,0.18242,0.17251,0.16169,0.15087,0.14137,0.13163,0.12335738761071746,0.11555,0.10842,0.10158
22-01-2026 14:40,25289.0,0.12072732323321254,0.11554,0.11173171669792703,0.11038,0.11062,0.11348,0.11844,0.12494,0.13286,0.14032954182611548,0.14849,0.1556,0.16394,0.17179651390369677,0.2301547711955837,0.21954,0.20935,0.19642,0.18545,0.17533,0.1644,0.15399,0.14452,0.13534,0.12744,0.12046,0.11392,0.10707
22-01-2026 14:45,25289.65,0.1265,0.11898,0.11442,0.11143,0.11179,0.11412,0.11793,0.12328,0.1315,0.13834232987194764,0.14695,0.15481,0.16299,0.17293,0.22661,0.2165,0.20505246504500213,0.19358,0.18106,0.17133,0.15961,0.14912,0.13972,0.13057,0.12292,0.11586,0.10908,0.10263
22-01-2026 14:50,25294.65,0.11257,0.10885,0.1064406425111361,0.10548685069206702,0.10646458924271764,0.10929,0.11406,0.12007,0.12843,0.13603,0.14455243788401564,0.15341,0.16192,0.17181,0.22732,0.21666,0.20698,0.19387,0.1822,0.17141,0.16049234913558455,0.1502685465531832,0.14075,0.13205,0.12467,0.11794,0.11225,0.1065
22-01-2026 14:55,25290.85,0.12505,0.1183,0.11366,0.11078,0.11049,0.11193,0.11479,0.12027,0.12826,0.13555475744858816,0.144,0.15238,0.16102,0.16949791893101215,0.22431,0.21334,0.20302,0.19065,0.17886,0.1681772504258376,0.15749,0.1469,0.13782,0.12883,0.12193,0.1152,0.10890621037764701,0.10323
22-01-2026 15:00,25269.5,0.11006,0.10676,0.10425,0.10401,0.1056878306515911,0.10865,0.11289,0.11928,0.12814,0.13594,0.14531,0.15404,0.16302446049072916,0.17172,0.22366,0.21357,0.20234,0.18974,0.1781,0.16734191931455752,0.15686,0.14672,0.13788569838515144,0.12967,0.12325,0.11667431517640031,0.11208,0.10714
22-01-2026 15:05,25256.3,0.13972,0.12855293203794185,0.12153808660978337,0.11811,0.1156009941018892,0.11644,0.11855,0.12337,0.13109,0.13759,0.14609,0.1536,0.16076,0.17157,0.22269,0.21193,0.20212,0.18893,0.17636,0.16553,0.15355,0.14238,0.13331,0.12411,0.11681,0.1094,0.10242,0.09535
22-01-2026 15:10,25297.3,0.12411,0.11729,0.11174,0.10823,0.1074994069494924,0.10824,0.11119,0.11643,0.12445,0.13122619482044123,0.13938,0.14775,0.15498,0.16581,0.22702163407588008,0.21557,0.20384557746944398,0.19217,0.18070634478480005,0.1699,0.15856,0.14748,0.13834,0.12938,0.12225,0.11514,0.10924,0.1034044602502112
22-01-2026 15:15,25297.45,0.13466,0.12452,0.1164182195111194,0.11152,0.10988,0.10975,0.11293329587634272,0.11750958253170236,0.12425,0.13058,0.13871446655150416,0.14721678867571258,0.15617,0.16649,0.2246725410102215,0.21324,0.20198,0.18929,0.17801901183694,0.16658,0.1554,0.14371,0.13431233304517273,0.12415,0.11671,0.10891,0.10236,0.09474
22-01-2026 15:20,25308.25,0.13820939056547257,0.12651,0.11843,0.11297,0.11042,0.10944,0.11139,0.11523,0.12287,0.12878,0.13797,0.1464,0.15628349305146794,0.16518,0.22618,0.21531,0.20509,0.19178,0.17973,0.16889,0.1573,0.14589,0.13596,0.12591,0.11755498873689357,0.10996,0.10303,0.09568
22-01-2026 15:25,25314.1,0.1333470689044704,0.11961505213135314,0.11396,0.10975,0.10781718545589132,0.10811,0.1098,0.11475319000527502,0.12094028892167272,0.12859,0.13684,0.14746,0.15832907471080998,0.16634,0.2252909570379085,0.21422,0.20312,0.19107,0.17871,0.1675442970714742,0.15573,0.14379,0.13299,0.12435404828305834,0.11524,0.10856,0.10267,0.09769739532355347
23-01-2026 09:15,25292.15,0.11931,0.11649,0.11509,0.11199825648245991,0.11418,0.11547,0.11955,0.12571,0.1332516174865682,0.14181496942763905,0.15243605516371767,0.16273736314333126,0.17459,0.18669301172962602,0.24477,0.23396,0.22297,0.2100031090103034,0.19743236565612476,0.18484605436253515,0.17365,0.16193,0.15213,0.14322,0.13578,0.13011,0.12536,0.12142
23-01-2026 09:20,25265.75,0.15631,0.14353,0.13315,0.12569564957168808,0.1228,0.12116,0.12231,0.12772,0.13584,0.14465,0.15411611072587922,0.16482,0.17470475840605829,0.18469,0.24396,0.23302807988914326,0.22085,0.2079,0.19492,0.18248,0.17000187044419354,0.15744,0.14538,0.13438,0.12516,0.11665,0.10902,0.10073
23-01-2026 09:25,25330.85,0.12813,0.12132,0.11486,0.11163,0.10964,0.10946,0.11183,0.11716,0.12565,0.13462998804979617,0.14475159140625693,0.15603,0.16670856398118455,0.17721,0.2531661655650491,0.24198,0.23026,0.21748,0.2051,0.19247,0.1795,0.16666,0.15364,0.1427,0.13305,0.12516,0.11848,0.1129215332336145
23-01-2026 09:30,25330.3,0.10781410030737842,0.10461,0.10332,0.10229,0.10288,0.10443,0.10828,0.11533,0.12474,0.1352,0.14612,0.15687575003126122,0.16717,0.17867,0.25374,0.24182015587413805,0.22970859411312677,0.21749,0.2051,0.19356,0.18075312399838434,0.16883172871467686,0.1576712049808786,0.14750355474858795,0.13837,0.13156,0.12593,0.12058
23-01-2026 09:35,25299.45,0.12453,0.11639,0.11166,0.1076819706556314,0.10737,0.10758,0.11121,0.11806,0.12835,0.13815561936874296,0.14951,0.16119,0.17159,0.18236,0.25024,0.2388308564947472,0.22677570040530348,0.21401,0.20141,0.18963,0.1765177643569875,0.16441,0.15234,0.14161,0.13315,0.12488,0.1189,0.11226
23-01-2026 09:40,25299.95,0.11211,0.10773,0.10514100426622662,0.1034956984245244,0.10436,0.1056,0.10957,0.11735,0.12747303500217297,0.13748,0.14949,0.16018,0.171,0.1817,0.25295,0.24189,0.22915,0.21597,0.20356,0.19183,0.17915,0.16708,0.15541,0.14557,0.13685,0.12948,0.12378,0.11808
23-01-2026 09:45,25269.0,0.13505,0.12568,0.11863,0.11398,0.11201,0.11176,0.11522,0.12257,0.13271,0.1425826731244862,0.15413,0.16573,0.17571515463470347,0.18534,0.24748,0.23583979956024098,0.22327,0.210546400098525,0.19701,0.1848327834260316,0.17224,0.15981,0.14748,0.13673,0.12777067648685375,0.11935620088872806,0.11206,0.10445
23-01-2026 09:50,25300.7,0.10964499672504613,0.10480666752736799,0.10102,0.09972,0.10033,0.10372510017014007,0.10899438518647028,0.11544,0.12655,0.13711,0.14907,0.16072,0.16983,0.18175,0.25005,0.23853810729929595,0.22641,0.21445,0.201796150568155,0.19005,0.17705826742707528,0.16533,0.15422,0.1441123737874283,0.13561,0.12812,0.12267,0.11716
23-01-2026 09:55,25284.3,0.12119170940936862,0.11467,0.10997,0.10683,0.10583,0.10762152575024889,0.11068,0.11894,0.1295,0.14041,0.15111,0.16240224312696652,0.17282,0.18339,0.24918610866605867,0.23659,0.22362,0.21121,0.19837569518684364,0.18583,0.17265,0.16037,0.14893,0.13825,0.12964821282019676,0.12193,0.11498142195840427,0.10906
23-01-2026 10:00,25294.9,0.11551,0.10871,0.10436,0.10219,0.10211,0.10379,0.10796,0.1165890909877945,0.1260105735123033,0.13664106608562043,0.14825,0.15941612159663293,0.17017,0.18201,0.24879,0.23819,0.22575,0.21331,0.19948,0.18824,0.17501,0.16269,0.15122,0.14135211288405397,0.13134,0.12581,0.11644,0.11059
23-01-2026 10:05,25293.15,0.10517,0.10167,0.09968,0.0982,0.09925,0.10135,0.10671,0.11611,0.12728,0.13881,0.1500332793333335,0.16201,0.17172,0.18302,0.24972246547790178,0.23745,0.22507,0.21224077591077872,0.19887,0.18769,0.17481,0.16247,0.15102297619134247,0.14012,0.1315186654926824,0.12392,0.11809,0.11261
23-01-2026 10:10,25285.05,0.11052,0.1048377839571344,0.1024,0.10061,0.10086,0.10313,0.10837,0.11749,0.12893,0.13934,0.1512,0.16325,0.17293,0.18352,0.2489212537240809,0.2364,0.22378253304531626,0.2111,0.19732,0.18653,0.1729880293974554,0.16068,0.14939417631528923,0.13838,0.12989940698717636,0.12203,0.11586,0.10975
23-01-2026 10:15,25283.3,0.09813,0.0969,0.09643,0.09644,0.09796,0.10290033071117333,0.10741,0.11843522271739171,0.12893293242276951,0.1408,0.15197,0.16357,0.1745978920740094,0.18454,0.24748,0.23625,0.22383,0.2114,0.19799,0.18669,0.17432,0.16229,0.15133,0.14161420168579814,0.13319,0.12637,0.12096,0.1163
23-01-2026 10:20,25261.25,0.11266,0.10693,0.10368,0.10196,0.10212,0.10682631604924417,0.11282599850837009,0.11993,0.13215,0.14302743782322935,0.15483,0.16683,0.17642,0.18546869640417585,0.24452,0.23264,0.21969,0.20778,0.19476,0.18301,0.16998,0.15745,0.14593,0.13537,0.12714,0.11906,0.11292,0.10675
23-01-2026 10:25,25266.4,0.12923,0.12084,0.1125010226258669,0.10906,0.1068,0.10733,0.11143,0.12046,0.13070210818995814,0.14234,0.15368,0.1651,0.17515,0.18488,0.24797285289688917,0.23405,0.21999,0.20768,0.19478,0.1828,0.16928587627004557,0.15649,0.14447800502140504,0.13273,0.12314,0.1146,0.10689,0.10045081328433482
23-01-2026 10:30,25303.15,0.11532,0.10978,0.10509,0.10165,0.10087,0.10216,0.10624,0.11495,0.12659,0.13721,0.14878,0.15988,0.16944,0.17992,0.24986,0.23875,0.22534,0.21326087011444975,0.20076,0.1885,0.17469080719180233,0.16166,0.14965440761828344,0.13819,0.12852,0.12019,0.11289,0.10670081546198593
23-01-2026 10:35,25313.0,0.10599,0.10186,0.09907,0.09747,0.09758322586336651,0.0994,0.10381,0.11312,0.12386,0.13501,0.14694,0.15955,0.16936,0.18005,0.252,0.24023,0.22796704379402744,0.2153772778517164,0.20271207018712176,0.1897,0.17706,0.16396953999970224,0.15175,0.14111,0.13216,0.12330739764658533,0.11661,0.11000523655299013
23-01-2026 10:40,25297.7,0.11135,0.10472802030934586,0.10164,0.09885,0.09857,0.10014,0.10722048142446008,0.11392,0.12568,0.1366,0.14834,0.16081,0.17098,0.18154,0.24998,0.23817,0.2258100297827438,0.21299,0.20011,0.18782,0.17474,0.16203,0.15044880338563385,0.13919,0.1297916505412269,0.12116,0.11415,0.10767
23-01-2026 10:45,25297.35,0.09821,0.0961,0.09449,0.09374,0.09458,0.09708,0.10329,0.11387320477529683,0.12481,0.13631,0.14821149704951406,0.15986,0.16983,0.1794031484558162,0.25003,0.23822,0.22587,0.2134217285749544,0.20057,0.18858,0.17634,0.16313,0.15174,0.14097,0.13188,0.12401,0.11728,0.11137458466341515
23-01-2026 10:50,25284.35,0.10889,0.10308,0.09880629149049125,0.09792,0.09777,0.10129208808807841,0.10539,0.11485,0.12655,0.13792,0.14975734950547936,0.16132679238341222,0.17192849944893435,0.1813,0.24965,0.23742630834181144,0.22462,0.21215,0.19953,0.18702,0.17404,0.16081,0.14871,0.13728,0.12794,0.11977,0.11228,0.10575
23-01-2026 10:55,25278.2,0.11094,0.105,0.10087,0.09864,0.09843,0.10062,0.1063,0.11618,0.12824,0.1389,0.1505600729888141,0.16219,0.172,0.18298,0.24952022745621877,0.23687,0.22382,0.21133,0.19828,0.18614,0.17283,0.15906,0.14740070975548492,0.1357,0.12612,0.11740626750720168,0.1103,0.10344
23-01-2026 11:00,25279.7,0.09949,0.09668,0.09416030947083559,0.09447,0.09556,0.09858,0.10748029743962258,0.11571,0.12772,0.13913753682882649,0.15124,0.16314,0.1738,0.1836,0.24788,0.23718,0.2236,0.21164,0.19899,0.18645,0.17314,0.15991,0.14826,0.13761,0.12834,0.12056,0.11372,0.10773253015811055
23-01-2026 11:05,25270.35,0.11142,0.10533,0.10125,0.09914,0.09985795523781543,0.10319730008575928,0.10775,0.11755,0.12923,0.14062,0.15250025466323214,0.16401,0.17519,0.18555464117299114,0.24668,0.23478,0.22181,0.2094,0.19662791341689362,0.184,0.17078,0.15764,0.14516,0.13386,0.12443,0.1159,0.10893,0.10227
23-01-2026 11:10,25281.6,0.10635,0.10086533249684476,0.09802,0.09604,0.09709,0.09969,0.10605,0.11605,0.12821,0.13898,0.15062,0.16270361729744745,0.17368,0.1835,0.24835,0.23587,0.22339941157841092,0.21065174007200324,0.19733,0.18506,0.17165,0.1587,0.1462,0.13463,0.12497,0.11648,0.10931,0.10249
23-01-2026 11:15,25277.8,0.09535,0.09137602528673927,0.0894837995307533,0.09017992164192284,0.0938,0.09878356295946143,0.10508,0.1156,0.12818,0.1392,0.15124,0.16299323133697757,0.17365,0.18335,0.24587,0.23482,0.22086,0.20872,0.19628999200681174,0.18418,0.17177,0.15952,0.14744,0.13673,0.12725366865107324,0.11910251725068158,0.11301,0.10725
23-01-2026 11:20,25261.05,0.11031,0.10344,0.09958,0.09768,0.09885,0.10159,0.10799,0.11835,0.1292627715694188,0.14178,0.15327,0.16497904566130248,0.17543,0.18648,0.24568,0.23374,0.2202,0.20763561739738684,0.19441,0.18205,0.16885051286685923,0.15658,0.14398,0.13288,0.12298973537409147,0.11444,0.10707,0.1007835088355836
23-01-2026 11:25,25270.95,0.10738844905150455,0.10164,0.09754,0.09611,0.09717,0.10005,0.10829701483699367,0.11709,0.12867,0.14035,0.15238,0.16421,0.17510667140502809,0.18445,0.24510817646256108,0.23340481089432197,0.22117,0.20887,0.19554,0.1829,0.17018,0.15771,0.14458,0.13327,0.12294,0.11396400328361225,0.10649,0.09934
23-01-2026 11:30,25274.7,0.09177,0.08955,0.08944,0.08990602607168982,0.0926,0.09732,0.10643828765750188,0.11568,0.12739378277509417,0.13943,0.15142236554275335,0.16318,0.17461688405757997,0.18476,0.24712,0.23528,0.2218,0.20902,0.19618,0.18467,0.17181,0.15975,0.14731,0.13707652535492512,0.1278,0.11927180759796677,0.11252925701779816,0.10746
23-01-2026 11:35,25252.0,0.0935,0.09162,0.09042132395874378,0.09228,0.09519,0.10037,0.10855,0.11968,0.13130128336440397,0.14375,0.15529,0.16707,0.17758,0.18871,0.24268,0.23094,0.21751,0.20479,0.19155,0.18014,0.16828,0.15635,0.14542,0.13578,0.12799,0.12054652385309328,0.11509,0.11053
23-01-2026 11:40,25221.8,0.10092,0.09778,0.09666,0.09701201205392025,0.10061,0.10582,0.11556,0.12721,0.13961,0.15203,0.16314,0.174296605503387,0.18383,0.19270753158028894,0.23925,0.22715909995365094,0.21433,0.20188,0.18882,0.17610546049273268,0.16385,0.15167,0.14043,0.13085,0.12271,0.11552085790131644,0.10956,0.10438
23-01-2026 11:45,25210.75,0.09618,0.09589882689353235,0.09747,0.09935,0.10373,0.10955,0.11906,0.13073,0.1424,0.153576152502955,0.16531,0.17591,0.18694528545115902,0.19675,0.23574,0.22526,0.21174,0.1984,0.18638,0.17499,0.16393,0.15306,0.14354,0.13564,0.12815,0.12247,0.11882,0.11379
23-01-2026 11:50,25193.45,0.11117,0.1073,0.10418210155793603,0.10484968965543431,0.1085,0.1144486360573104,0.12208,0.13307,0.14486,0.1561,0.16703,0.17741,0.18736,0.19852,0.23272,0.22105,0.20822,0.19516175201971694,0.18169,0.16945,0.15821,0.14679678543065108,0.13596,0.12681,0.11883,0.11236,0.10684,0.10173
23-01-2026 11:55,25208.4,0.10773,0.10369,0.1022,0.10292,0.10575,0.11240884288510021,0.11979,0.1304,0.14257,0.15349,0.16496311876285213,0.17532,0.18533,0.19461470708327336,0.23561,0.22389,0.21046,0.19772,0.18489,0.17183,0.16035,0.14834,0.13744,0.12787,0.11963262987583542,0.11298,0.10728,0.10245194931036217
23-01-2026 12:00,25209.75,0.10802234725194507,0.10481,0.10303,0.10346,0.10637,0.11101,0.1205580217298744,0.13062538772642351,0.14275,0.15335,0.16428,0.1752,0.18646483345968282,0.19714,0.23589,0.22355,0.21098349844774344,0.198,0.18517,0.1720783158192565,0.15967,0.1473,0.13627,0.1266,0.11838945597641498,0.11104,0.10492,0.09911
23-01-2026 12:05,25207.8,0.09717,0.09574166909645093,0.09616537281342213,0.09955,0.10375,0.10947,0.11933,0.13061,0.14312,0.1545,0.16511,0.17556,0.18749215397652025,0.1982,0.23501,0.22209,0.20998,0.19729,0.18451,0.17225,0.1607,0.14862,0.13899963929362316,0.12999,0.12296,0.11696,0.11247,0.10886
23-01-2026 12:10,25190.3,0.10602,0.10311,0.10236,0.10405,0.10765,0.11472162113454107,0.12261,0.13353,0.14595,0.15725,0.1684366233452364,0.17872,0.18877,0.19785540067326127,0.23266,0.22021111630588217,0.20755514533629946,0.1943,0.18239,0.16962,0.15765,0.14576,0.13523,0.12612,0.11846,0.11226,0.1062733035393667,0.1021
23-01-2026 12:15,25193.1,0.12044,0.11324,0.1091,0.10737539182164986,0.11003,0.1141,0.12241,0.13313,0.14523,0.15570529750774828,0.16696,0.17808353388370612,0.18781,0.199,0.23385,0.22083,0.20803,0.19529,0.18201,0.16936,0.15689,0.14393,0.13247,0.12203,0.11306,0.10491,0.09748,0.09034
23-01-2026 12:20,25216.55,0.10203654701696438,0.09943907256095122,0.09900321340956625,0.09993,0.10351,0.10881,0.11843556001971126,0.12907,0.14159,0.15251331444841276,0.16402,0.17452,0.18521,0.19582,0.23652,0.22488,0.2115,0.19831,0.18558127227482954,0.17343,0.16068,0.14839,0.13724,0.12774,0.11932,0.11244,0.10652,0.10192
23-01-2026 12:25,25202.7,0.10902,0.10505,0.10247938797288923,0.10354,0.10625419233017772,0.11111,0.1202,0.13111,0.14351,0.15435,0.1652,0.1766,0.18771016720586878,0.19783,0.23468,0.22237,0.20902,0.19636,0.1836,0.1706698930182675,0.15822,0.1461576642999709,0.1348796663715539,0.12424,0.11559,0.10790200472715064,0.10184,0.09596
23-01-2026 12:30,25205.2,0.10924,0.10449,0.10241,0.10351,0.1062,0.11118,0.12027,0.13092901234450743,0.14318,0.15377909422354372,0.16536252941137247,0.17632,0.18762,0.19829,0.2353072077055791,0.22218,0.20888,0.19648667036533224,0.18378133011402767,0.17105,0.15802,0.14542977528027953,0.13319,0.12291,0.11407,0.10656,0.09979,0.09415
23-01-2026 12:35,25205.5,0.11402,0.10708543554146141,0.10454,0.10462,0.10685,0.1115,0.12027,0.13105,0.14285,0.15351443836478418,0.16493,0.17635,0.18638,0.19688,0.23527,0.22295,0.20959,0.19675149196970945,0.18372,0.17078,0.1574596161141751,0.14482,0.13307,0.12233,0.11291,0.10468,0.09735,0.09093885646799815
23-01-2026 12:40,25211.7,0.11514,0.10772930233039722,0.10518,0.10499,0.10666,0.11088,0.11947,0.12981,0.14194,0.15277,0.16456,0.17497,0.18622,0.19683,0.23403,0.22129,0.20819,0.19528,0.18287,0.17019,0.15677,0.14425963922663973,0.13219969872954596,0.12064,0.11144,0.10300592483344276,0.09605,0.08937
23-01-2026 12:45,25238.75,0.09531,0.09296,0.09274,0.09478,0.09861,0.10362,0.11331,0.12412516239619732,0.13567,0.14706,0.15868,0.17112,0.18118,0.19242,0.2346495859911748,0.22311814338758384,0.2115,0.19929,0.18696,0.1748,0.16178,0.14858,0.1378071082523117,0.12777,0.11935,0.1118,0.10566,0.10053
23-01-2026 12:50,25208.05,0.11818,0.1091216546526829,0.10589,0.10503,0.10689834802088236,0.11180840828309424,0.11886,0.12907,0.1394826505412821,0.15177,0.16278,0.17508,0.18618065725044752,0.19678,0.2346256930160073,0.22163,0.20784,0.19651,0.18341,0.17058,0.15683933766365246,0.14308,0.13085,0.11971,0.11049714504414421,0.10129,0.0937,0.0855
23-01-2026 12:55,25226.8,0.09191,0.09074,0.09157723617933428,0.09436,0.09921606847379509,0.10493,0.11597471088000175,0.12694,0.13837,0.15025,0.16205,0.17356,0.18485880652616696,0.19498,0.23641,0.22369,0.21182,0.20039,0.18662901445674546,0.17433,0.16074,0.14707,0.13576,0.12571,0.11721,0.10981,0.10391,0.09895
23-01-2026 13:00,25191.8,0.10732,0.10216,0.10054,0.10197,0.10559,0.112778635735434,0.12128,0.13301,0.1435724833389105,0.15608,0.16683,0.17872,0.18873,0.19995,0.23239,0.22018,0.20746,0.19582,0.18204,0.16979,0.15628,0.14286,0.13142,0.1209,0.11199,0.10346224375920243,0.09654,0.08989
23-01-2026 13:05,25191.25,0.1040349697176864,0.10077,0.09948,0.10124,0.10514,0.11102,0.12143,0.13223697889141175,0.14478,0.15664,0.16748,0.17944,0.19018,0.20155,0.2309570211979018,0.21953,0.20747,0.19582,0.18203,0.17015,0.15659,0.14283,0.13138,0.12085,0.1118,0.10375,0.0965,0.09041
23-01-2026 13:10,25194.95,0.10157,0.09802,0.09731,0.09991,0.10395,0.1104,0.12100319494816751,0.13232,0.14345823369450844,0.15573,0.167,0.17842,0.18909,0.20112,0.23302,0.22183735565810445,0.20969924767962697,0.1967353755994718,0.18311,0.16964,0.15624,0.14236,0.13117,0.12066207328935018,0.11148,0.1041,0.09747,0.09218997760664575
23-01-2026 13:15,25171.1,0.09416,0.09409381331436184,0.0962,0.101,0.10761304914919254,0.11552,0.12639,0.13715906107117748,0.14895086505233068,0.1611,0.17255,0.18417,0.19448,0.20596,0.22712951360911446,0.21619,0.20472,0.19249,0.17956086328655463,0.16678,0.15381,0.14203,0.13153,0.12279,0.1152,0.10933,0.10496,0.10098
23-01-2026 13:20,25141.7,0.09918,0.10042,0.10271,0.10734,0.11295,0.12216064843590589,0.13196,0.14377,0.1549,0.16568,0.1773959757648278,0.18856,0.19941,0.20980774672361743,0.22429,0.21339,0.2011,0.18918,0.17603,0.16335,0.15068,0.1396,0.12972,0.12171695180531959,0.11471472624601532,0.10861,0.10422,0.09779
23-01-2026 13:25,25138.55,0.09959,0.09975,0.10241826692451489,0.10753,0.1139,0.12191,0.13279,0.14464,0.15683,0.16747,0.179,0.19071,0.20056,0.21212,0.22394,0.21174,0.20072,0.18757401630242873,0.17434,0.1622,0.14993,0.13878789206090714,0.12773,0.11936,0.11245,0.10677,0.10208573362764359,0.09899
23-01-2026 13:30,25095.3,0.10352,0.10563,0.1091274389329916,0.11503,0.12248,0.13186097703184374,0.1424,0.15439,0.16515318884143554,0.1774,0.18879,0.20028,0.21161,0.2223,0.22468,0.21272,0.20148,0.18886,0.17617,0.16462,0.15373,0.1436,0.13495,0.12751172322414986,0.121795598067906,0.11829,0.1149533391044074,0.11441
23-01-2026 13:35,25072.05,0.10627,0.10742,0.11133,0.11663,0.12419044529169371,0.13282,0.14377,0.15568,0.16665832595353144,0.17828,0.19004621012616232,0.20123,0.21156,0.2214524532562513,0.22141,0.209063285769761,0.19618,0.18394510211669746,0.1715,0.15941,0.14792,0.13777,0.12862,0.12121,0.11527,0.11050500456056297,0.10719,0.10371
23-01-2026 13:40,25076.35,0.1005,0.10382,0.10953,0.11588,0.12411,0.13430624863578197,0.14491427880824032,0.15623,0.16833,0.17852,0.19002,0.20117145707475845,0.21165,0.2226,0.2251,0.213147716723665,0.20101,0.18915,0.17594,0.16462,0.15405,0.14446,0.13586601047787034,0.12982,0.12428,0.12058829879083595,0.11991,0.1204
23-01-2026 13:45,25053.0,0.11187,0.11268938184622651,0.11669,0.12201,0.12927,0.13836,0.14889,0.16014,0.17213,0.18292234711037514,0.1941,0.2056133249821835,0.21633,0.22737,0.21884,0.20684934851598424,0.19441781490672652,0.18173,0.16826,0.15582,0.14497,0.1354573077120024,0.1259510720493264,0.11786,0.11116,0.10602,0.10156497067129154,0.09759
23-01-2026 13:50,25055.05,0.11105,0.11255,0.11691,0.12263,0.12998,0.13922,0.14982,0.16105,0.17257,0.18399,0.1948,0.20664,0.21768333308297177,0.22849,0.22043,0.20712,0.19470340720991977,0.18212,0.16866,0.15651,0.14516,0.13497009383931644,0.12498,0.11719,0.11063,0.10486,0.10082,0.09764991879055439
23-01-2026 13:55,25054.0,0.11215,0.11334,0.1173,0.12213123978780378,0.12874,0.1381027096844756,0.14821922228227294,0.15952,0.17036,0.18221,0.19365,0.20479,0.2155576262372376,0.22594599657121675,0.21977,0.2081,0.19563,0.18322,0.1706,0.15865,0.14751,0.13711,0.1281,0.12067,0.11411,0.10903,0.1056,0.10223
23-01-2026 14:00,25054.2,0.11441,0.11410229661285341,0.11666328043960963,0.12158434119571632,0.12875,0.13712,0.14720951770199864,0.15833,0.1693,0.18057,0.19126,0.20207,0.21334,0.22331,0.21929,0.20717,0.19529,0.18134,0.16890066029052214,0.15644066265957338,0.14443,0.1335,0.12424,0.1165,0.10991,0.10398,0.09874,0.09436
23-01-2026 14:05,25065.1,0.11171,0.11208,0.11495,0.11976,0.1261,0.13483,0.14508,0.15631,0.16766,0.17854,0.18921,0.20098416905941904,0.21187,0.22187,0.22034,0.20887,0.19703,0.18391,0.170783584750085,0.15778,0.14614,0.13499,0.12562,0.11815,0.11117268608905989,0.10558,0.10159,0.09656
23-01-2026 14:10,25058.25,0.11362,0.11404,0.11716,0.1215,0.12778,0.13652,0.14642517130598515,0.15781,0.16918,0.1801,0.19032,0.20165,0.2130591964847418,0.22438,0.22067,0.20895594701578007,0.19652,0.18292,0.16945,0.15701,0.14502,0.13361,0.12347,0.11525,0.10969,0.10308,0.09849,0.09298
23-01-2026 14:15,25090.65,0.09978,0.10291,0.10779448646735623,0.11374,0.12098,0.12996,0.1401,0.15103,0.16303,0.17347,0.18454,0.19525,0.2069498968971477,0.21772,0.22608,0.2139,0.20107,0.18844,0.17504,0.16301,0.15186,0.14089,0.13175,0.12436,0.11926,0.11535,0.1123601056330746,0.11247
23-01-2026 14:20,25059.65,0.10638,0.10812,0.11210212553769812,0.11766,0.1251214873529638,0.13389,0.14450944609064859,0.15581,0.16723,0.17783,0.18819,0.19926,0.20977191546724347,0.22014180421978072,0.22341,0.21041,0.19825,0.18483882740532542,0.17186,0.15965,0.14814,0.13705,0.12795,0.12066,0.11481582847298452,0.11106,0.10765,0.10473
23-01-2026 14:25,25049.75,0.11412877422850756,0.11518,0.11749,0.12119,0.12738,0.13461,0.1447,0.15513,0.16647,0.17606,0.18782531150863868,0.1988461684102026,0.2098229723458134,0.22056,0.2197,0.20694,0.19409,0.1802,0.166992459867276,0.15341,0.1417167730812198,0.13031737245018257,0.11907,0.11017,0.10294,0.09634,0.08975,0.08191
23-01-2026 14:30,25077.85,0.11012,0.11027,0.11321,0.11741,0.12437,0.13318956844152888,0.14348,0.15363,0.16489,0.1743,0.18512,0.19678,0.20853,0.2183,0.22389,0.21011,0.19796,0.1842,0.17068,0.15744,0.14487,0.13241,0.12266836741363167,0.11309,0.10574,0.09974,0.0941,0.08855
23-01-2026 14:35,25087.05,0.1078,0.10743,0.10964777506296622,0.11406,0.12083291258178226,0.129,0.13846150652098194,0.1487969101240703,0.1598568062037015,0.17109,0.18275,0.19454436161734173,0.20595,0.21554,0.22344,0.21125077336401638,0.19846,0.18482,0.17106,0.15737,0.14542,0.13399027594196614,0.12292,0.11524602865650328,0.10799,0.10227,0.09782,0.0929
23-01-2026 14:40,25094.55,0.10251446331449829,0.1053,0.10947,0.11466,0.12255,0.13135601462822935,0.14131916771605815,0.15227,0.16277,0.17191,0.18385,0.19511,0.2060032244632072,0.2169,0.22589,0.2131817403211921,0.20016,0.18735,0.17383,0.16066087766410259,0.1480517217207807,0.13695,0.12586,0.11704,0.11101,0.10538,0.10133354813928912,0.09763522319217786
23-01-2026 14:45,25081.45,0.10176,0.10398,0.1083774675543724,0.11413,0.12282096204582162,0.13217,0.14255,0.15294,0.16298051149099518,0.17305,0.1850297638400166,0.19652,0.20829,0.21885,0.2247,0.20978,0.19875,0.18541,0.17329,0.1604,0.14852912259830542,0.13823,0.12811,0.12034666271749968,0.11468,0.11013,0.10692,0.10385537704502247
23-01-2026 14:50,25059.3,0.11087049789405849,0.11306596721195426,0.11717,0.12120127547783967,0.12789,0.13662,0.14639,0.15629,0.16695,0.17648,0.18874,0.19922,0.21018,0.22051,0.21785183302586889,0.20545,0.19303,0.18035,0.16728,0.15404,0.14196,0.13044256972227555,0.11889,0.10969,0.10347782699413485,0.09703,0.0915,0.08374
23-01-2026 14:55,25096.0,0.10285581815790007,0.10472,0.1084,0.11268,0.11992,0.12927,0.13943,0.14981608796940485,0.16087,0.17099,0.1833427029138171,0.19457,0.20503,0.21545,0.22446,0.2110599702466218,0.19757,0.18516,0.17236,0.15908,0.14636286554624298,0.13503,0.12398,0.11532,0.10926,0.10437,0.10001,0.09741
23-01-2026 15:00,25071.15,0.10632,0.10791,0.11251,0.11727,0.12556,0.13521,0.14652,0.15761,0.16824,0.17934,0.1912,0.20287,0.21389,0.22422,0.22224,0.21019942481457132,0.19792,0.18477363640311342,0.17151,0.15879178535781918,0.14663,0.13499,0.12542367791739437,0.11609,0.11005,0.10618,0.10368,0.1
23-01-2026 15:05,25059.0,0.1009,0.10433,0.10951,0.11488,0.12411,0.13455,0.14715,0.15877,0.17062,0.1813,0.19338728631092222,0.20477,0.21637,0.22744,0.2193,0.207564975678241,0.19568,0.18348,0.17207,0.16041,0.15012,0.13935,0.13024,0.12326,0.11829515509370245,0.11648,0.11517,0.11593
23-01-2026 15:10,25045.6,0.11068,0.11184683338005552,0.11676,0.1215,0.13029,0.13946794449851052,0.15104,0.16104,0.17246,0.1839456069976541,0.19529397265553824,0.2064974218832134,0.21719,0.22664,0.21800132148985168,0.20548,0.19306859935225823,0.18023,0.16754320316202653,0.15451,0.14377,0.13176,0.12280205492739485,0.11352,0.10779,0.10344,0.09947931761383547,0.09623
23-01-2026 15:15,25061.1,0.10403,0.10756,0.11216,0.11735,0.12658,0.1366,0.14719,0.15763,0.16971,0.18027,0.19149,0.20296,0.21502,0.22596,0.22229,0.20842,0.19569,0.1816828937349523,0.1683132660869519,0.15498,0.14334,0.13215,0.12057,0.11286,0.10961,0.1063,0.10286875122316409,0.1021
23-01-2026 15:20,25040.65,0.1146,0.11616,0.11943356540672603,0.12529642125166737,0.13309,0.14232933688895394,0.15303,0.1629814278952024,0.17486,0.18481,0.1965568158322635,0.20832,0.2181,0.22899,0.21961183420754318,0.20643060996531798,0.19313,0.17961,0.1662,0.15292,0.14013,0.12789,0.11618,0.10749,0.10309423925488727,0.0991,0.09488,0.08909
23-01-2026 15:25,25049.65,0.10887,0.11147,0.11604,0.12176,0.13109,0.1404751770703535,0.15154,0.16182,0.17314,0.18434,0.19727,0.20814,0.2205,0.22986,0.21958,0.20286,0.19008,0.17715,0.16433,0.15096,0.13995,0.12751181572594308,0.11742676385499519,0.10726,0.10175,0.09947,0.09448,0.08977
27-01-2026 09:15,25113.05,0.27499,0.30202,0.32281,0.35058,0.38461,0.42786,0.47824,0.52453,0.57367,0.62043,0.6731490244431374,0.70998,0.7562520171424577,0.8276830110489121,0.80455,0.75263,0.70349,0.64961,0.59775,0.55382,0.51257,0.48379,0.46589,0.46533,0.47357,0.49258,0.51278,0.54893
27-01-2026 09:20,24981.3,0.37173,0.38093,0.4007083696381636,0.4300116441207711,0.4682834283071323,0.51126069745694,0.55918,0.60764,0.6609,0.70752,0.76109,0.80431,0.84893,0.9116968476561318,0.722,0.67056,0.63579,0.57755,0.52942,0.47801,0.4362623576571389,0.39554,0.37825,0.3773,0.38901,0.3935232221815073,0.41378,0.42590544545555237
27-01-2026 09:25,24940.7,0.41215,0.41457,0.42548,0.45579058495031366,0.4958,0.53823,0.58329,0.6339459732752073,0.6864,0.73837,0.78617,0.83239,0.877,0.9282341512528891,0.70051,0.6560271173823056,0.60735,0.55241,0.5018,0.4528,0.40457,0.36324,0.3456162753354276,0.32686,0.31923,0.31138,0.2881,0.26488489867138754
27-01-2026 09:30,24944.4,0.43418,0.43019,0.43603765739503336,0.45789,0.4931935355621744,0.53966,0.5820036799013202,0.63551,0.68635,0.736904577291488,0.79262,0.83608,0.8807219970240503,0.92433,0.69697,0.65541,0.61709,0.56144,0.51004,0.45156,0.4083546802398675,0.35395,0.31876,0.30027,0.27788778417606874,0.2555077907160054,0.23261,0.15552
27-01-2026 09:35,25018.3,0.4495,0.42747,0.41019,0.42032,0.45178,0.48537410993401064,0.52925,0.57595,0.62223,0.67629,0.7261080280574491,0.77034,0.81264,0.85271,0.742188952692768,0.69537,0.64737,0.60076,0.54814,0.4962,0.44574,0.40342167483582997,0.35472,0.32039,0.29276,0.26448,0.22211,0.12637
27-01-2026 09:40,25090.85,0.4547,0.4137,0.39014,0.38476,0.40993,0.44455,0.48925,0.53745,0.58193,0.63655,0.68678,0.73576,0.76941,0.81462,0.79603,0.74443,0.69617,0.64951,0.60292,0.55029,0.49947,0.45308,0.40468,0.36501,0.333,0.30009,0.26344,0.2039
27-01-2026 09:45,25142.05,0.36816,0.34955,0.3373,0.34272,0.369294314173768,0.40126,0.44811,0.49461,0.54701,0.59015,0.6466778336428582,0.6975652774414742,0.74219,0.78754,0.817080452495125,0.77235,0.7248746905064913,0.6754,0.63383,0.58196,0.52995,0.4831779191326741,0.43571,0.40108,0.3768,0.35236,0.3200460805478925,0.29136
27-01-2026 09:50,25142.45,0.34662,0.32683,0.31992,0.32756,0.35831,0.39611,0.44871,0.50094,0.54737,0.59426,0.65191,0.7002858341213742,0.74216,0.78114,0.8203977000024033,0.77273,0.72082,0.67648,0.6278256509022319,0.58085,0.53176,0.48237,0.4405,0.40779,0.3795103218907807,0.35811813830956224,0.34076,0.30921
27-01-2026 09:55,25130.4,0.32119,0.31184,0.31403,0.32672,0.36179,0.4046530998633508,0.45679,0.51181,0.5607454886061629,0.61344,0.6647988883341225,0.71226,0.75959,0.7934,0.80994,0.7601,0.72919,0.6766571642627631,0.6264,0.56905,0.516,0.46864,0.42882,0.4038921608202382,0.3820190229851762,0.37073,0.3502972053277968,0.33788
27-01-2026 10:00,25139.8,0.32443,0.3039313464342078,0.3057156348478246,0.32502,0.35940645335820626,0.40375,0.45450030377027784,0.51008,0.56064,0.6148569609384535,0.66324,0.70756,0.7501168333631512,0.7844424099299887,0.83447,0.78289,0.7361178922201304,0.68513,0.633,0.58504,0.52821,0.47811,0.431,0.39817,0.37604,0.35656,0.33606,0.31098
27-01-2026 10:05,25125.85,0.30215,0.29677,0.30128,0.32297,0.36228,0.40899,0.46656,0.51932,0.57315,0.62148,0.67629,0.72081,0.7662243742312236,0.80129,0.8219665304137436,0.7782795617104404,0.73296,0.6838646844547726,0.63328,0.57812,0.52108,0.47288,0.43083,0.40016,0.38385,0.37058,0.35888,0.33865
27-01-2026 10:10,25088.75,0.4075,0.3667357364114781,0.35823,0.36103,0.3887216995872704,0.42782,0.48428,0.53178,0.58393,0.63445,0.68859,0.73067,0.7829,0.82034,0.81291,0.76659,0.71267,0.66199,0.6092103871697618,0.55399,0.49687,0.44858,0.39699,0.36248,0.33467,0.30213228969594724,0.27156,0.21831
27-01-2026 10:15,25129.65,0.43897,0.39066,0.36472,0.36018,0.38258,0.41304,0.45951307375460776,0.51171,0.56872,0.61118,0.66561,0.71362,0.75313,0.79688,0.84848,0.7956,0.74158,0.69533,0.63808,0.58309,0.53429,0.47852,0.43107,0.38655,0.35069,0.31475,0.27834,0.22729
27-01-2026 10:20,25170.2,0.32589,0.30563,0.30030488156911245,0.31025,0.34257,0.38807,0.43845286338169653,0.49493,0.553,0.59737,0.65279,0.69651,0.74989,0.78886,0.87099,0.827929875068998,0.78094,0.73318,0.67496,0.62221,0.56933,0.5152235883518564,0.46549125571465694,0.42046,0.387469045189935,0.36053,0.3283534657583867,0.30288
27-01-2026 10:25,25164.05,0.25371,0.26218,0.27617,0.30173,0.34283,0.39283,0.4492,0.50273,0.5580458689013859,0.60586,0.67118,0.717289511272786,0.7629241854281449,0.79871,0.87468,0.82807,0.77342,0.72691,0.67296,0.61698,0.5619,0.51093,0.4661166362617941,0.42822,0.40896,0.383284828277309,0.38081,0.37269
27-01-2026 10:30,25123.35,0.3273,0.31534,0.31592569213793276,0.33808,0.37590469926094827,0.42491,0.48153,0.5289018424171412,0.58658,0.63961,0.6943069604018023,0.7464,0.79521,0.83545,0.85189,0.79916,0.75078,0.700238165754284,0.64601,0.59014,0.54071,0.49048,0.43891,0.39674,0.370470706161358,0.33773,0.31402,0.28019
27-01-2026 10:35,25122.35,0.27734929115085255,0.28617324523071086,0.3076,0.33586,0.37908,0.43199007640369036,0.48624,0.54057,0.58795,0.64561,0.7025,0.74763,0.79619,0.82755,0.8585,0.80533,0.75652,0.70959,0.65084,0.5943049806474254,0.5394173243322926,0.49179,0.4435,0.40453,0.38167380286241537,0.35626,0.33601,0.31486
27-01-2026 10:40,25095.65,0.2611570688716711,0.27705,0.30858,0.34517,0.39676,0.4547759813570293,0.5135,0.57223,0.62559,0.6779246794366318,0.7279977064642565,0.7755,0.82494,0.87277,0.82604,0.77517,0.73559,0.66826,0.62248,0.56794,0.5110419680690644,0.46905,0.42666,0.41728,0.41798,0.42719,0.44604,0.47381
27-01-2026 10:45,25027.6,0.33335,0.33817,0.35486,0.3930836374542008,0.44222,0.49912,0.5557,0.61343,0.66951,0.72857,0.7773486084145073,0.82268,0.869783543746731,0.91224,0.81134,0.75038,0.7045173311711731,0.64989,0.59084,0.53037,0.47477,0.42695,0.37786,0.35741843017555225,0.33006,0.3181555366353144,0.2975,0.26889
27-01-2026 10:50,25020.95,0.2986912149705441,0.3311,0.3701307768509632,0.41388,0.46816,0.5220447828815491,0.58347,0.63393,0.67963,0.74791,0.8027,0.8509,0.89024,0.94593,0.82915,0.7709887108235719,0.7133021659905153,0.65159,0.59194,0.5382,0.48057,0.4304,0.39683418587827285,0.36854,0.36669,0.37527,0.37290181784341686,0.40869
27-01-2026 10:55,24997.0,0.3272,0.3499891988016469,0.3868470821857104,0.4288,0.4823600093974039,0.53983,0.59563,0.64794,0.70518,0.76982,0.81506,0.8733,0.9251531837162567,0.97544,0.80799,0.7578673745124547,0.70166,0.64264,0.58219,0.52396,0.46668886094325196,0.41534,0.37268,0.35504,0.35497,0.34646641522755683,0.35242256162546326,0.3853
27-01-2026 11:00,24984.95,0.30948336697268986,0.3483654309646197,0.3939172535560945,0.44337,0.49355,0.55304,0.60914,0.66918,0.7194,0.7846,0.83519,0.888869803129785,0.94099,0.99173,0.849064670203165,0.775258658084094,0.70616,0.63595,0.57545,0.5144945891025717,0.45921,0.40189,0.34996,0.32186,0.31013,0.29312,0.26525,0.201
27-01-2026 11:05,25008.55,0.35938,0.3689925842050235,0.39529,0.43643,0.48808,0.5416902323088847,0.60524,0.65624,0.71909,0.77679,0.83301,0.88779,0.93527,0.98664,0.8025948060965682,0.76668,0.72755,0.6659302915931625,0.6019824484749907,0.53754,0.47948,0.42233,0.36786,0.33818,0.32588,0.30735505836845795,0.31009,0.29008
27-01-2026 11:10,25017.35,0.35447,0.3655429672739803,0.3917,0.4350801581383789,0.48639,0.54371,0.5990094430784604,0.66031,0.71616,0.78283,0.83535,0.90092,0.94465,0.9879006627423306,0.84323,0.78659,0.74005,0.66858,0.6090408534215718,0.55235,0.48503932072538164,0.42763,0.37099,0.33704,0.32149,0.2996430435658913,0.29971,0.27694
27-01-2026 11:15,25024.0,0.36044,0.36747,0.38888,0.42815,0.48191,0.53609,0.59681,0.65096,0.70102,0.77263,0.82914,0.88409,0.9361558324440342,0.9822,0.84713,0.79103,0.74571,0.67934,0.61259,0.5492684803967781,0.48546,0.42832,0.37381,0.33669,0.31376,0.29753,0.29356997081474473,0.29325523693482236
27-01-2026 11:20,25044.9,0.32104,0.33979832558010015,0.36439,0.41123,0.46217,0.52086,0.58499,0.63522,0.69429,0.7595015115648495,0.81298,0.87951,0.92713,0.96345,0.85907,0.8038,0.75361,0.68763,0.63226,0.56455,0.51188,0.45302,0.39312,0.36313,0.34214,0.33306,0.32606,0.31835
27-01-2026 11:25,25036.65,0.36696,0.36749,0.38782,0.42691,0.4700289050698124,0.52892,0.58582,0.63827,0.6913,0.76463,0.8207,0.88782,0.93488,0.9796233240148278,0.8609075846340268,0.80684,0.7554043885530581,0.69546,0.6388110711327439,0.57808,0.5149,0.45444,0.39294,0.34485,0.31554,0.2875353039261362,0.26278,0.209
27-01-2026 11:30,25078.55,0.30177,0.31892,0.34583,0.39147,0.4418549575285619,0.50143,0.55908,0.6155284545856321,0.67088,0.73376,0.797817721303535,0.85717,0.91064,0.95374,0.89745,0.84137,0.79065,0.72989,0.668899396375875,0.61261,0.54192,0.4866,0.42664,0.38602,0.36245,0.34457,0.33544,0.32557632289421523
27-01-2026 11:35,25074.65,0.3367412213653128,0.34012,0.35804,0.39528,0.436,0.49221,0.55529,0.60544,0.66896,0.73161,0.79348,0.84687,0.91508,0.94711,0.90452,0.83873,0.7945810355916489,0.73505,0.67733,0.61641,0.54493,0.48589,0.42361,0.37293,0.33543,0.3027411604584119,0.28242,0.25141
27-01-2026 11:40,25088.45,0.51292,0.44935,0.42746,0.43359,0.45344,0.48777,0.54722,0.59689,0.648588419530119,0.70847,0.76042,0.817200925986233,0.86804,0.91268,0.9218787308357612,0.86574,0.813626352677219,0.75212,0.68852,0.62328,0.56051,0.5012,0.43625,0.38682,0.3401,0.29952,0.25544,0.17427
27-01-2026 11:45,25159.6,0.26014,0.2794,0.30133,0.33437,0.37354,0.43836,0.49435,0.54956,0.60709,0.6751791305284037,0.73216,0.78416,0.8331761262576695,0.86457,0.97798,0.9111,0.85324,0.79336,0.7316,0.6588463780622966,0.5957908373705428,0.5374545538810551,0.48941,0.44602,0.42422,0.41054,0.40549,0.41203
27-01-2026 11:50,25103.25,0.3271,0.32609,0.3415,0.37589,0.41313,0.4694901911124639,0.53389,0.59395,0.6468134957573378,0.69661,0.77721,0.81837,0.87825,0.92405,0.94209,0.87488,0.81721,0.76497,0.69521,0.63118,0.56521,0.50148,0.44941,0.415724748779192,0.38774,0.3682948973860252,0.36494,0.34715
27-01-2026 11:55,25084.4,0.3749867552134826,0.37526,0.3791564731313699,0.4052,0.43891,0.49008,0.55875,0.60674,0.66333,0.71693,0.79863,0.85098,0.91214,0.9661816420434242,0.95193,0.8914481576177774,0.8275986765997978,0.76111,0.69042,0.61931,0.556423660554233,0.49539940028481416,0.43434,0.39001,0.36077066864323215,0.33146,0.30429,0.26015
27-01-2026 12:00,25100.25,0.3932,0.37693,0.37919,0.4031726727009023,0.44151,0.49354,0.5541,0.60307,0.65156,0.7150587612686713,0.77765,0.82725,0.8788223596323371,0.9196825182594589,0.9623,0.88186,0.82452,0.77303,0.7002849259016712,0.6346836182897044,0.571,0.5110432160052352,0.45472,0.40448,0.37113,0.34364,0.31813,0.29619887654488036
27-01-2026 12:05,25122.5,0.35913,0.347,0.35271,0.37884,0.42015,0.47865,0.53933,0.590566612308799,0.65344,0.69809,0.78273,0.82285,0.89728,0.9630700616728726,0.98853,0.90705,0.84928,0.78884,0.72602,0.6541,0.59385,0.5312682421351964,0.47451,0.4294574902507915,0.39439,0.37132,0.3522,0.33474109659121093
27-01-2026 12:10,25117.85,0.37709,0.3605,0.36361,0.38941,0.42902,0.4828977500357908,0.55495,0.59802,0.66477,0.72079,0.78509,0.84864,0.905567294349245,0.95972,0.98491,0.90182,0.84542,0.79545,0.73937,0.6659,0.6025289836223234,0.54119,0.47988,0.42957,0.39059,0.36109,0.33405,0.3012
27-01-2026 12:15,25117.6,0.30765,0.31365,0.33785,0.38075,0.438,0.49899,0.56222,0.62062,0.6750519440031348,0.73016,0.7925401634773739,0.84696,0.9233,0.97212,1.01025,0.92673,0.85601,0.81432,0.7486,0.67419,0.61091,0.55146566320595,0.49736584072536677,0.44767,0.41968,0.39999,0.38464,0.37378
27-01-2026 12:20,25109.2,0.39454,0.36531629637479884,0.37656,0.40138,0.44949348752957835,0.51201,0.57587,0.62761,0.68817,0.73425,0.81144,0.8637,0.94107,0.99043,1.00465,0.93314,0.8786344378506322,0.819,0.7524256899415409,0.6835,0.62307,0.55271,0.48838,0.42912,0.37872,0.33881,0.2988005034800132,0.24873
27-01-2026 12:25,25134.2,0.27995,0.29513,0.33357091657532933,0.37419,0.42935,0.4948,0.56462,0.6196092500187124,0.67951,0.73799,0.81575,0.85823,0.94879,0.98686,1.03517,0.94871,0.90214,0.8364733469123348,0.77268,0.72383,0.63977,0.58404,0.51233,0.4642154451945957,0.42482,0.40127,0.38577,0.37778
27-01-2026 12:30,25098.2,0.34532,0.3392152530021943,0.36118,0.4013,0.45691,0.52494,0.59417,0.66049,0.71503,0.76211,0.84146,0.89501,0.98724,1.00813,1.0379,0.95103,0.88906,0.83341,0.76474,0.70024,0.62633,0.56307,0.49249,0.4407,0.39862,0.36573,0.33397,0.29361
27-01-2026 12:35,25099.65,0.32818,0.3356,0.36352,0.41336,0.47017,0.53637,0.5966682355888087,0.66877,0.72412,0.7958812043810182,0.86377,0.92022,1.00022,1.03866,1.04009,0.97827,0.90271,0.8425616242946292,0.77667,0.71739,0.6388344040048484,0.57224,0.51253,0.45385,0.41578,0.38273558207188596,0.3681,0.35270875948160063
27-01-2026 12:40,25084.95,0.3373309426842151,0.35756,0.3851,0.43265,0.48939,0.55081,0.61517,0.6809084257046822,0.7477600026636356,0.81686,0.87549,0.9386418926662132,0.99762,1.04657,1.04478,0.96906,0.90513,0.84759,0.7748508303093479,0.71012,0.62832,0.55539,0.49525,0.4378830835787744,0.39399666849929726,0.36234743042910117,0.34137,0.32466915488812587
27-01-2026 12:45,25083.9,0.30396999410893455,0.33588,0.38006,0.43751,0.49765,0.5648281620951444,0.63201,0.6973031991120993,0.76706,0.82994,0.893195484127401,0.94517,1.0283,1.06306,1.05972,0.98286,0.91795,0.85952,0.78761,0.7134,0.6369,0.56286,0.50176,0.45209,0.42086,0.40056,0.38685,0.38058
27-01-2026 12:50,25065.25,0.3993,0.39715,0.42182,0.46947,0.52555,0.59988,0.66958,0.7228079434693496,0.78377,0.85703,0.9208348818803352,0.98798,1.04271,1.0941397158088015,1.07631,0.96973,0.90591,0.83859,0.75874,0.69506,0.62552,0.54605,0.48093994249304395,0.41217,0.36272,0.31743,0.28812481307413595,0.25664661041503933
27-01-2026 12:55,25094.45,0.33154,0.3502,0.3889,0.4480783600700602,0.5114380119455997,0.58448,0.646929598341676,0.71484,0.77353,0.84815,0.9173996088159033,0.98176,1.05306,1.10751,1.10123,1.0301492242068653,0.9577260531764904,0.88526,0.80352,0.7374,0.65314,0.57953,0.5093,0.44418,0.40057,0.36528,0.34277,0.3115
27-01-2026 13:00,25087.35,0.32893,0.348,0.3987962243653914,0.45282,0.52299,0.58998,0.66662,0.72416,0.7991666374732525,0.86777,0.94264,1.00345,1.07589,1.13114,1.11403,1.03344,0.95265,0.8853402450520642,0.81111,0.74373,0.66463,0.5879961082651867,0.51132,0.45443,0.408,0.37208,0.33849,0.30072
27-01-2026 13:05,25077.3,0.37491,0.387,0.42388,0.47872,0.5369,0.61433,0.69302,0.74483,0.82368,0.87877,0.93987,1.01338,1.08612,1.13901,1.10891,1.0392484848278987,0.96104,0.90142,0.80672,0.74013,0.66738,0.585012164959335,0.50256,0.44235,0.39332351546950395,0.34786,0.30785,0.25246
27-01-2026 13:10,25078.6,0.38621,0.39523,0.43152,0.48027,0.54075,0.6185,0.6834,0.75694,0.82697,0.90538,0.98283,1.04564,1.12058,1.15819,1.12954,1.0471,0.96446,0.90732,0.8273376370975281,0.76234,0.68031,0.6096222686007987,0.5363212471747031,0.4713287564424801,0.40577,0.35911,0.31882,0.25628
27-01-2026 13:15,25088.55,0.3905253201155523,0.41003,0.44149,0.48748,0.54588,0.62644,0.70165,0.76234,0.83383,0.88793,0.99268,1.05610741305536,1.13316,1.14869,1.15813,1.07422,0.99013,0.9322,0.83392,0.77672,0.6885351745533382,0.61558,0.53137,0.46989,0.41386,0.36185,0.31003315476010557,0.26639
27-01-2026 13:20,25085.9,0.43553,0.43431,0.45449,0.49675,0.55424,0.6258438474085465,0.71032,0.7760944403862124,0.86254,0.92093,1.00047,1.0453,1.15693,1.19614,1.15829,1.07399,1.0154784822983505,0.94771,0.8640204866457557,0.78017,0.70546,0.61252,0.5380966506121934,0.4614,0.39462,0.34212227877932555,0.3026,0.23747
27-01-2026 13:25,25098.05,0.46141,0.45251,0.46505,0.50455,0.56244,0.6298594104599277,0.71329,0.78384,0.86895,0.94142,1.01001,1.09028,1.1697,1.21001,1.1563545261298405,1.10515,1.05253,0.97691,0.89784,0.81566,0.73052,0.64864,0.56142,0.47273,0.40676,0.34945,0.30219,0.27154262151650915
27-01-2026 13:30,25112.65,0.36831,0.38375,0.4301800859689988,0.48536,0.55493,0.63535,0.71437,0.79586,0.87378,0.94799,1.03188,1.102760976621087,1.16419,1.22291,1.22766,1.15967,1.08677,1.0083017615892884,0.92938,0.842703594194995,0.75914,0.68207,0.58743,0.5117,0.44197,0.39028,0.35284,0.34312444727255664
27-01-2026 13:35,25095.5,0.28249,0.35375973734797894,0.42153,0.49482,0.5808514568664108,0.65956,0.7536,0.8196,0.9061737600191984,0.98382,1.062190209434093,1.1397216317343617,1.211959393429728,1.28497,1.21494,1.1585653090082104,1.09508,1.00257,0.93371,0.8414499668924609,0.7587146130940728,0.68561,0.6122265739429406,0.56349,0.5197824436148745,0.52212,0.53098,0.59249
27-01-2026 13:40,25049.05,0.37743,0.42277,0.49073,0.5709366547945842,0.66038,0.74594,0.82367,0.90134,0.97221,1.06132,1.1209,1.1981555199710638,1.27192,1.33216,1.20272,1.13539,1.06165,0.99634,0.92155,0.83142,0.73084,0.64204,0.55651,0.4863,0.42132,0.39112,0.36411,0.33202
27-01-2026 13:45,25044.1,0.42625,0.46033922404079497,0.51533,0.59021,0.6597923038399182,0.7381064784746059,0.8201512451003687,0.903727146122417,0.9851152250412933,1.06364,1.15186,1.2249170448206508,1.2930278483415036,1.34114,1.2324250863641444,1.156999499703802,1.0821,1.0071837850513672,0.91634,0.83709,0.73498,0.63898,0.55494,0.4809274476216524,0.39944,0.35232,0.30672,0.22099
27-01-2026 13:50,25054.3,0.37171,0.42344,0.49546,0.57747,0.67696,0.75746,0.85059,0.94007,1.0022,1.08021,1.1763390765836694,1.26015,1.34868,1.39246,1.314,1.232717965775393,1.15066,1.06292,0.9819,0.88599,0.77972,0.67892,0.58948,0.50801,0.4399426616133074,0.39785,0.3542360331861623,0.34367
27-01-2026 13:55,25040.65,0.38421,0.43769,0.5200849356836298,0.6083,0.70442,0.7930628239969666,0.89528,0.97861,1.05464,1.13671,1.21434,1.30604,1.37665,1.44131,1.3029310585967686,1.23488,1.168312441977001,1.0858018676047112,0.99334,0.8916007972803087,0.7884888762969886,0.68166,0.5851464600569466,0.48888,0.40466,0.351238964837289,0.29989,0.20917
27-01-2026 14:00,25042.35,0.32664,0.4114,0.50478,0.60881,0.70982,0.80406,0.89113,0.96993,1.0818,1.15066,1.22752,1.3206,1.41273,1.50397,1.3892137659713728,1.28946,1.18482,1.0946,1.01173,0.9046949667659567,0.8088,0.7008208035469679,0.6073,0.52322,0.44833,0.41858,0.39087001233076035,0.3818345965612265
27-01-2026 14:05,25010.6,0.39868,0.48123,0.5739646850828204,0.67489,0.78007,0.8703258880570053,0.9656985605381072,1.0674,1.15967,1.2399010829573995,1.3235401393948476,1.41135,1.4914360074958044,1.57916,1.35802,1.27511,1.1963968445935713,1.10648,0.99522,0.89362,0.78825,0.67908,0.56582,0.47476,0.40804877044540905,0.32586,0.27633,0.12281
27-01-2026 14:10,25041.35,0.37357,0.45821,0.55878,0.6635221196328228,0.77277,0.86212,0.94634,1.05464,1.1532643104001756,1.25296,1.3304682945668946,1.40178,1.49949,1.56997,1.40252,1.3218863817790838,1.2308284955880917,1.14421,1.0163,0.91977,0.8388,0.72874,0.6107091418075066,0.51409,0.41328,0.3543,0.31415,0.25836
27-01-2026 14:15,25034.25,0.3695,0.45459,0.56798,0.67166,0.7785960603846157,0.89058,0.9889735765939713,1.08509,1.19427,1.31635,1.37374,1.49623,1.55624,1.62888,1.44116,1.35926,1.2764240303867782,1.18998,1.05823,0.9419,0.8396561604726694,0.73568,0.62576,0.52151,0.41642,0.35959273056137453,0.31669,0.27147
27-01-2026 14:20,25028.4,0.40083,0.48493,0.59172,0.6930607714480235,0.79921,0.89922,1.0028,1.10091,1.1955102769287462,1.2953881738803226,1.38358,1.51294,1.61732,1.7287066904331818,1.48547,1.33764,1.3076,1.1840778550505624,1.07166,0.96811,0.8591,0.75421,0.6467,0.5403,0.44549,0.3874,0.34854,0.28994
27-01-2026 14:25,25022.0,0.42522,0.51321,0.62323,0.7317,0.84639,0.9480003098692174,1.04852,1.1661,1.26484,1.37808,1.46805,1.55096,1.65772,1.76347,1.5429908460990787,1.4404323298013935,1.339180447954516,1.22728,1.115426077473963,1.0029190459438333,0.88354,0.76492,0.64858,0.5281,0.418650280256474,0.3137090173799474,0.2189685241951073,0.11719
27-01-2026 14:30,25040.85,0.39181,0.50066,0.62518,0.75971,0.88623,0.99624,1.1264,1.2432,1.34177,1.46343,1.56662,1.66481,1.7647315069947582,1.87057,1.57868,1.49654,1.4159515519628945,1.32053,1.1977900456910189,1.07647,0.944,0.8212,0.6865835356031906,0.57136,0.45098,0.36207,0.30341,0.24198492889372303
27-01-2026 14:35,25042.95,0.54896,0.57786,0.66313,0.76466,0.89905,1.00651,1.09641,1.22306,1.34797,1.50913,1.5939342249653417,1.68869,1.77649,1.8546,1.65134,1.52633,1.4631104191385167,1.38194,1.2510892687890935,1.12711,0.98879,0.87119,0.74329,0.60591,0.46679,0.3466179552747915,0.22857868453065075,0.10484
27-01-2026 14:40,25097.55,0.33389,0.42508,0.55551,0.67826,0.78645,0.92303,1.03769,1.16763,1.23569,1.42219,1.5261023436414565,1.63715,1.7469721423373779,1.83068,1.7994,1.6687,1.5733594493505212,1.47385,1.33685,1.22119,1.06074,0.93888,0.84334,0.69108,0.546586960485244,0.40992,0.31756,0.26193
27-01-2026 14:45,25108.1,0.37525,0.42842,0.5518801141281691,0.68849,0.8273,0.97349,1.11692,1.23827,1.32278,1.48454,1.58344,1.71158,1.835822318651974,1.9505320807593007,1.91042,1.71363,1.6289804611688057,1.53578,1.4090286490453605,1.27885,1.15422,1.00505,0.88216,0.7270168364463806,0.58912,0.43418,0.30565,0.20319
27-01-2026 14:50,25122.3,0.31118061963058774,0.4328,0.55658,0.70672,0.84021,0.9529,1.12283,1.2343862038929514,1.34638,1.48257,1.61719,1.79522,1.88216,1.94677,2.020853178209044,1.89989,1.7702158372930594,1.64927,1.530403676227456,1.37749,1.24586,1.08792,0.94426,0.78047,0.6260354994374463,0.47032,0.31555,0.16639
27-01-2026 14:55,25143.55,0.35345,0.38729,0.52999,0.6770784361970492,0.82563,1.0072,1.1428500468746996,1.2937,1.40702,1.55288,1.69702,1.7779,1.8871781420803475,1.94457,2.1347921853806566,2.06243,1.9618230071338043,1.86546,1.7262,1.55776,1.38835,1.2177,1.08865,0.90835,0.737110416627038,0.58392,0.39964,0.24166
27-01-2026 15:00,25118.0,0.22867,0.42577,0.5911754682292446,0.76229,0.93694,1.07719,1.24115,1.40258,1.56178,1.66008,1.71452,2.02809,2.10815,2.13811,2.27781,2.11407,1.9501,1.8497370522704712,1.72376,1.54954,1.37437,1.19798,1.01998,0.8635752070969268,0.6876,0.51939,0.32525,0.13865201499459834
27-01-2026 15:05,25134.65,0.20763,0.42034,0.58577,0.74767,0.96576,1.10655,1.2084,1.45281,1.62229,1.78968,1.85084,2.0445393804442697,2.16189,2.31529,2.60916,2.34411,2.159355864484453,1.992328293465006,1.8275841083570106,1.68275,1.44213,1.2976779845372803,1.11695,0.95237,0.75249,0.56259,0.35433,0.11644
27-01-2026 15:10,25154.95,0.16803,0.40933,0.6158752976093336,0.82645,0.9887045323565605,1.12661,1.3611838583545768,1.58429,1.7555045978646404,1.96159,2.03204,2.3302,2.38021,2.55189,2.71129,2.53831953596512,2.382362504163482,2.13747,2.13017,1.85502,1.65228,1.44843,1.2431,0.97402,0.82574,0.6040461439384871,0.40968,0.17324
27-01-2026 15:15,25174.85,0.14225,0.42629,0.6745,0.81392,1.03772,1.33488,1.47205,1.735602723685013,1.9610393956084515,2.22048,2.30421,2.50644,2.702919766581069,2.90515,3.17201,2.95157,2.88296,2.51011,2.4194,2.06703,1.84445,1.62086,1.39592,1.16917,1.00123,0.75534,0.5065764344539916,0.23712
27-01-2026 15:20,25198.1,0.0168,0.39816,0.69406,0.9574084251817119,1.20671,1.47601,1.84647,2.00071,2.330429571950771,2.6557,2.76165,3.053133517414712,3.3093193015471445,3.69076,3.9291563900348945,3.6949157468691887,3.40433,3.13418,2.86358,2.59234,2.32024,2.04698,1.77218,1.4953,1.21558,0.9474556965126003,0.68798,0.3404
27-01-2026 15:25,25242.4,0.03726,0.35816,0.73157,1.13908,1.53259,1.91634,2.29252,2.66246,3.02705,3.3717287575977246,3.74259,3.9705055858162606,4.214889109055482,4.759585737471575,5.5986469055646175,5.38476,4.97453,4.59339,4.21172,3.82927,3.44575,3.06078,2.6739,2.28444,1.89151,1.4511771749264444,1.08871,0.6625485908996204
