id,value
07-01-2026 09:15||NIFTY27JAN2624100PE,0.1632897076552083
07-01-2026 09:15||NIFTY27JAN2625500CE,0.1173159239991768
07-01-2026 09:15||NIFTY27JAN2625800CE,0.1007326217442158
07-01-2026 09:20||NIFTY27JAN2624000PE,0.170278230891326
07-01-2026 09:20||NIFTY27JAN2624200PE,0.1595148388244904
07-01-2026 09:20||NIFTY27JAN2624800PE,0.1282860926737374
07-01-2026 09:20||NIFTY27JAN2625000PE,0.118527423406518
07-01-2026 09:20||NIFTY27JAN2625300CE,0.1034613123477083
07-01-2026 09:20||NIFTY27JAN2625400CE,0.110994088788711
07-01-2026 09:20||NIFTY27JAN2625800CE,0.1067144429379857
07-01-2026 09:20||NIFTY27JAN2625900CE,0.1034078326795723
07-01-2026 09:25||NIFTY27JAN2624300PE,0.1542545017196921
07-01-2026 09:25||NIFTY27JAN2625100PE,0.1128757884973026
07-01-2026 09:25||NIFTY27JAN2625300CE,0.0958180002744756
07-01-2026 09:25||NIFTY27JAN2626500CE,0.0849330182132003
07-01-2026 09:30||NIFTY27JAN2623900PE,0.1768327951672771
07-01-2026 09:30||NIFTY27JAN2624300PE,0.1528778615538108
07-01-2026 09:30||NIFTY27JAN2625900CE,0.1013595749076665
07-01-2026 09:30||NIFTY27JAN2626400CE,0.089274196186669
07-01-2026 09:35||NIFTY27JAN2623900PE,0.1771844971330811
07-01-2026 09:35||NIFTY27JAN2624600PE,0.137305904916339
07-01-2026 09:35||NIFTY27JAN2625100PE,0.1114549146950545
07-01-2026 09:35||NIFTY27JAN2625900CE,0.1027313776973371
07-01-2026 09:35||NIFTY27JAN2626100CE,0.0959078018067695
07-01-2026 09:40||NIFTY27JAN2625100PE,0.1136427347901209
07-01-2026 09:40||NIFTY27JAN2625600CE,0.0881503616385155
07-01-2026 09:40||NIFTY27JAN2625800CE,0.0878558325687852
07-01-2026 09:40||NIFTY27JAN2625900CE,0.0864108521220681
07-01-2026 09:40||NIFTY27JAN2626200CE,0.0837184947109406
07-01-2026 09:45||NIFTY27JAN2625000PE,0.1159204140325251
07-01-2026 09:45||NIFTY27JAN2625200CE,0.1234657798958635
07-01-2026 09:45||NIFTY27JAN2625900CE,0.0995733865659614
07-01-2026 09:45||NIFTY27JAN2626400CE,0.0889579455207169
07-01-2026 09:50||NIFTY27JAN2623800PE,0.1789644407002601
07-01-2026 09:50||NIFTY27JAN2624500PE,0.1410392311718689
07-01-2026 09:50||NIFTY27JAN2624900PE,0.1209345110023502
07-01-2026 09:50||NIFTY27JAN2625200CE,0.1323675350398714
07-01-2026 09:50||NIFTY27JAN2625500CE,0.1078142836761539
07-01-2026 09:50||NIFTY27JAN2625600CE,0.1055093951492031
07-01-2026 09:50||NIFTY27JAN2626400CE,0.0882632504623029
07-01-2026 09:55||NIFTY27JAN2624300PE,0.1517333147679251
07-01-2026 09:55||NIFTY27JAN2624700PE,0.13058390220128
07-01-2026 09:55||NIFTY27JAN2625000PE,0.1153034373326126
07-01-2026 09:55||NIFTY27JAN2625500CE,0.1247450457411442
07-01-2026 09:55||NIFTY27JAN2625800CE,0.1109266508382511
07-01-2026 09:55||NIFTY27JAN2625900CE,0.1070385979255885
07-01-2026 10:00||NIFTY27JAN2624600PE,0.1374570390387876
07-01-2026 10:00||NIFTY27JAN2625000PE,0.1173667422719722
07-01-2026 10:00||NIFTY27JAN2625900CE,0.100486075651385
07-01-2026 10:00||NIFTY27JAN2626100CE,0.0947113396316975
07-01-2026 10:00||NIFTY27JAN2626500CE,0.0884522466909977
07-01-2026 10:05||NIFTY27JAN2625200CE,0.0516771194876067
07-01-2026 10:05||NIFTY27JAN2625500CE,0.1131161689224508
07-01-2026 10:05||NIFTY27JAN2626300CE,0.0932935586132285
07-01-2026 10:10||NIFTY27JAN2623800PE,0.1854375569313737
07-01-2026 10:10||NIFTY27JAN2623900PE,0.1790425293842613
07-01-2026 10:10||NIFTY27JAN2624200PE,0.1607975155927735
07-01-2026 10:10||NIFTY27JAN2625500CE,0.1024370815619917
07-01-2026 10:10||NIFTY27JAN2625600CE,0.102907594633239
07-01-2026 10:10||NIFTY27JAN2625700CE,0.1043360277608492
07-01-2026 10:10||NIFTY27JAN2625900CE,0.1023564613635833
07-01-2026 10:10||NIFTY27JAN2626000CE,0.1002135362433799
07-01-2026 10:15||NIFTY27JAN2623900PE,0.1785452578847309
07-01-2026 10:15||NIFTY27JAN2625700CE,0.0927144783301189
07-01-2026 10:15||NIFTY27JAN2626100CE,0.0877003206364641
07-01-2026 10:15||NIFTY27JAN2626200CE,0.0865766786369006
07-01-2026 10:15||NIFTY27JAN2626500CE,0.0830740948200833
07-01-2026 10:20||NIFTY27JAN2624000PE,0.1723945514017633
07-01-2026 10:20||NIFTY27JAN2624200PE,0.1615445248846174
07-01-2026 10:20||NIFTY27JAN2624300PE,0.1560378661504595
07-01-2026 10:20||NIFTY27JAN2624500PE,0.1451446610719121
07-01-2026 10:20||NIFTY27JAN2625500CE,0.1113811456196325
07-01-2026 10:20||NIFTY27JAN2625700CE,0.102915761385788
07-01-2026 10:20||NIFTY27JAN2626100CE,0.0907248792397455
07-01-2026 10:25||NIFTY27JAN2624000PE,0.170770590757959
07-01-2026 10:25||NIFTY27JAN2624100PE,0.1654170266744741
07-01-2026 10:25||NIFTY27JAN2625600CE,0.0946491101305422
07-01-2026 10:25||NIFTY27JAN2625700CE,0.0932743718975755
07-01-2026 10:25||NIFTY27JAN2626100CE,0.0899357635547205
07-01-2026 10:30||NIFTY27JAN2624200PE,0.159518838597814
07-01-2026 10:30||NIFTY27JAN2625100PE,0.1104378496708086
07-01-2026 10:30||NIFTY27JAN2625500CE,0.1158521870097952
07-01-2026 10:30||NIFTY27JAN2625600CE,0.1104902786482077
07-01-2026 10:30||NIFTY27JAN2626000CE,0.095954421150657
07-01-2026 10:30||NIFTY27JAN2626200CE,0.0918576018325419
07-01-2026 10:30||NIFTY27JAN2626300CE,0.0900101247640802
07-01-2026 10:35||NIFTY27JAN2623800PE,0.1811185555151079
07-01-2026 10:35||NIFTY27JAN2624200PE,0.1593216512828641
07-01-2026 10:35||NIFTY27JAN2624500PE,0.1425302055625672
07-01-2026 10:35||NIFTY27JAN2625000PE,0.1163511207085297
07-01-2026 10:35||NIFTY27JAN2625400CE,0.1224739764986499
07-01-2026 10:35||NIFTY27JAN2625500CE,0.1148459017053402
07-01-2026 10:35||NIFTY27JAN2626100CE,0.0951376747339076
07-01-2026 10:35||NIFTY27JAN2626300CE,0.0912316056874349
07-01-2026 10:40||NIFTY27JAN2623900PE,0.177335289486081
07-01-2026 10:40||NIFTY27JAN2624900PE,0.1222395886392628
07-01-2026 10:40||NIFTY27JAN2625100PE,0.1116229762601637
07-01-2026 10:40||NIFTY27JAN2625200CE,0.1316656379731148
07-01-2026 10:40||NIFTY27JAN2625400CE,0.1165803954148565
07-01-2026 10:40||NIFTY27JAN2625600CE,0.1062980648853716
07-01-2026 10:40||NIFTY27JAN2625800CE,0.0997848976292176
07-01-2026 10:40||NIFTY27JAN2626100CE,0.0927355245126635
07-01-2026 10:40||NIFTY27JAN2626300CE,0.0889184070180637
07-01-2026 10:45||NIFTY27JAN2624000PE,0.1709569762872531
07-01-2026 10:45||NIFTY27JAN2625100PE,0.1113436585433626
07-01-2026 10:45||NIFTY27JAN2625300CE,0.1202768569897874
07-01-2026 10:45||NIFTY27JAN2626000CE,0.0948006561482476
07-01-2026 10:45||NIFTY27JAN2626400CE,0.0872287324571778
07-01-2026 10:50||NIFTY27JAN2623900PE,0.1765955226385986
07-01-2026 10:50||NIFTY27JAN2624200PE,0.159990091171727
07-01-2026 10:50||NIFTY27JAN2625600CE,0.1105409482001989
07-01-2026 10:50||NIFTY27JAN2625800CE,0.1035543216806711
07-01-2026 10:55||NIFTY27JAN2624300PE,0.1557173475433556
07-01-2026 10:55||NIFTY27JAN2624900PE,0.1235339453668337
07-01-2026 10:55||NIFTY27JAN2625500CE,0.1020893763921379
07-01-2026 11:00||NIFTY27JAN2624200PE,0.1609299214632053
07-01-2026 11:00||NIFTY27JAN2626500CE,0.0897196816274811
07-01-2026 11:05||NIFTY27JAN2624300PE,0.1564787338822373
07-01-2026 11:05||NIFTY27JAN2624600PE,0.1403676997196867
07-01-2026 11:05||NIFTY27JAN2624800PE,0.1298729591019957
07-01-2026 11:05||NIFTY27JAN2625200CE,0.0206001344144628
07-01-2026 11:05||NIFTY27JAN2626000CE,0.0950291564460497
07-01-2026 11:05||NIFTY27JAN2626200CE,0.0899806525560683
07-01-2026 11:10||NIFTY27JAN2624400PE,0.1498963720617999
07-01-2026 11:10||NIFTY27JAN2624800PE,0.1290290914138162
07-01-2026 11:10||NIFTY27JAN2625200CE,0.0847145933758995
07-01-2026 11:10||NIFTY27JAN2625500CE,0.1127865842977814
07-01-2026 11:10||NIFTY27JAN2625700CE,0.1023819123276585
07-01-2026 11:10||NIFTY27JAN2625900CE,0.0948577840877943
07-01-2026 11:10||NIFTY27JAN2626300CE,0.0868841803762392
07-01-2026 11:15||NIFTY27JAN2624000PE,0.1710832092436841
07-01-2026 11:15||NIFTY27JAN2624800PE,0.1274621797725462
07-01-2026 11:15||NIFTY27JAN2625400CE,0.1181734928331832
07-01-2026 11:15||NIFTY27JAN2626100CE,0.0955255130786854
07-01-2026 11:15||NIFTY27JAN2626300CE,0.091254477274397
07-01-2026 11:20||NIFTY27JAN2623800PE,0.1803017505723702
07-01-2026 11:20||NIFTY27JAN2624200PE,0.1600780949749532
07-01-2026 11:20||NIFTY27JAN2624900PE,0.1222056699758303
07-01-2026 11:20||NIFTY27JAN2625300CE,0.1294818853343819
07-01-2026 11:20||NIFTY27JAN2625700CE,0.1003880783078258
07-01-2026 11:20||NIFTY27JAN2626000CE,0.0924401456376574
07-01-2026 11:25||NIFTY27JAN2623800PE,0.1795959471718747
07-01-2026 11:25||NIFTY27JAN2624400PE,0.1481464418670854
07-01-2026 11:25||NIFTY27JAN2624800PE,0.1266396930703308
07-01-2026 11:25||NIFTY27JAN2625300CE,0.1383673108713062
07-01-2026 11:25||NIFTY27JAN2625700CE,0.1054308363871991
07-01-2026 11:25||NIFTY27JAN2625800CE,0.1008571489049274
07-01-2026 11:25||NIFTY27JAN2625900CE,0.0974693342144012
07-01-2026 11:25||NIFTY27JAN2626000CE,0.0952439988694536
07-01-2026 11:25||NIFTY27JAN2626200CE,0.0915636798905361
07-01-2026 11:30||NIFTY27JAN2624300PE,0.1542951542951361
07-01-2026 11:30||NIFTY27JAN2624400PE,0.1487162746005212
07-01-2026 11:35||NIFTY27JAN2624900PE,0.1225023961798388
07-01-2026 11:35||NIFTY27JAN2626300CE,0.0877339783170768
07-01-2026 11:40||NIFTY27JAN2624000PE,0.1710980293117219
07-01-2026 11:40||NIFTY27JAN2624500PE,0.1431061312669754
07-01-2026 11:40||NIFTY27JAN2625200CE,0.1128655770926121
07-01-2026 11:40||NIFTY27JAN2625900CE,0.1002899197270476
07-01-2026 11:45||NIFTY27JAN2624000PE,0.1703774981649446
07-01-2026 11:45||NIFTY27JAN2625000PE,0.1158272414890895
07-01-2026 11:45||NIFTY27JAN2625500CE,0.1139473814196444
07-01-2026 11:45||NIFTY27JAN2625600CE,0.1099260944451912
07-01-2026 11:45||NIFTY27JAN2626400CE,0.0886802324639841
07-01-2026 11:50||NIFTY27JAN2624000PE,0.1702729946902305
07-01-2026 11:50||NIFTY27JAN2624600PE,0.137139787407729
07-01-2026 11:50||NIFTY27JAN2625700CE,0.1010861519917722
07-01-2026 11:50||NIFTY27JAN2626400CE,0.0858812546630003
07-01-2026 11:55||NIFTY27JAN2623900PE,0.1756598265130773
07-01-2026 11:55||NIFTY27JAN2625200CE,0.1524981012676832
07-01-2026 11:55||NIFTY27JAN2625400CE,0.1232562298834237
07-01-2026 11:55||NIFTY27JAN2626100CE,0.0928169404654924
07-01-2026 11:55||NIFTY27JAN2626300CE,0.0891492835628566
07-01-2026 12:00||NIFTY27JAN2624300PE,0.1523494287702227
07-01-2026 12:00||NIFTY27JAN2624500PE,0.1412131309022848
07-01-2026 12:00||NIFTY27JAN2625500CE,0.1122990947485641
07-01-2026 12:00||NIFTY27JAN2625600CE,0.10672777015034
07-01-2026 12:00||NIFTY27JAN2626400CE,0.0875278211282223
07-01-2026 12:05||NIFTY27JAN2624200PE,0.1577635175774174
07-01-2026 12:05||NIFTY27JAN2624300PE,0.1520679884903082
07-01-2026 12:05||NIFTY27JAN2625300CE,0.1453378375958217
07-01-2026 12:05||NIFTY27JAN2625900CE,0.1003107165335258
07-01-2026 12:05||NIFTY27JAN2626000CE,0.0975499629797688
07-01-2026 12:05||NIFTY27JAN2626300CE,0.0909808608554272
07-01-2026 12:05||NIFTY27JAN2626400CE,0.089308990546951
07-01-2026 12:10||NIFTY27JAN2624000PE,0.1684345048528458
07-01-2026 12:10||NIFTY27JAN2625200CE,0.1687245449018606
07-01-2026 12:10||NIFTY27JAN2625600CE,0.1138949698515953
07-01-2026 12:10||NIFTY27JAN2626500CE,0.0870103523591705
07-01-2026 12:15||NIFTY27JAN2624300PE,0.1513881975795716
07-01-2026 12:15||NIFTY27JAN2625000PE,0.1140675612691833
07-01-2026 12:15||NIFTY27JAN2625100PE,0.1081979340195594
07-01-2026 12:15||NIFTY27JAN2625300CE,0.1473158621318813
07-01-2026 12:15||NIFTY27JAN2625500CE,0.1191796547066636
07-01-2026 12:15||NIFTY27JAN2625600CE,0.1124331170130826
07-01-2026 12:20||NIFTY27JAN2624000PE,0.1682899937119221
07-01-2026 12:20||NIFTY27JAN2624400PE,0.1457777907208794
07-01-2026 12:20||NIFTY27JAN2625100PE,0.1101197699894415
07-01-2026 12:20||NIFTY27JAN2626100CE,0.0959081527544644
07-01-2026 12:25||NIFTY27JAN2624400PE,0.1460976012669002
07-01-2026 12:25||NIFTY27JAN2624600PE,0.1356997880599788
07-01-2026 12:25||NIFTY27JAN2624700PE,0.1306669774466338
07-01-2026 12:25||NIFTY27JAN2625300CE,0.134647355105763
07-01-2026 12:25||NIFTY27JAN2626300CE,0.0903148441317466
07-01-2026 12:30||NIFTY27JAN2623800PE,0.1796694340070597
07-01-2026 12:30||NIFTY27JAN2624000PE,0.1680540273891978
07-01-2026 12:30||NIFTY27JAN2624100PE,0.1624354597635994
07-01-2026 12:30||NIFTY27JAN2624500PE,0.1412026283264082
07-01-2026 12:30||NIFTY27JAN2624600PE,0.13592679018656
07-01-2026 12:30||NIFTY27JAN2625200CE,0.1369205215019714
07-01-2026 12:30||NIFTY27JAN2626300CE,0.0915053183843325
07-01-2026 12:35||NIFTY27JAN2625100PE,0.1099285299138144
07-01-2026 12:35||NIFTY27JAN2625300CE,0.1287052454855874
07-01-2026 12:35||NIFTY27JAN2625400CE,0.1212557794641316
07-01-2026 12:35||NIFTY27JAN2626300CE,0.0911245966051669
07-01-2026 12:35||NIFTY27JAN2626500CE,0.0868471109645172
07-01-2026 12:40||NIFTY27JAN2625100PE,0.110907347439696
07-01-2026 12:40||NIFTY27JAN2625700CE,0.0995967251658915
07-01-2026 12:45||NIFTY27JAN2623800PE,0.1775814526668853
07-01-2026 12:45||NIFTY27JAN2624000PE,0.1665634770798184
07-01-2026 12:45||NIFTY27JAN2624900PE,0.119328511658498
07-01-2026 12:45||NIFTY27JAN2625000PE,0.114393354125606
07-01-2026 12:45||NIFTY27JAN2625800CE,0.1022843461307184
07-01-2026 12:45||NIFTY27JAN2626400CE,0.0876937935381963
07-01-2026 12:50||NIFTY27JAN2624400PE,0.1451491887334048
07-01-2026 12:50||NIFTY27JAN2624700PE,0.129176925724252
07-01-2026 12:50||NIFTY27JAN2625100PE,0.1086435433125735
07-01-2026 12:50||NIFTY27JAN2626300CE,0.0905206821160247
07-01-2026 12:55||NIFTY27JAN2623800PE,0.179591169651533
07-01-2026 12:55||NIFTY27JAN2623900PE,0.1735709150044813
07-01-2026 12:55||NIFTY27JAN2625100PE,0.1082759408999333
07-01-2026 12:55||NIFTY27JAN2625200CE,0.1249040972010459
07-01-2026 12:55||NIFTY27JAN2625300CE,0.1243177132256096
07-01-2026 13:00||NIFTY27JAN2624000PE,0.1685644950359718
07-01-2026 13:00||NIFTY27JAN2624400PE,0.1458549973527913
07-01-2026 13:00||NIFTY27JAN2624600PE,0.1348737523488417
07-01-2026 13:00||NIFTY27JAN2625300CE,0.1291819052468342
07-01-2026 13:00||NIFTY27JAN2625800CE,0.1050849578075207
07-01-2026 13:05||NIFTY27JAN2623900PE,0.1741553783997878
07-01-2026 13:05||NIFTY27JAN2624700PE,0.1298437108106247
07-01-2026 13:05||NIFTY27JAN2625200CE,0.1165901739228994
07-01-2026 13:05||NIFTY27JAN2625400CE,0.1179401966394597
07-01-2026 13:05||NIFTY27JAN2626100CE,0.0935759091849092
07-01-2026 13:10||NIFTY27JAN2624400PE,0.1460005894051507
07-01-2026 13:10||NIFTY27JAN2624700PE,0.1302464137316865
07-01-2026 13:10||NIFTY27JAN2625400CE,0.1175330243622012
07-01-2026 13:10||NIFTY27JAN2625900CE,0.0976812929917806
07-01-2026 13:10||NIFTY27JAN2626400CE,0.0867130648191725
07-01-2026 13:15||NIFTY27JAN2624600PE,0.1349645525772502
07-01-2026 13:15||NIFTY27JAN2625400CE,0.119448675261166
07-01-2026 13:15||NIFTY27JAN2625500CE,0.1157214663413308
07-01-2026 13:15||NIFTY27JAN2625700CE,0.108213349839994
07-01-2026 13:15||NIFTY27JAN2625800CE,0.1041377651457063
07-01-2026 13:15||NIFTY27JAN2626400CE,0.0877972654974913
07-01-2026 13:20||NIFTY27JAN2624000PE,0.1675433020504501
07-01-2026 13:20||NIFTY27JAN2624500PE,0.1401559475327096
07-01-2026 13:20||NIFTY27JAN2624800PE,0.1245410106542664
07-01-2026 13:20||NIFTY27JAN2624900PE,0.1194314586111008
07-01-2026 13:20||NIFTY27JAN2625000PE,0.1143531128478895
07-01-2026 13:20||NIFTY27JAN2626300CE,0.0875222103060215
07-01-2026 13:25||NIFTY27JAN2624200PE,0.1555014922656646
07-01-2026 13:25||NIFTY27JAN2624600PE,0.1333367813747465
07-01-2026 13:25||NIFTY27JAN2624700PE,0.1280696915054574
07-01-2026 13:25||NIFTY27JAN2625100PE,0.108073911097605
07-01-2026 13:25||NIFTY27JAN2626300CE,0.0891099261704351
07-01-2026 13:25||NIFTY27JAN2626400CE,0.0875265920953899
07-01-2026 13:25||NIFTY27JAN2626500CE,0.0871151681867028
07-01-2026 13:30||NIFTY27JAN2624000PE,0.1663206088847573
07-01-2026 13:30||NIFTY27JAN2624400PE,0.1441452518542906
07-01-2026 13:30||NIFTY27JAN2624600PE,0.1331557012111088
07-01-2026 13:30||NIFTY27JAN2624900PE,0.117506418519636
07-01-2026 13:30||NIFTY27JAN2625300CE,0.1388334099630724
07-01-2026 13:30||NIFTY27JAN2625700CE,0.1095406827235693
07-01-2026 13:30||NIFTY27JAN2625800CE,0.1043944317932681
07-01-2026 13:30||NIFTY27JAN2626500CE,0.0869723297086717
07-01-2026 13:35||NIFTY27JAN2623900PE,0.1726006185316183
07-01-2026 13:35||NIFTY27JAN2624200PE,0.1555012020476747
07-01-2026 13:35||NIFTY27JAN2624300PE,0.1499133736376207
07-01-2026 13:35||NIFTY27JAN2625100PE,0.1072304266833844
07-01-2026 13:35||NIFTY27JAN2625200CE,0.1687233750319901
07-01-2026 13:35||NIFTY27JAN2625300CE,0.1499983154729867
07-01-2026 13:40||NIFTY27JAN2624300PE,0.1496979584232501
07-01-2026 13:40||NIFTY27JAN2625000PE,0.112548289472233
07-01-2026 13:40||NIFTY27JAN2625700CE,0.110214804130705
07-01-2026 13:40||NIFTY27JAN2626100CE,0.0945895216085701
07-01-2026 13:45||NIFTY27JAN2623900PE,0.17243725629601
07-01-2026 13:45||NIFTY27JAN2624200PE,0.1549932238148905
07-01-2026 13:45||NIFTY27JAN2624600PE,0.1328190736074383
07-01-2026 13:45||NIFTY27JAN2625200CE,0.1438009787212652
07-01-2026 13:45||NIFTY27JAN2625400CE,0.1307996231655683
07-01-2026 13:50||NIFTY27JAN2623800PE,0.1786029739906966
07-01-2026 13:50||NIFTY27JAN2623900PE,0.1727195522513153
07-01-2026 13:50||NIFTY27JAN2624100PE,0.1612623136044793
07-01-2026 13:55||NIFTY27JAN2624400PE,0.1442778824233848
07-01-2026 13:55||NIFTY27JAN2625100PE,0.1076228507810931
07-01-2026 13:55||NIFTY27JAN2625300CE,0.133454725623776
07-01-2026 13:55||NIFTY27JAN2625800CE,0.1070000063117157
07-01-2026 13:55||NIFTY27JAN2626400CE,0.0892931831292301
07-01-2026 14:00||NIFTY27JAN2623800PE,0.1765969219334766
07-01-2026 14:00||NIFTY27JAN2623900PE,0.1717619303630084
07-01-2026 14:00||NIFTY27JAN2625400CE,0.1203100408843248
07-01-2026 14:00||NIFTY27JAN2625500CE,0.1152274229981495
07-01-2026 14:00||NIFTY27JAN2625900CE,0.1013785279641479
07-01-2026 14:00||NIFTY27JAN2626200CE,0.0928004982493761
07-01-2026 14:05||NIFTY27JAN2624000PE,0.1671099679648711
07-01-2026 14:05||NIFTY27JAN2624200PE,0.1563241612881306
07-01-2026 14:05||NIFTY27JAN2624400PE,0.1452180979176404
07-01-2026 14:05||NIFTY27JAN2625900CE,0.0992851647399056
07-01-2026 14:05||NIFTY27JAN2626000CE,0.0962064561814176
07-01-2026 14:05||NIFTY27JAN2626300CE,0.0886745133426378
07-01-2026 14:10||NIFTY27JAN2623800PE,0.1759004837014439
07-01-2026 14:10||NIFTY27JAN2624000PE,0.1671730252870666
07-01-2026 14:10||NIFTY27JAN2624700PE,0.129688123460393
07-01-2026 14:10||NIFTY27JAN2626100CE,0.0914063299740141
07-01-2026 14:10||NIFTY27JAN2626200CE,0.0893574811689561
07-01-2026 14:10||NIFTY27JAN2626400CE,0.0861332793148401
07-01-2026 14:15||NIFTY27JAN2625200CE,0.1262466494123954
07-01-2026 14:15||NIFTY27JAN2625600CE,0.1067735563003797
07-01-2026 14:15||NIFTY27JAN2625900CE,0.0959962540818018
07-01-2026 14:15||NIFTY27JAN2626200CE,0.0891592686808587
07-01-2026 14:20||NIFTY27JAN2623800PE,0.1744488786742329
07-01-2026 14:20||NIFTY27JAN2624500PE,0.1395654595362092
07-01-2026 14:20||NIFTY27JAN2625400CE,0.1190589075487812
07-01-2026 14:20||NIFTY27JAN2625700CE,0.1050462458380336
07-01-2026 14:20||NIFTY27JAN2626300CE,0.0878479643304844
07-01-2026 14:25||NIFTY27JAN2623900PE,0.1725250883646791
07-01-2026 14:25||NIFTY27JAN2625400CE,0.1192197215849695
07-01-2026 14:25||NIFTY27JAN2625700CE,0.1065043195099155
07-01-2026 14:25||NIFTY27JAN2625900CE,0.0992485981593718
07-01-2026 14:25||NIFTY27JAN2626300CE,0.0891131509272109
07-01-2026 14:30||NIFTY27JAN2624800PE,0.1238829398816612
07-01-2026 14:30||NIFTY27JAN2625100PE,0.1089157628747529
07-01-2026 14:30||NIFTY27JAN2625300CE,0.1172751952556486
07-01-2026 14:30||NIFTY27JAN2626300CE,0.0862723797603088
07-01-2026 14:35||NIFTY27JAN2624000PE,0.1666866977298051
07-01-2026 14:35||NIFTY27JAN2624100PE,0.1616973636632713
07-01-2026 14:35||NIFTY27JAN2624400PE,0.1454544397797936
07-01-2026 14:35||NIFTY27JAN2624700PE,0.129021267921377
07-01-2026 14:35||NIFTY27JAN2625000PE,0.1131487046634919
07-01-2026 14:35||NIFTY27JAN2626400CE,0.08813701432085
07-01-2026 14:35||NIFTY27JAN2626500CE,0.0864676313592851
07-01-2026 14:40||NIFTY27JAN2623800PE,0.1763818211870044
07-01-2026 14:40||NIFTY27JAN2624100PE,0.1631419559934125
07-01-2026 14:40||NIFTY27JAN2625100PE,0.107516455089078
07-01-2026 14:40||NIFTY27JAN2625400CE,0.1207854326727228
07-01-2026 14:40||NIFTY27JAN2626200CE,0.091763247486268
07-01-2026 14:45||NIFTY27JAN2623800PE,0.1773310326721688
07-01-2026 14:45||NIFTY27JAN2624000PE,0.1688505563982596
07-01-2026 14:45||NIFTY27JAN2624200PE,0.1579701372207946
07-01-2026 14:45||NIFTY27JAN2624500PE,0.1407507646110564
07-01-2026 14:45||NIFTY27JAN2624900PE,0.1194336454576059
07-01-2026 14:50||NIFTY27JAN2623900PE,0.1728641911534099
07-01-2026 14:50||NIFTY27JAN2624900PE,0.1183712524526878
07-01-2026 14:50||NIFTY27JAN2625600CE,0.1177761124129702
07-01-2026 14:50||NIFTY27JAN2626400CE,0.0891567709146053
07-01-2026 14:50||NIFTY27JAN2626500CE,0.0879147026517556
07-01-2026 14:55||NIFTY27JAN2624100PE,0.1639847291161511
07-01-2026 14:55||NIFTY27JAN2624300PE,0.1526910238923546
07-01-2026 14:55||NIFTY27JAN2624600PE,0.1355179540868359
07-01-2026 14:55||NIFTY27JAN2625900CE,0.0978753880670446
07-01-2026 14:55||NIFTY27JAN2626300CE,0.0882987619250199
07-01-2026 15:00||NIFTY27JAN2623900PE,0.1743337479849488
07-01-2026 15:00||NIFTY27JAN2625100PE,0.1099561161886229
07-01-2026 15:00||NIFTY27JAN2625700CE,0.1012989520295125
07-01-2026 15:00||NIFTY27JAN2626000CE,0.0926297892518427
07-01-2026 15:00||NIFTY27JAN2626400CE,0.0857457597290241
07-01-2026 15:05||NIFTY27JAN2624200PE,0.1590121059222161
07-01-2026 15:05||NIFTY27JAN2624500PE,0.1418934348685172
07-01-2026 15:05||NIFTY27JAN2625400CE,0.1110892819261196
07-01-2026 15:05||NIFTY27JAN2626000CE,0.0923316660601467
07-01-2026 15:05||NIFTY27JAN2626400CE,0.0851983539093226
07-01-2026 15:10||NIFTY27JAN2623800PE,0.1782845320069764
07-01-2026 15:10||NIFTY27JAN2624000PE,0.1703125467133055
07-01-2026 15:10||NIFTY27JAN2624400PE,0.1488740000616437
07-01-2026 15:10||NIFTY27JAN2624500PE,0.1431939164039674
07-01-2026 15:10||NIFTY27JAN2626500CE,0.0845392408917076
07-01-2026 15:15||NIFTY27JAN2624200PE,0.1602012129169265
07-01-2026 15:15||NIFTY27JAN2624900PE,0.1218281751294787
07-01-2026 15:15||NIFTY27JAN2625100PE,0.1111947097401178
07-01-2026 15:15||NIFTY27JAN2625600CE,0.0961129342313686
07-01-2026 15:20||NIFTY27JAN2624100PE,0.1652112888479067
07-01-2026 15:20||NIFTY27JAN2625900CE,0.0919962042862193
07-01-2026 15:20||NIFTY27JAN2626300CE,0.0859469976528807
07-01-2026 15:25||NIFTY27JAN2624700PE,0.1314946811769659
07-01-2026 15:25||NIFTY27JAN2625500CE,0.1092102894591557
07-01-2026 15:25||NIFTY27JAN2626100CE,0.0900070431894404
07-01-2026 15:25||NIFTY27JAN2626400CE,0.0839304360952062
07-01-2026 15:25||NIFTY27JAN2626500CE,0.0820364377495477
08-01-2026 09:15||NIFTY27JAN2624100PE,0.1615685517247224
08-01-2026 09:15||NIFTY27JAN2624300PE,0.1537675865217769
08-01-2026 09:15||NIFTY27JAN2625100PE,0.1094447035143583
08-01-2026 09:15||NIFTY27JAN2625300CE,0.1281013480476706
08-01-2026 09:15||NIFTY27JAN2626300CE,0.086947939795887
08-01-2026 09:20||NIFTY27JAN2623800PE,0.1820115297182039
08-01-2026 09:20||NIFTY27JAN2624100PE,0.1633466060342218
08-01-2026 09:20||NIFTY27JAN2624800PE,0.1258087714400778
08-01-2026 09:20||NIFTY27JAN2624900PE,0.1206328233905507
08-01-2026 09:20||NIFTY27JAN2625300CE,0.1038756382290971
08-01-2026 09:20||NIFTY27JAN2625900CE,0.087544045932647
08-01-2026 09:20||NIFTY27JAN2626000CE,0.0860811048897585
08-01-2026 09:20||NIFTY27JAN2626400CE,0.081729057940758
08-01-2026 09:20||NIFTY27JAN2626500CE,0.0799405846646567
08-01-2026 09:25||NIFTY27JAN2623900PE,0.1772115412982678
08-01-2026 09:25||NIFTY27JAN2624100PE,0.1635789250565108
08-01-2026 09:25||NIFTY27JAN2624200PE,0.1585083182428476
08-01-2026 09:25||NIFTY27JAN2625300CE,0.1102889201416341
08-01-2026 09:25||NIFTY27JAN2626200CE,0.0839549296710074
08-01-2026 09:25||NIFTY27JAN2626400CE,0.0830468349333582
08-01-2026 09:30||NIFTY27JAN2624100PE,0.1623809575034749
08-01-2026 09:30||NIFTY27JAN2624700PE,0.1287440877021326
08-01-2026 09:30||NIFTY27JAN2624800PE,0.1237869077240056
08-01-2026 09:30||NIFTY27JAN2624900PE,0.11874371890525
08-01-2026 09:30||NIFTY27JAN2625000PE,0.1136349861715103
08-01-2026 09:30||NIFTY27JAN2626200CE,0.0877007269516914
08-01-2026 09:30||NIFTY27JAN2626300CE,0.0868716020184492
08-01-2026 09:35||NIFTY27JAN2623900PE,0.1735171410116432
08-01-2026 09:35||NIFTY27JAN2624100PE,0.1625755095964759
08-01-2026 09:35||NIFTY27JAN2624400PE,0.1452563076876096
08-01-2026 09:35||NIFTY27JAN2625300CE,0.1303060014433513
08-01-2026 09:35||NIFTY27JAN2625400CE,0.1241319005980522
08-01-2026 09:35||NIFTY27JAN2626100CE,0.0957039085079429
08-01-2026 09:35||NIFTY27JAN2626200CE,0.0933243008075495
08-01-2026 09:35||NIFTY27JAN2626500CE,0.0883057203975189
08-01-2026 09:40||NIFTY27JAN2623800PE,0.1812600229557429
08-01-2026 09:40||NIFTY27JAN2624800PE,0.1252330703412511
08-01-2026 09:40||NIFTY27JAN2624900PE,0.1199902318819506
08-01-2026 09:40||NIFTY27JAN2625000PE,0.1148427941873985
08-01-2026 09:40||NIFTY27JAN2625200CE,0.0423560297458174
08-01-2026 09:40||NIFTY27JAN2625700CE,0.0984564955600711
08-01-2026 09:40||NIFTY27JAN2626200CE,0.0859496991870414
08-01-2026 09:40||NIFTY27JAN2626400CE,0.0842136872243744
08-01-2026 09:45||NIFTY27JAN2624200PE,0.1590698400166157
08-01-2026 09:45||NIFTY27JAN2624600PE,0.135329091869596
08-01-2026 09:45||NIFTY27JAN2625400CE,0.102757150228135
08-01-2026 09:45||NIFTY27JAN2625900CE,0.0935976407711118
08-01-2026 09:45||NIFTY27JAN2626500CE,0.0845066207335397
08-01-2026 09:50||NIFTY27JAN2624400PE,0.1463649313308689
08-01-2026 09:50||NIFTY27JAN2625100PE,0.1089393576280449
08-01-2026 09:50||NIFTY27JAN2625500CE,0.1176585961750552
08-01-2026 09:50||NIFTY27JAN2625600CE,0.1130889728086177
08-01-2026 09:50||NIFTY27JAN2626400CE,0.0886891118260262
08-01-2026 09:55||NIFTY27JAN2624200PE,0.1602088583655442
08-01-2026 09:55||NIFTY27JAN2624600PE,0.1368978633470503
08-01-2026 09:55||NIFTY27JAN2625000PE,0.1159899714284758
08-01-2026 09:55||NIFTY27JAN2625100PE,0.1110094734108078
08-01-2026 09:55||NIFTY27JAN2625300CE,0.1149658929509679
08-01-2026 09:55||NIFTY27JAN2626000CE,0.0902328481698976
08-01-2026 09:55||NIFTY27JAN2626200CE,0.0871793903890152
08-01-2026 10:00||NIFTY27JAN2624600PE,0.1363714362609618
08-01-2026 10:00||NIFTY27JAN2625900CE,0.0884723378959769
08-01-2026 10:00||NIFTY27JAN2626100CE,0.0860275619094594
08-01-2026 10:00||NIFTY27JAN2626200CE,0.0848564328572662
08-01-2026 10:05||NIFTY27JAN2624800PE,0.124968883028245
08-01-2026 10:05||NIFTY27JAN2625500CE,0.1010208491798726
08-01-2026 10:05||NIFTY27JAN2625800CE,0.0910059075793096
08-01-2026 10:05||NIFTY27JAN2626000CE,0.0876844472613942
08-01-2026 10:05||NIFTY27JAN2626500CE,0.0826128892671731
08-01-2026 10:10||NIFTY27JAN2624100PE,0.1632709832306158
08-01-2026 10:10||NIFTY27JAN2625000PE,0.1126408530232695
08-01-2026 10:10||NIFTY27JAN2625100PE,0.1070429149628634
08-01-2026 10:10||NIFTY27JAN2625200CE,0.1605151611666006
08-01-2026 10:10||NIFTY27JAN2625600CE,0.1051057799709322
08-01-2026 10:10||NIFTY27JAN2625800CE,0.0991068742423
08-01-2026 10:10||NIFTY27JAN2626400CE,0.0861888944822782
08-01-2026 10:15||NIFTY27JAN2625100PE,0.1093095680009071
08-01-2026 10:15||NIFTY27JAN2625700CE,0.0930762750054576
08-01-2026 10:15||NIFTY27JAN2625800CE,0.0898559355799573
08-01-2026 10:15||NIFTY27JAN2626500CE,0.0821464425669104
08-01-2026 10:20||NIFTY27JAN2625200CE,0.116922038660055
08-01-2026 10:20||NIFTY27JAN2626400CE,0.0863636833798845
08-01-2026 10:25||NIFTY27JAN2623900PE,0.1742585585452848
08-01-2026 10:25||NIFTY27JAN2624000PE,0.1689053567878383
08-01-2026 10:25||NIFTY27JAN2624400PE,0.1455293065449515
08-01-2026 10:25||NIFTY27JAN2624800PE,0.1233697553682674
08-01-2026 10:25||NIFTY27JAN2625000PE,0.1131088212299372
08-01-2026 10:25||NIFTY27JAN2625100PE,0.1081321739480141
08-01-2026 10:25||NIFTY27JAN2625200CE,0.1271013641109092
08-01-2026 10:25||NIFTY27JAN2625500CE,0.1102833384657654
08-01-2026 10:25||NIFTY27JAN2625600CE,0.1061292347343137
08-01-2026 10:25||NIFTY27JAN2625700CE,0.1026696531446861
08-01-2026 10:25||NIFTY27JAN2626100CE,0.0919956457857364
08-01-2026 10:25||NIFTY27JAN2626500CE,0.0862172799780827
08-01-2026 10:30||NIFTY27JAN2623800PE,0.1772285469190566
08-01-2026 10:30||NIFTY27JAN2624000PE,0.1689958338338095
08-01-2026 10:30||NIFTY27JAN2624400PE,0.1458473103244681
08-01-2026 10:30||NIFTY27JAN2624500PE,0.1401706331392795
08-01-2026 10:30||NIFTY27JAN2626000CE,0.0943088818079599
08-01-2026 10:30||NIFTY27JAN2626400CE,0.0869953166847768
08-01-2026 10:30||NIFTY27JAN2626500CE,0.0849214895474602
08-01-2026 10:35||NIFTY27JAN2624000PE,0.1697055891342326
08-01-2026 10:35||NIFTY27JAN2624200PE,0.1583309094448375
08-01-2026 10:35||NIFTY27JAN2625800CE,0.0946753732794617
08-01-2026 10:35||NIFTY27JAN2626300CE,0.0868602380587657
08-01-2026 10:35||NIFTY27JAN2626500CE,0.0843787683337396
08-01-2026 10:40||NIFTY27JAN2624000PE,0.16772151726811
08-01-2026 10:40||NIFTY27JAN2624300PE,0.1507856499214102
08-01-2026 10:40||NIFTY27JAN2625000PE,0.1128590728859034
08-01-2026 10:40||NIFTY27JAN2625500CE,0.1140710487425818
08-01-2026 10:40||NIFTY27JAN2625900CE,0.0963418009198035
08-01-2026 10:40||NIFTY27JAN2626100CE,0.0916286370587533
08-01-2026 10:40||NIFTY27JAN2626300CE,0.0885500846478315
08-01-2026 10:40||NIFTY27JAN2626400CE,0.0872375914601681
08-01-2026 10:45||NIFTY27JAN2623900PE,0.1738238796444197
08-01-2026 10:45||NIFTY27JAN2624200PE,0.1571348742907224
08-01-2026 10:45||NIFTY27JAN2625200CE,0.1377626708344337
08-01-2026 10:45||NIFTY27JAN2625300CE,0.1259838938373208
08-01-2026 10:45||NIFTY27JAN2625600CE,0.1037411136279533
08-01-2026 10:45||NIFTY27JAN2626400CE,0.0858388359411538
08-01-2026 10:45||NIFTY27JAN2626500CE,0.0841166042553099
08-01-2026 10:50||NIFTY27JAN2623900PE,0.1733189092105402
08-01-2026 10:50||NIFTY27JAN2625500CE,0.1050153085819582
08-01-2026 10:50||NIFTY27JAN2625800CE,0.0951128369470534
08-01-2026 10:50||NIFTY27JAN2626100CE,0.0906104185162249
08-01-2026 10:50||NIFTY27JAN2626500CE,0.0849157900837495
08-01-2026 10:55||NIFTY27JAN2624000PE,0.1673136169207561
08-01-2026 10:55||NIFTY27JAN2624700PE,0.1286520084448427
08-01-2026 10:55||NIFTY27JAN2624800PE,0.1232189035229671
08-01-2026 10:55||NIFTY27JAN2625100PE,0.110051222047129
08-01-2026 10:55||NIFTY27JAN2625400CE,0.1180956634594691
08-01-2026 10:55||NIFTY27JAN2625600CE,0.1045246026123617
08-01-2026 11:00||NIFTY27JAN2623800PE,0.1738510142863187
08-01-2026 11:00||NIFTY27JAN2623900PE,0.1698159661312519
08-01-2026 11:00||NIFTY27JAN2624000PE,0.1661052581335727
08-01-2026 11:00||NIFTY27JAN2624300PE,0.1506519800237636
08-01-2026 11:00||NIFTY27JAN2624600PE,0.1342624449785763
08-01-2026 11:00||NIFTY27JAN2625000PE,0.1138868685485764
08-01-2026 11:00||NIFTY27JAN2625100PE,0.1081914186198201
08-01-2026 11:00||NIFTY27JAN2626200CE,0.0901208934306995
08-01-2026 11:00||NIFTY27JAN2626500CE,0.0864446348327275
08-01-2026 11:05||NIFTY27JAN2623800PE,0.1837996089784656
08-01-2026 11:05||NIFTY27JAN2624200PE,0.1555130525467941
08-01-2026 11:05||NIFTY27JAN2624400PE,0.1446506386051881
08-01-2026 11:05||NIFTY27JAN2624800PE,0.1241785444621418
08-01-2026 11:05||NIFTY27JAN2625400CE,0.1195538045513949
08-01-2026 11:05||NIFTY27JAN2626000CE,0.0940587712109052
08-01-2026 11:05||NIFTY27JAN2626200CE,0.0908969120999536
08-01-2026 11:05||NIFTY27JAN2626300CE,0.089525152808653
08-01-2026 11:10||NIFTY27JAN2624000PE,0.1671809298083204
08-01-2026 11:10||NIFTY27JAN2624200PE,0.1555922657512931
08-01-2026 11:10||NIFTY27JAN2624400PE,0.1450417174649278
08-01-2026 11:10||NIFTY27JAN2624600PE,0.1351726198540315
08-01-2026 11:10||NIFTY27JAN2624700PE,0.1302242131116919
08-01-2026 11:10||NIFTY27JAN2625200CE,0.1491645138910654
08-01-2026 11:10||NIFTY27JAN2625600CE,0.1028804326369808
08-01-2026 11:10||NIFTY27JAN2625900CE,0.0950843355652997
08-01-2026 11:10||NIFTY27JAN2626000CE,0.0930853138127661
08-01-2026 11:15||NIFTY27JAN2624100PE,0.1646443485892791
08-01-2026 11:15||NIFTY27JAN2624200PE,0.1587358275282251
08-01-2026 11:15||NIFTY27JAN2624900PE,0.1210825205102795
08-01-2026 11:15||NIFTY27JAN2625200CE,0.1379877968930928
08-01-2026 11:15||NIFTY27JAN2626200CE,0.0902436982080345
08-01-2026 11:15||NIFTY27JAN2626400CE,0.0881283312817026
08-01-2026 11:20||NIFTY27JAN2624300PE,0.1542600861945481
08-01-2026 11:20||NIFTY27JAN2625700CE,0.0958571266963077
08-01-2026 11:20||NIFTY27JAN2626400CE,0.0878612310680534
08-01-2026 11:20||NIFTY27JAN2626500CE,0.0854173591566673
08-01-2026 11:25||NIFTY27JAN2623800PE,0.1771234429573272
08-01-2026 11:25||NIFTY27JAN2624300PE,0.1538183633982617
08-01-2026 11:25||NIFTY27JAN2624400PE,0.1479427123043918
08-01-2026 11:25||NIFTY27JAN2624700PE,0.13086352125519
08-01-2026 11:25||NIFTY27JAN2625400CE,0.1265984257327022
08-01-2026 11:25||NIFTY27JAN2626200CE,0.0941322696653951
08-01-2026 11:30||NIFTY27JAN2623800PE,0.1780443044035965
08-01-2026 11:30||NIFTY27JAN2624100PE,0.1650868369673682
08-01-2026 11:30||NIFTY27JAN2624200PE,0.1592549227748622
08-01-2026 11:30||NIFTY27JAN2625200CE,0.1587532779372285
08-01-2026 11:30||NIFTY27JAN2625400CE,0.1289897819904995
08-01-2026 11:30||NIFTY27JAN2625500CE,0.1184530655666922
08-01-2026 11:30||NIFTY27JAN2625800CE,0.1014154845003278
08-01-2026 11:30||NIFTY27JAN2626000CE,0.0966037279935672
08-01-2026 11:30||NIFTY27JAN2626100CE,0.0949995598981229
08-01-2026 11:35||NIFTY27JAN2623800PE,0.1789815745946322
08-01-2026 11:35||NIFTY27JAN2624100PE,0.1642558992184054
08-01-2026 11:35||NIFTY27JAN2624400PE,0.1464669927998282
08-01-2026 11:35||NIFTY27JAN2624500PE,0.1408376095692972
08-01-2026 11:35||NIFTY27JAN2624700PE,0.1300102672796969
08-01-2026 11:35||NIFTY27JAN2624900PE,0.1196520649680869
08-01-2026 11:35||NIFTY27JAN2625200CE,0.122598429036536
08-01-2026 11:35||NIFTY27JAN2625300CE,0.1222753029678591
08-01-2026 11:35||NIFTY27JAN2626500CE,0.0899745155062654
08-01-2026 11:40||NIFTY27JAN2624100PE,0.1652866813765143
08-01-2026 11:40||NIFTY27JAN2624200PE,0.1593527879881524
08-01-2026 11:40||NIFTY27JAN2624400PE,0.1472472878491396
08-01-2026 11:40||NIFTY27JAN2624900PE,0.1202517627811901
08-01-2026 11:40||NIFTY27JAN2625600CE,0.1039913467203148
08-01-2026 11:40||NIFTY27JAN2625800CE,0.0988305775735259
08-01-2026 11:45||NIFTY27JAN2624200PE,0.1583649120907903
08-01-2026 11:45||NIFTY27JAN2625500CE,0.109316712507326
08-01-2026 11:45||NIFTY27JAN2625900CE,0.0956436770970189
08-01-2026 11:45||NIFTY27JAN2626100CE,0.0923257044292445
08-01-2026 11:50||NIFTY27JAN2623800PE,0.1794316020241613
08-01-2026 11:50||NIFTY27JAN2625700CE,0.1056998192887591
08-01-2026 11:50||NIFTY27JAN2625800CE,0.1023951685333757
08-01-2026 11:50||NIFTY27JAN2626500CE,0.0897133083661646
08-01-2026 11:55||NIFTY27JAN2624200PE,0.1587256564923141
08-01-2026 11:55||NIFTY27JAN2624700PE,0.13118585334206
08-01-2026 11:55||NIFTY27JAN2625100PE,0.1125218221977599
08-01-2026 11:55||NIFTY27JAN2625400CE,0.1075289982350879
08-01-2026 11:55||NIFTY27JAN2625600CE,0.1002031779334825
08-01-2026 11:55||NIFTY27JAN2625800CE,0.0952862734587478
08-01-2026 12:00||NIFTY27JAN2624500PE,0.1415363610204408
08-01-2026 12:00||NIFTY27JAN2624700PE,0.1320318956899449
08-01-2026 12:00||NIFTY27JAN2625000PE,0.117576020761279
08-01-2026 12:00||NIFTY27JAN2625500CE,0.1056647265128654
08-01-2026 12:00||NIFTY27JAN2626300CE,0.0920059338904042
08-01-2026 12:05||NIFTY27JAN2624000PE,0.1702056302360828
08-01-2026 12:05||NIFTY27JAN2624200PE,0.1566963848519817
08-01-2026 12:05||NIFTY27JAN2624500PE,0.1386250135067429
08-01-2026 12:05||NIFTY27JAN2624900PE,0.1197286746290953
08-01-2026 12:05||NIFTY27JAN2625300CE,0.1362515850679165
08-01-2026 12:05||NIFTY27JAN2625800CE,0.109544996431663
08-01-2026 12:05||NIFTY27JAN2625900CE,0.1066179846036233
08-01-2026 12:05||NIFTY27JAN2626400CE,0.097565925214175
08-01-2026 12:10||NIFTY27JAN2624000PE,0.1703489515645582
08-01-2026 12:10||NIFTY27JAN2624400PE,0.1462318042061259
08-01-2026 12:15||NIFTY27JAN2624100PE,0.1666457283381794
08-01-2026 12:15||NIFTY27JAN2624400PE,0.1491879534830446
08-01-2026 12:15||NIFTY27JAN2625200CE,0.1286531564489163
08-01-2026 12:15||NIFTY27JAN2625400CE,0.1174580353794649
08-01-2026 12:15||NIFTY27JAN2625500CE,0.1125636821706264
08-01-2026 12:15||NIFTY27JAN2625700CE,0.1047554358006482
08-01-2026 12:20||NIFTY27JAN2624800PE,0.1282885500371969
08-01-2026 12:20||NIFTY27JAN2625800CE,0.104562151632571
08-01-2026 12:20||NIFTY27JAN2626300CE,0.0953190728296841
08-01-2026 12:25||NIFTY27JAN2624100PE,0.168748172819398
08-01-2026 12:25||NIFTY27JAN2624400PE,0.1512191907864492
08-01-2026 12:25||NIFTY27JAN2624900PE,0.122820720650155
08-01-2026 12:25||NIFTY27JAN2625700CE,0.1072310311940576
08-01-2026 12:25||NIFTY27JAN2626000CE,0.0993614442031097
08-01-2026 12:30||NIFTY27JAN2624200PE,0.1640323696700084
08-01-2026 12:30||NIFTY27JAN2624300PE,0.1579643910770768
08-01-2026 12:30||NIFTY27JAN2625100PE,0.1150731676241601
08-01-2026 12:30||NIFTY27JAN2625700CE,0.1026905275437082
08-01-2026 12:30||NIFTY27JAN2626000CE,0.0959253328174055
08-01-2026 12:35||NIFTY27JAN2624800PE,0.1267468532868757
08-01-2026 12:35||NIFTY27JAN2625000PE,0.1167910170443738
08-01-2026 12:35||NIFTY27JAN2625400CE,0.1273830613633644
08-01-2026 12:35||NIFTY27JAN2625500CE,0.1209621563429451
08-01-2026 12:35||NIFTY27JAN2625800CE,0.1072668149273095
08-01-2026 12:35||NIFTY27JAN2626100CE,0.0996856266139895
08-01-2026 12:35||NIFTY27JAN2626200CE,0.0978077533758564
08-01-2026 12:40||NIFTY27JAN2624100PE,0.1677379166389741
08-01-2026 12:40||NIFTY27JAN2624400PE,0.1504109761161209
08-01-2026 12:40||NIFTY27JAN2624800PE,0.1266107785346043
08-01-2026 12:40||NIFTY27JAN2625000PE,0.1167685917920347
08-01-2026 12:40||NIFTY27JAN2625200CE,0.1393262616723579
08-01-2026 12:40||NIFTY27JAN2626000CE,0.1011358140067703
08-01-2026 12:45||NIFTY27JAN2624400PE,0.1509473574923859
08-01-2026 12:45||NIFTY27JAN2624600PE,0.1389933540571922
08-01-2026 12:45||NIFTY27JAN2625000PE,0.117873055573097
08-01-2026 12:45||NIFTY27JAN2625300CE,0.1254099311978639
08-01-2026 12:45||NIFTY27JAN2625800CE,0.1036019712255508
08-01-2026 12:45||NIFTY27JAN2626200CE,0.0965660842689874
08-01-2026 12:45||NIFTY27JAN2626300CE,0.0952236631849023
08-01-2026 12:50||NIFTY27JAN2623800PE,0.1813098821486061
08-01-2026 12:50||NIFTY27JAN2624900PE,0.1216260457485874
08-01-2026 12:50||NIFTY27JAN2625600CE,0.1136926539510159
08-01-2026 12:50||NIFTY27JAN2626300CE,0.096776163754845
08-01-2026 12:50||NIFTY27JAN2626400CE,0.0957727568288976
08-01-2026 12:55||NIFTY27JAN2624200PE,0.1627190387416489
08-01-2026 12:55||NIFTY27JAN2624300PE,0.1564193975826039
08-01-2026 12:55||NIFTY27JAN2624400PE,0.1500215196028741
08-01-2026 12:55||NIFTY27JAN2626100CE,0.0989632958322156
08-01-2026 13:00||NIFTY27JAN2624200PE,0.1623793945875199
08-01-2026 13:00||NIFTY27JAN2624500PE,0.1436348060410025
08-01-2026 13:00||NIFTY27JAN2624600PE,0.1375251186375378
08-01-2026 13:00||NIFTY27JAN2624700PE,0.1318267741696176
08-01-2026 13:00||NIFTY27JAN2625000PE,0.1169225878406315
08-01-2026 13:00||NIFTY27JAN2625100PE,0.112519789980039
08-01-2026 13:00||NIFTY27JAN2625400CE,0.1286557099712847
08-01-2026 13:00||NIFTY27JAN2625800CE,0.108408060106032
08-01-2026 13:05||NIFTY27JAN2623800PE,0.1841399260804072
08-01-2026 13:05||NIFTY27JAN2624600PE,0.1388300861062213
08-01-2026 13:05||NIFTY27JAN2625700CE,0.1077204582758529
08-01-2026 13:05||NIFTY27JAN2625800CE,0.1042185163989269
08-01-2026 13:05||NIFTY27JAN2626000CE,0.0999863034958733
08-01-2026 13:05||NIFTY27JAN2626100CE,0.0982153347925487
08-01-2026 13:05||NIFTY27JAN2626200CE,0.0963996213912885
08-01-2026 13:05||NIFTY27JAN2626300CE,0.0948021736052259
08-01-2026 13:10||NIFTY27JAN2624100PE,0.1681615388902722
08-01-2026 13:10||NIFTY27JAN2624900PE,0.1210658689478682
08-01-2026 13:10||NIFTY27JAN2625400CE,0.1218440832047633
08-01-2026 13:10||NIFTY27JAN2625700CE,0.1084255792274146
08-01-2026 13:10||NIFTY27JAN2625800CE,0.1053814810649546
08-01-2026 13:10||NIFTY27JAN2626100CE,0.0990342842414038
08-01-2026 13:10||NIFTY27JAN2626200CE,0.0971982507184602
08-01-2026 13:15||NIFTY27JAN2624300PE,0.1575919818385922
08-01-2026 13:15||NIFTY27JAN2625000PE,0.1166773654276512
08-01-2026 13:15||NIFTY27JAN2625900CE,0.1007327676656412
08-01-2026 13:15||NIFTY27JAN2626300CE,0.0945153830085485
08-01-2026 13:20||NIFTY27JAN2623800PE,0.1837937623393733
08-01-2026 13:20||NIFTY27JAN2624000PE,0.1741541624188214
08-01-2026 13:20||NIFTY27JAN2624400PE,0.1507809931900297
08-01-2026 13:20||NIFTY27JAN2625000PE,0.1166450483221394
08-01-2026 13:20||NIFTY27JAN2625300CE,0.1302717580367861
08-01-2026 13:20||NIFTY27JAN2625400CE,0.1221977091511289
08-01-2026 13:20||NIFTY27JAN2626200CE,0.0959513524843486
08-01-2026 13:25||NIFTY27JAN2624600PE,0.1393874002851544
08-01-2026 13:25||NIFTY27JAN2624900PE,0.1231459229652211
08-01-2026 13:25||NIFTY27JAN2625400CE,0.109608148451728
08-01-2026 13:25||NIFTY27JAN2625500CE,0.1048766764585218
08-01-2026 13:25||NIFTY27JAN2625900CE,0.0977557754065865
08-01-2026 13:25||NIFTY27JAN2626000CE,0.0962707576087916
08-01-2026 13:25||NIFTY27JAN2626100CE,0.0950512902179165
08-01-2026 13:30||NIFTY27JAN2624300PE,0.1545907528469354
08-01-2026 13:30||NIFTY27JAN2624400PE,0.1483443138851663
08-01-2026 13:30||NIFTY27JAN2625600CE,0.1138955526672384
08-01-2026 13:30||NIFTY27JAN2625700CE,0.1105323402738454
08-01-2026 13:30||NIFTY27JAN2626100CE,0.1006485108766167
08-01-2026 13:30||NIFTY27JAN2626500CE,0.0939140939157423
08-01-2026 13:35||NIFTY27JAN2624600PE,0.1367937055169399
08-01-2026 13:35||NIFTY27JAN2624700PE,0.130928756107002
08-01-2026 13:35||NIFTY27JAN2624800PE,0.125704563769477
08-01-2026 13:35||NIFTY27JAN2624900PE,0.1206105843315522
08-01-2026 13:40||NIFTY27JAN2624100PE,0.1668589728469055
08-01-2026 13:40||NIFTY27JAN2624800PE,0.1247562176988049
08-01-2026 13:40||NIFTY27JAN2624900PE,0.1195903086216177
08-01-2026 13:40||NIFTY27JAN2625300CE,0.1258829764511599
08-01-2026 13:40||NIFTY27JAN2625600CE,0.1127834286482173
08-01-2026 13:40||NIFTY27JAN2625700CE,0.1090671838728454
08-01-2026 13:40||NIFTY27JAN2626000CE,0.1007615165382517
08-01-2026 13:40||NIFTY27JAN2626200CE,0.0972819288915939
08-01-2026 13:40||NIFTY27JAN2626300CE,0.0958192305570096
08-01-2026 13:45||NIFTY27JAN2624600PE,0.1363919940797655
08-01-2026 13:45||NIFTY27JAN2624700PE,0.1305318885896437
08-01-2026 13:45||NIFTY27JAN2625100PE,0.1098052807457695
08-01-2026 13:45||NIFTY27JAN2625600CE,0.1137951312528608
08-01-2026 13:45||NIFTY27JAN2625700CE,0.1104751210185433
08-01-2026 13:50||NIFTY27JAN2624600PE,0.1357116253555823
08-01-2026 13:50||NIFTY27JAN2625500CE,0.118039107082406
08-01-2026 13:55||NIFTY27JAN2624200PE,0.1613769270001779
08-01-2026 13:55||NIFTY27JAN2624600PE,0.1359533229532478
08-01-2026 13:55||NIFTY27JAN2625000PE,0.1140866412813343
08-01-2026 13:55||NIFTY27JAN2625200CE,0.1361385557774774
08-01-2026 13:55||NIFTY27JAN2625700CE,0.1065142117723181
08-01-2026 14:00||NIFTY27JAN2623800PE,0.1852756649404011
08-01-2026 14:00||NIFTY27JAN2623900PE,0.17928980508236
08-01-2026 14:00||NIFTY27JAN2625300CE,0.110728094949662
08-01-2026 14:00||NIFTY27JAN2625400CE,0.1106336296422006
08-01-2026 14:00||NIFTY27JAN2625900CE,0.0980124641390115
08-01-2026 14:00||NIFTY27JAN2626000CE,0.0959712166045539
08-01-2026 14:00||NIFTY27JAN2626100CE,0.0943645313623025
08-01-2026 14:00||NIFTY27JAN2626200CE,0.0931966794417995
08-01-2026 14:00||NIFTY27JAN2626300CE,0.0920635174556553
08-01-2026 14:05||NIFTY27JAN2623900PE,0.178686821407576
08-01-2026 14:05||NIFTY27JAN2624500PE,0.1422285760161422
08-01-2026 14:05||NIFTY27JAN2625300CE,0.1139143319392322
08-01-2026 14:05||NIFTY27JAN2626000CE,0.0962602415338483
08-01-2026 14:05||NIFTY27JAN2626200CE,0.0932660228531209
08-01-2026 14:05||NIFTY27JAN2626300CE,0.0918576787080165
08-01-2026 14:05||NIFTY27JAN2626500CE,0.0894330366264128
08-01-2026 14:10||NIFTY27JAN2624800PE,0.1241761986384156
08-01-2026 14:10||NIFTY27JAN2625000PE,0.1139496786442146
08-01-2026 14:10||NIFTY27JAN2625200CE,0.1188327152037385
08-01-2026 14:10||NIFTY27JAN2625300CE,0.1201321130670969
08-01-2026 14:10||NIFTY27JAN2625700CE,0.1102102764976593
08-01-2026 14:15||NIFTY27JAN2623800PE,0.1829330889891118
08-01-2026 14:15||NIFTY27JAN2624200PE,0.1603763310933277
08-01-2026 14:15||NIFTY27JAN2624300PE,0.1540779764867212
08-01-2026 14:15||NIFTY27JAN2625000PE,0.1131400910698407
08-01-2026 14:15||NIFTY27JAN2625200CE,0.1255239936184118
08-01-2026 14:15||NIFTY27JAN2625600CE,0.1136733832182592
08-01-2026 14:15||NIFTY27JAN2626100CE,0.0967291343613735
08-01-2026 14:15||NIFTY27JAN2626400CE,0.0921170859947072
08-01-2026 14:20||NIFTY27JAN2624500PE,0.1412753143472107
08-01-2026 14:20||NIFTY27JAN2625000PE,0.113364409228977
08-01-2026 14:20||NIFTY27JAN2625700CE,0.1035186975526923
08-01-2026 14:20||NIFTY27JAN2626400CE,0.089764319905606
08-01-2026 14:25||NIFTY27JAN2624600PE,0.1360206139179922
08-01-2026 14:25||NIFTY27JAN2624800PE,0.1245035789071713
08-01-2026 14:25||NIFTY27JAN2625200CE,0.1247349657389835
08-01-2026 14:25||NIFTY27JAN2625600CE,0.107178411617591
08-01-2026 14:25||NIFTY27JAN2625900CE,0.0966287492910989
08-01-2026 14:25||NIFTY27JAN2626000CE,0.0950546533146524
08-01-2026 14:30||NIFTY27JAN2624500PE,0.14010317558187
08-01-2026 14:30||NIFTY27JAN2626200CE,0.0979538249568109
08-01-2026 14:30||NIFTY27JAN2626400CE,0.0936807982284895
08-01-2026 14:30||NIFTY27JAN2626500CE,0.0923102266310896
08-01-2026 14:35||NIFTY27JAN2624200PE,0.1600706801020307
08-01-2026 14:35||NIFTY27JAN2624800PE,0.1232622401993876
08-01-2026 14:35||NIFTY27JAN2625100PE,0.1092354659243948
08-01-2026 14:35||NIFTY27JAN2626100CE,0.0949106423489262
08-01-2026 14:40||NIFTY27JAN2624200PE,0.1595453052001669
08-01-2026 14:40||NIFTY27JAN2624600PE,0.1348978253762448
08-01-2026 14:40||NIFTY27JAN2625000PE,0.1128960772374147
08-01-2026 14:40||NIFTY27JAN2625300CE,0.1202861275959785
08-01-2026 14:40||NIFTY27JAN2625400CE,0.1166086998271518
08-01-2026 14:40||NIFTY27JAN2625500CE,0.1125523486805704
08-01-2026 14:40||NIFTY27JAN2626200CE,0.0930286546205527
08-01-2026 14:40||NIFTY27JAN2626300CE,0.0914179837982807
08-01-2026 14:45||NIFTY27JAN2624000PE,0.1703312154579927
08-01-2026 14:45||NIFTY27JAN2624700PE,0.1285912211116002
08-01-2026 14:45||NIFTY27JAN2625000PE,0.1122473176748113
08-01-2026 14:45||NIFTY27JAN2625300CE,0.1224407181153282
08-01-2026 14:45||NIFTY27JAN2625700CE,0.1061219750593036
08-01-2026 14:50||NIFTY27JAN2624100PE,0.1654265049520287
08-01-2026 14:50||NIFTY27JAN2624300PE,0.153602180537353
08-01-2026 14:50||NIFTY27JAN2625100PE,0.1095040726299401
08-01-2026 14:50||NIFTY27JAN2625400CE,0.1133132069890355
08-01-2026 14:50||NIFTY27JAN2625500CE,0.1081486367977692
08-01-2026 14:50||NIFTY27JAN2626000CE,0.0931486714135188
08-01-2026 14:50||NIFTY27JAN2626200CE,0.0904492981925478
08-01-2026 14:55||NIFTY27JAN2626300CE,0.0908608026054223
08-01-2026 15:00||NIFTY27JAN2623900PE,0.1745752375565233
08-01-2026 15:00||NIFTY27JAN2624000PE,0.1686804000221327
08-01-2026 15:00||NIFTY27JAN2624900PE,0.1174087236113396
08-01-2026 15:00||NIFTY27JAN2625100PE,0.1085985429003031
08-01-2026 15:00||NIFTY27JAN2625200CE,0.1349804914613218
08-01-2026 15:00||NIFTY27JAN2625600CE,0.096760550654034
08-01-2026 15:00||NIFTY27JAN2625700CE,0.0948206329619602
08-01-2026 15:00||NIFTY27JAN2626300CE,0.088806696769829
08-01-2026 15:00||NIFTY27JAN2626400CE,0.0883305840587449
08-01-2026 15:05||NIFTY27JAN2624400PE,0.1426130206009517
08-01-2026 15:05||NIFTY27JAN2624800PE,0.1195763947343817
08-01-2026 15:05||NIFTY27JAN2624900PE,0.1145624868054714
08-01-2026 15:05||NIFTY27JAN2626000CE,0.0976773677962099
08-01-2026 15:05||NIFTY27JAN2626100CE,0.0953352740298818
08-01-2026 15:05||NIFTY27JAN2626200CE,0.0942892427649308
08-01-2026 15:10||NIFTY27JAN2624000PE,0.1669104659182348
08-01-2026 15:10||NIFTY27JAN2624200PE,0.1552227176739739
08-01-2026 15:10||NIFTY27JAN2624600PE,0.1312908846470597
08-01-2026 15:10||NIFTY27JAN2625100PE,0.1059509285977142
08-01-2026 15:10||NIFTY27JAN2625700CE,0.1041303895720016
08-01-2026 15:10||NIFTY27JAN2626100CE,0.0939292847387342
08-01-2026 15:10||NIFTY27JAN2626300CE,0.092253011128991
08-01-2026 15:10||NIFTY27JAN2626500CE,0.0900732650321787
08-01-2026 15:15||NIFTY27JAN2624800PE,0.1200176699043842
08-01-2026 15:15||NIFTY27JAN2625100PE,0.1063798255024955
08-01-2026 15:15||NIFTY27JAN2625500CE,0.109601731078821
08-01-2026 15:15||NIFTY27JAN2626100CE,0.093306293995838
08-01-2026 15:20||NIFTY27JAN2624000PE,0.1673082709108672
08-01-2026 15:20||NIFTY27JAN2624500PE,0.1369455674883752
08-01-2026 15:20||NIFTY27JAN2624800PE,0.1203050407330666
08-01-2026 15:20||NIFTY27JAN2625000PE,0.1108932626443766
08-01-2026 15:20||NIFTY27JAN2625600CE,0.1038524205491123
08-01-2026 15:20||NIFTY27JAN2626100CE,0.0929486739502843
08-01-2026 15:20||NIFTY27JAN2626400CE,0.089315595845716
08-01-2026 15:20||NIFTY27JAN2626500CE,0.0884984234519006
08-01-2026 15:25||NIFTY27JAN2623800PE,0.1819751920263389
08-01-2026 15:25||NIFTY27JAN2624100PE,0.1596315384538891
08-01-2026 15:25||NIFTY27JAN2624300PE,0.1489187527797658
08-01-2026 15:25||NIFTY27JAN2624600PE,0.1321920853226631
08-01-2026 15:25||NIFTY27JAN2625100PE,0.1085347851132603
08-01-2026 15:25||NIFTY27JAN2625800CE,0.0955609452497889
08-01-2026 15:25||NIFTY27JAN2626100CE,0.0934749849075684
09-01-2026 09:15||NIFTY27JAN2624400PE,0.1451860933272408
09-01-2026 09:15||NIFTY27JAN2625000PE,0.1113233978571845
09-01-2026 09:15||NIFTY27JAN2625400CE,0.1211538877531667
09-01-2026 09:15||NIFTY27JAN2625500CE,0.1159685328666997
09-01-2026 09:15||NIFTY27JAN2625800CE,0.1054210680425302
09-01-2026 09:15||NIFTY27JAN2626300CE,0.0932748722355349
09-01-2026 09:20||NIFTY27JAN2624100PE,0.1641048411220161
09-01-2026 09:20||NIFTY27JAN2624200PE,0.1581566013151297
09-01-2026 09:20||NIFTY27JAN2624800PE,0.1243031384476593
09-01-2026 09:20||NIFTY27JAN2625000PE,0.1149347889066791
09-01-2026 09:20||NIFTY27JAN2625300CE,0.112074566062988
09-01-2026 09:25||NIFTY27JAN2624100PE,0.1603348975887099
09-01-2026 09:25||NIFTY27JAN2625000PE,0.1117603757079302
09-01-2026 09:25||NIFTY27JAN2625400CE,0.1182952534578075
09-01-2026 09:25||NIFTY27JAN2626100CE,0.093474089056863
09-01-2026 09:30||NIFTY27JAN2624300PE,0.1486528439778052
09-01-2026 09:30||NIFTY27JAN2624500PE,0.1372007465984326
09-01-2026 09:30||NIFTY27JAN2624600PE,0.131649526807057
09-01-2026 09:30||NIFTY27JAN2625300CE,0.1150964592266505
09-01-2026 09:30||NIFTY27JAN2625400CE,0.1119861518935035
09-01-2026 09:30||NIFTY27JAN2626100CE,0.0929759028036212
09-01-2026 09:30||NIFTY27JAN2626400CE,0.0905008340575519
09-01-2026 09:35||NIFTY27JAN2624800PE,0.1195269735976553
09-01-2026 09:35||NIFTY27JAN2626000CE,0.0979620159963542
09-01-2026 09:35||NIFTY27JAN2626200CE,0.0944305989031013
09-01-2026 09:40||NIFTY27JAN2625500CE,0.1399838103662927
09-01-2026 09:40||NIFTY27JAN2625600CE,0.1328944202380984
09-01-2026 09:40||NIFTY27JAN2625700CE,0.1261489806425055
09-01-2026 09:40||NIFTY27JAN2625900CE,0.1142465289960301
09-01-2026 09:45||NIFTY27JAN2624000PE,0.1649869586752279
09-01-2026 09:45||NIFTY27JAN2624300PE,0.147395914811016
09-01-2026 09:45||NIFTY27JAN2624400PE,0.1412269190260724
09-01-2026 09:45||NIFTY27JAN2624700PE,0.1236979089124409
09-01-2026 09:45||NIFTY27JAN2624900PE,0.1133727349955652
09-01-2026 09:45||NIFTY27JAN2625600CE,0.1267793368373227
09-01-2026 09:45||NIFTY27JAN2625900CE,0.1081366011245147
09-01-2026 09:50||NIFTY27JAN2624100PE,0.1597852377509012
09-01-2026 09:50||NIFTY27JAN2624400PE,0.1421508853096304
09-01-2026 09:50||NIFTY27JAN2624600PE,0.1303266511140981
09-01-2026 09:50||NIFTY27JAN2624700PE,0.1246835874256256
09-01-2026 09:50||NIFTY27JAN2624900PE,0.1144588358435157
09-01-2026 09:50||NIFTY27JAN2625300CE,0.1381402227251547
09-01-2026 09:50||NIFTY27JAN2625600CE,0.1186871418898471
09-01-2026 09:50||NIFTY27JAN2626000CE,0.1026934979917392
09-01-2026 09:50||NIFTY27JAN2626100CE,0.0998438487753378
09-01-2026 09:50||NIFTY27JAN2626400CE,0.0946788207500911
09-01-2026 09:55||NIFTY27JAN2623800PE,0.1772144003880545
09-01-2026 09:55||NIFTY27JAN2624800PE,0.1200984628620224
09-01-2026 09:55||NIFTY27JAN2624900PE,0.1150538215944921
09-01-2026 09:55||NIFTY27JAN2625000PE,0.1107083096508147
09-01-2026 09:55||NIFTY27JAN2625200CE,0.1340066938420777
09-01-2026 10:00||NIFTY27JAN2624100PE,0.1619980746495926
09-01-2026 10:00||NIFTY27JAN2624300PE,0.1499757980499772
09-01-2026 10:00||NIFTY27JAN2625100PE,0.1081867299010708
09-01-2026 10:00||NIFTY27JAN2625500CE,0.1055549592960858
09-01-2026 10:00||NIFTY27JAN2626100CE,0.0928561291069164
09-01-2026 10:05||NIFTY27JAN2624500PE,0.1362319442215448
09-01-2026 10:05||NIFTY27JAN2624800PE,0.1196325052284729
09-01-2026 10:05||NIFTY27JAN2625600CE,0.1203912936117713
09-01-2026 10:05||NIFTY27JAN2626100CE,0.0984821953032868
09-01-2026 10:10||NIFTY27JAN2624400PE,0.1432102811553846
09-01-2026 10:10||NIFTY27JAN2626300CE,0.091295640105019
09-01-2026 10:10||NIFTY27JAN2626400CE,0.0905761589866144
09-01-2026 10:15||NIFTY27JAN2625100PE,0.107311176323715
09-01-2026 10:15||NIFTY27JAN2625600CE,0.1083110612100782
09-01-2026 10:15||NIFTY27JAN2626200CE,0.0921166320964741
09-01-2026 10:15||NIFTY27JAN2626300CE,0.0911856196657217
09-01-2026 10:20||NIFTY27JAN2623900PE,0.1733854736887435
09-01-2026 10:20||NIFTY27JAN2624000PE,0.1673336334169119
09-01-2026 10:20||NIFTY27JAN2625200CE,0.1438237295257231
09-01-2026 10:20||NIFTY27JAN2625700CE,0.1127111955794459
09-01-2026 10:25||NIFTY27JAN2624200PE,0.1551231058850981
09-01-2026 10:25||NIFTY27JAN2625000PE,0.109609000592091
09-01-2026 10:25||NIFTY27JAN2625600CE,0.1201940626744642
09-01-2026 10:25||NIFTY27JAN2626200CE,0.0967602349400023
09-01-2026 10:25||NIFTY27JAN2626500CE,0.0915774414668118
09-01-2026 10:30||NIFTY27JAN2624300PE,0.1501615374645481
09-01-2026 10:30||NIFTY27JAN2624900PE,0.1166726573385542
09-01-2026 10:35||NIFTY27JAN2624300PE,0.1489102274498464
09-01-2026 10:35||NIFTY27JAN2624800PE,0.1200813062820317
09-01-2026 10:35||NIFTY27JAN2626300CE,0.0914366925015142
09-01-2026 10:40||NIFTY27JAN2624000PE,0.1663737370948454
09-01-2026 10:40||NIFTY27JAN2624700PE,0.1247716262752558
09-01-2026 10:40||NIFTY27JAN2625000PE,0.1095652487903225
09-01-2026 10:40||NIFTY27JAN2625500CE,0.1160860119333198
09-01-2026 10:40||NIFTY27JAN2626000CE,0.0972593092252173
09-01-2026 10:40||NIFTY27JAN2626100CE,0.0953524316840003
09-01-2026 10:40||NIFTY27JAN2626400CE,0.0907898507254454
09-01-2026 10:40||NIFTY27JAN2626500CE,0.0891251305225456
09-01-2026 10:45||NIFTY27JAN2624400PE,0.1424868155903626
09-01-2026 10:45||NIFTY27JAN2625000PE,0.1096628000371397
09-01-2026 10:45||NIFTY27JAN2625200CE,0.1337730492169548
09-01-2026 10:45||NIFTY27JAN2625400CE,0.119840304242295
09-01-2026 10:45||NIFTY27JAN2625500CE,0.1136611342235858
09-01-2026 10:45||NIFTY27JAN2626300CE,0.0907090622962399
09-01-2026 10:50||NIFTY27JAN2624100PE,0.1608974278106135
09-01-2026 10:50||NIFTY27JAN2625800CE,0.0951292248934045
09-01-2026 10:50||NIFTY27JAN2625900CE,0.0929773304712206
09-01-2026 10:50||NIFTY27JAN2626000CE,0.0913769146024219
09-01-2026 10:50||NIFTY27JAN2626400CE,0.0881219877069434
09-01-2026 10:50||NIFTY27JAN2626500CE,0.087509842052395
09-01-2026 10:55||NIFTY27JAN2623800PE,0.1746589661418527
09-01-2026 10:55||NIFTY27JAN2624700PE,0.1242204435300641
09-01-2026 10:55||NIFTY27JAN2624900PE,0.1143638095955677
09-01-2026 10:55||NIFTY27JAN2626300CE,0.0912344216149564
09-01-2026 11:00||NIFTY27JAN2624900PE,0.112687558208791
09-01-2026 11:00||NIFTY27JAN2625000PE,0.1081083588221321
09-01-2026 11:00||NIFTY27JAN2625200CE,0.1668536680911059
09-01-2026 11:00||NIFTY27JAN2625700CE,0.0998052882384289
09-01-2026 11:00||NIFTY27JAN2625800CE,0.0975173772497919
09-01-2026 11:05||NIFTY27JAN2624000PE,0.1639457862946799
09-01-2026 11:05||NIFTY27JAN2624400PE,0.1391813426746495
09-01-2026 11:05||NIFTY27JAN2625100PE,0.1043396626121917
09-01-2026 11:05||NIFTY27JAN2625300CE,0.1252825695315644
09-01-2026 11:05||NIFTY27JAN2625500CE,0.1132709051321236
09-01-2026 11:05||NIFTY27JAN2625700CE,0.1047228608550033
09-01-2026 11:10||NIFTY27JAN2623900PE,0.1703279505005164
09-01-2026 11:10||NIFTY27JAN2624700PE,0.1234329255418666
09-01-2026 11:10||NIFTY27JAN2625100PE,0.1064411400317382
09-01-2026 11:10||NIFTY27JAN2625200CE,0.119939087831925
09-01-2026 11:10||NIFTY27JAN2625500CE,0.1060972686978895
09-01-2026 11:10||NIFTY27JAN2625800CE,0.0953307144251579
09-01-2026 11:15||NIFTY27JAN2624200PE,0.1520048970120117
09-01-2026 11:15||NIFTY27JAN2624600PE,0.1283135912701511
09-01-2026 11:15||NIFTY27JAN2625700CE,0.1016607862972152
09-01-2026 11:15||NIFTY27JAN2626400CE,0.0916178118322855
09-01-2026 11:20||NIFTY27JAN2625200CE,0.1321787791283369
09-01-2026 11:20||NIFTY27JAN2625500CE,0.1101033224532073
09-01-2026 11:25||NIFTY27JAN2624600PE,0.1275207600091884
09-01-2026 11:25||NIFTY27JAN2625100PE,0.1036446825340691
09-01-2026 11:25||NIFTY27JAN2625600CE,0.1088485665248795
09-01-2026 11:30||NIFTY27JAN2624000PE,0.1630865258101628
09-01-2026 11:30||NIFTY27JAN2624100PE,0.1575054365197115
09-01-2026 11:30||NIFTY27JAN2624500PE,0.1342416878498479
09-01-2026 11:30||NIFTY27JAN2624600PE,0.1284898344831191
09-01-2026 11:30||NIFTY27JAN2624900PE,0.1129054218094429
09-01-2026 11:30||NIFTY27JAN2625000PE,0.108408387363277
09-01-2026 11:30||NIFTY27JAN2625300CE,0.1210340956113557
09-01-2026 11:30||NIFTY27JAN2626200CE,0.0901002937251616
09-01-2026 11:35||NIFTY27JAN2624100PE,0.1577085747610834
09-01-2026 11:35||NIFTY27JAN2624600PE,0.1278719523999858
09-01-2026 11:35||NIFTY27JAN2625200CE,0.1212965102670463
09-01-2026 11:35||NIFTY27JAN2625300CE,0.1168881468120759
09-01-2026 11:35||NIFTY27JAN2625700CE,0.1009550222776098
09-01-2026 11:35||NIFTY27JAN2625800CE,0.0981360325361848
09-01-2026 11:40||NIFTY27JAN2624600PE,0.1275851375517377
09-01-2026 11:40||NIFTY27JAN2624700PE,0.1224609664777777
09-01-2026 11:40||NIFTY27JAN2625000PE,0.1084911421133084
09-01-2026 11:40||NIFTY27JAN2625300CE,0.1181518326710146
09-01-2026 11:40||NIFTY27JAN2625800CE,0.0980650231971553
09-01-2026 11:40||NIFTY27JAN2625900CE,0.0960383099234865
09-01-2026 11:45||NIFTY27JAN2625900CE,0.0967736656477275
09-01-2026 11:45||NIFTY27JAN2626000CE,0.0951461668669138
09-01-2026 11:45||NIFTY27JAN2626200CE,0.0932063337332756
09-01-2026 11:45||NIFTY27JAN2626500CE,0.0923739532664221
09-01-2026 11:50||NIFTY27JAN2625000PE,0.108461216907027
09-01-2026 11:50||NIFTY27JAN2625200CE,0.1189294607159573
09-01-2026 11:50||NIFTY27JAN2625400CE,0.1126299972803579
09-01-2026 11:50||NIFTY27JAN2625500CE,0.1093425784364912
09-01-2026 11:50||NIFTY27JAN2626000CE,0.0965152030378134
09-01-2026 11:50||NIFTY27JAN2626500CE,0.0932893795504936
09-01-2026 11:55||NIFTY27JAN2624200PE,0.1518937257022463
09-01-2026 11:55||NIFTY27JAN2624300PE,0.1451203774142964
09-01-2026 11:55||NIFTY27JAN2624500PE,0.1327736474736933
09-01-2026 11:55||NIFTY27JAN2624900PE,0.113407326666454
09-01-2026 11:55||NIFTY27JAN2625400CE,0.1145705971887568
09-01-2026 11:55||NIFTY27JAN2625600CE,0.1060637208761885
09-01-2026 11:55||NIFTY27JAN2625800CE,0.1001082269075939
09-01-2026 11:55||NIFTY27JAN2626300CE,0.093590687104688
09-01-2026 12:00||NIFTY27JAN2623800PE,0.1718576286517756
09-01-2026 12:00||NIFTY27JAN2624400PE,0.1382746681516755
09-01-2026 12:00||NIFTY27JAN2624800PE,0.1154644196273727
09-01-2026 12:00||NIFTY27JAN2625600CE,0.1106299674980647
09-01-2026 12:00||NIFTY27JAN2625800CE,0.1036928735308443
09-01-2026 12:00||NIFTY27JAN2626300CE,0.0949558511360363
09-01-2026 12:05||NIFTY27JAN2624600PE,0.1277911478128583
09-01-2026 12:05||NIFTY27JAN2625500CE,0.109517008390399
09-01-2026 12:05||NIFTY27JAN2626000CE,0.0954531820290938
09-01-2026 12:05||NIFTY27JAN2626500CE,0.0933968670130775
09-01-2026 12:10||NIFTY27JAN2624200PE,0.1522610980618685
09-01-2026 12:10||NIFTY27JAN2624300PE,0.1459047828460004
09-01-2026 12:10||NIFTY27JAN2625500CE,0.1063730930450284
09-01-2026 12:10||NIFTY27JAN2625900CE,0.0961444902423648
09-01-2026 12:10||NIFTY27JAN2626300CE,0.0931753469248927
09-01-2026 12:15||NIFTY27JAN2623800PE,0.1747684184401821
09-01-2026 12:15||NIFTY27JAN2624100PE,0.156984961233174
09-01-2026 12:15||NIFTY27JAN2624200PE,0.1504253015780609
09-01-2026 12:15||NIFTY27JAN2624300PE,0.1439613124721679
09-01-2026 12:15||NIFTY27JAN2625400CE,0.108202015432038
09-01-2026 12:15||NIFTY27JAN2625500CE,0.1050834775893584
09-01-2026 12:15||NIFTY27JAN2625800CE,0.0992144962818858
09-01-2026 12:15||NIFTY27JAN2625900CE,0.0972299462685113
09-01-2026 12:15||NIFTY27JAN2626200CE,0.0933470974095932
09-01-2026 12:15||NIFTY27JAN2626300CE,0.0920166505224992
09-01-2026 12:15||NIFTY27JAN2626400CE,0.0896861218551981
09-01-2026 12:15||NIFTY27JAN2626500CE,0.0865088650086765
09-01-2026 12:20||NIFTY27JAN2624000PE,0.1628271922605516
09-01-2026 12:20||NIFTY27JAN2624700PE,0.1209073078018558
09-01-2026 12:20||NIFTY27JAN2624800PE,0.1160490966152585
09-01-2026 12:20||NIFTY27JAN2625000PE,0.1073763033316895
09-01-2026 12:25||NIFTY27JAN2624200PE,0.1506338637072442
09-01-2026 12:25||NIFTY27JAN2624400PE,0.1384111365733535
09-01-2026 12:25||NIFTY27JAN2624600PE,0.1269426778725975
09-01-2026 12:25||NIFTY27JAN2625000PE,0.1085611932073116
09-01-2026 12:30||NIFTY27JAN2623800PE,0.1660057028019921
09-01-2026 12:30||NIFTY27JAN2624400PE,0.138100679038347
09-01-2026 12:30||NIFTY27JAN2624900PE,0.1121290395526118
09-01-2026 12:30||NIFTY27JAN2626400CE,0.0946205088141679
09-01-2026 12:35||NIFTY27JAN2624100PE,0.1588298165682557
09-01-2026 12:35||NIFTY27JAN2624300PE,0.1463577215272891
09-01-2026 12:35||NIFTY27JAN2624700PE,0.123984616360426
09-01-2026 12:35||NIFTY27JAN2624900PE,0.1154194978817935
09-01-2026 12:35||NIFTY27JAN2625700CE,0.0976252045345052
09-01-2026 12:35||NIFTY27JAN2626400CE,0.095931131073444
09-01-2026 12:40||NIFTY27JAN2624100PE,0.1585003920052541
09-01-2026 12:40||NIFTY27JAN2625800CE,0.0988130134301054
09-01-2026 12:40||NIFTY27JAN2626100CE,0.0958564760737745
09-01-2026 12:45||NIFTY27JAN2623900PE,0.1705523974521426
09-01-2026 12:45||NIFTY27JAN2624100PE,0.1584942335996232
09-01-2026 12:45||NIFTY27JAN2624200PE,0.1519680502002733
09-01-2026 12:45||NIFTY27JAN2625100PE,0.1071909164608272
09-01-2026 12:45||NIFTY27JAN2625300CE,0.1061855131638492
09-01-2026 12:45||NIFTY27JAN2625800CE,0.0971564177289321
09-01-2026 12:45||NIFTY27JAN2625900CE,0.0960893309926666
09-01-2026 12:45||NIFTY27JAN2626000CE,0.0954473254514981
09-01-2026 12:45||NIFTY27JAN2626400CE,0.0983022094818029
09-01-2026 12:50||NIFTY27JAN2623800PE,0.1785371692886155
09-01-2026 12:50||NIFTY27JAN2624100PE,0.1559497809471826
09-01-2026 12:50||NIFTY27JAN2625300CE,0.1209835690159124
09-01-2026 12:50||NIFTY27JAN2625500CE,0.1106504377458045
09-01-2026 12:50||NIFTY27JAN2626200CE,0.0977266901203119
09-01-2026 12:55||NIFTY27JAN2624100PE,0.1582218988825919
09-01-2026 12:55||NIFTY27JAN2624500PE,0.1326604974512044
09-01-2026 12:55||NIFTY27JAN2624800PE,0.1171769128303849
09-01-2026 12:55||NIFTY27JAN2625600CE,0.1041360891503592
09-01-2026 12:55||NIFTY27JAN2625700CE,0.1016357991555818
09-01-2026 13:00||NIFTY27JAN2624200PE,0.1513702045960615
09-01-2026 13:00||NIFTY27JAN2624900PE,0.113455834784535
09-01-2026 13:00||NIFTY27JAN2625200CE,0.116277798803421
09-01-2026 13:00||NIFTY27JAN2625600CE,0.1040467299019295
09-01-2026 13:00||NIFTY27JAN2625800CE,0.0995150537313425
09-01-2026 13:00||NIFTY27JAN2626400CE,0.0980059583372157
09-01-2026 13:05||NIFTY27JAN2623900PE,0.1703018286713204
09-01-2026 13:05||NIFTY27JAN2624100PE,0.1583515410699597
09-01-2026 13:05||NIFTY27JAN2624300PE,0.1455169954105908
09-01-2026 13:05||NIFTY27JAN2624400PE,0.1391521750621734
09-01-2026 13:05||NIFTY27JAN2624700PE,0.1213230678389448
09-01-2026 13:05||NIFTY27JAN2624800PE,0.1161627901717735
09-01-2026 13:05||NIFTY27JAN2624900PE,0.1115415100894636
09-01-2026 13:05||NIFTY27JAN2625000PE,0.1077319863827577
09-01-2026 13:05||NIFTY27JAN2626000CE,0.0978836371394657
09-01-2026 13:05||NIFTY27JAN2626400CE,0.0991453961264478
09-01-2026 13:05||NIFTY27JAN2626500CE,0.1007998958004081
09-01-2026 13:10||NIFTY27JAN2624000PE,0.1639543659438548
09-01-2026 13:10||NIFTY27JAN2624100PE,0.1579179010425802
09-01-2026 13:10||NIFTY27JAN2624300PE,0.1455704739043822
09-01-2026 13:10||NIFTY27JAN2625200CE,0.1207123027120866
09-01-2026 13:10||NIFTY27JAN2625900CE,0.0991817981420617
09-01-2026 13:10||NIFTY27JAN2626100CE,0.097237725736809
09-01-2026 13:10||NIFTY27JAN2626400CE,0.0985537719850051
09-01-2026 13:15||NIFTY27JAN2624100PE,0.1579572912793872
09-01-2026 13:15||NIFTY27JAN2624400PE,0.1389344061765496
09-01-2026 13:15||NIFTY27JAN2625000PE,0.1085399124336208
09-01-2026 13:15||NIFTY27JAN2625300CE,0.1162371752336078
09-01-2026 13:15||NIFTY27JAN2625700CE,0.1035467169272344
09-01-2026 13:15||NIFTY27JAN2625800CE,0.1014445964407947
09-01-2026 13:15||NIFTY27JAN2625900CE,0.0997687600501565
09-01-2026 13:15||NIFTY27JAN2626100CE,0.0976410835322286
09-01-2026 13:15||NIFTY27JAN2626200CE,0.0973045976443122
09-01-2026 13:20||NIFTY27JAN2624100PE,0.1580113860160314
09-01-2026 13:20||NIFTY27JAN2625000PE,0.1085709966048229
09-01-2026 13:20||NIFTY27JAN2625200CE,0.1213471452539954
09-01-2026 13:20||NIFTY27JAN2625600CE,0.1036425246404866
09-01-2026 13:25||NIFTY27JAN2624500PE,0.1333092709643233
09-01-2026 13:25||NIFTY27JAN2625100PE,0.1060656064491568
09-01-2026 13:25||NIFTY27JAN2625300CE,0.1166451661790506
09-01-2026 13:25||NIFTY27JAN2626200CE,0.0968192069178713
09-01-2026 13:30||NIFTY27JAN2624300PE,0.1461973856048548
09-01-2026 13:30||NIFTY27JAN2624900PE,0.1146803520232604
09-01-2026 13:30||NIFTY27JAN2625900CE,0.0959763773757938
09-01-2026 13:30||NIFTY27JAN2626400CE,0.0972173428905814
09-01-2026 13:35||NIFTY27JAN2623900PE,0.1692545075092595
09-01-2026 13:35||NIFTY27JAN2624100PE,0.157599238582637
09-01-2026 13:35||NIFTY27JAN2624400PE,0.1390442070945686
09-01-2026 13:35||NIFTY27JAN2624600PE,0.1268712706020038
09-01-2026 13:35||NIFTY27JAN2625100PE,0.10565427319059
09-01-2026 13:35||NIFTY27JAN2625300CE,0.1207788382384223
09-01-2026 13:35||NIFTY27JAN2625400CE,0.1154728044507187
09-01-2026 13:35||NIFTY27JAN2625900CE,0.1002773094271834
09-01-2026 13:35||NIFTY27JAN2626100CE,0.0980325760927301
09-01-2026 13:40||NIFTY27JAN2624500PE,0.1341205114734743
09-01-2026 13:40||NIFTY27JAN2624800PE,0.1185959878395105
09-01-2026 13:40||NIFTY27JAN2625100PE,0.1082296087981064
09-01-2026 13:40||NIFTY27JAN2625300CE,0.1067571701549508
09-01-2026 13:40||NIFTY27JAN2625500CE,0.1012151841450609
09-01-2026 13:40||NIFTY27JAN2626500CE,0.0982600644868724
09-01-2026 13:45||NIFTY27JAN2623900PE,0.16878259495111
09-01-2026 13:45||NIFTY27JAN2624100PE,0.1570012183069539
09-01-2026 13:45||NIFTY27JAN2624300PE,0.1446952165332461
09-01-2026 13:45||NIFTY27JAN2624400PE,0.1385173947175952
09-01-2026 13:45||NIFTY27JAN2625200CE,0.1122735154212171
09-01-2026 13:45||NIFTY27JAN2626000CE,0.0964934272914817
09-01-2026 13:50||NIFTY27JAN2623800PE,0.1695465666025319
09-01-2026 13:50||NIFTY27JAN2624600PE,0.1276482809218269
09-01-2026 13:50||NIFTY27JAN2624700PE,0.1225536713112206
09-01-2026 13:50||NIFTY27JAN2625400CE,0.1092591907013771
09-01-2026 13:50||NIFTY27JAN2625800CE,0.0986231727967777
09-01-2026 13:50||NIFTY27JAN2626100CE,0.0961334408025404
09-01-2026 13:55||NIFTY27JAN2624000PE,0.1605054494383877
09-01-2026 13:55||NIFTY27JAN2625400CE,0.114952476228108
09-01-2026 13:55||NIFTY27JAN2625500CE,0.1114892377336271
09-01-2026 13:55||NIFTY27JAN2626400CE,0.1009090341266373
09-01-2026 14:00||NIFTY27JAN2624200PE,0.1514067030057197
09-01-2026 14:00||NIFTY27JAN2624300PE,0.1452581426184812
09-01-2026 14:00||NIFTY27JAN2624400PE,0.139241572410176
09-01-2026 14:00||NIFTY27JAN2625500CE,0.1058753306772006
09-01-2026 14:00||NIFTY27JAN2625800CE,0.0985417138075167
09-01-2026 14:00||NIFTY27JAN2626000CE,0.0961041576885535
09-01-2026 14:05||NIFTY27JAN2624100PE,0.157183493196167
09-01-2026 14:05||NIFTY27JAN2624300PE,0.1445580590997198
09-01-2026 14:05||NIFTY27JAN2624400PE,0.1384449836552186
09-01-2026 14:05||NIFTY27JAN2625200CE,0.125417819018227
09-01-2026 14:05||NIFTY27JAN2625400CE,0.1142431590633719
09-01-2026 14:10||NIFTY27JAN2624300PE,0.1441583915617679
09-01-2026 14:10||NIFTY27JAN2624700PE,0.1226059943017897
09-01-2026 14:10||NIFTY27JAN2625300CE,0.1125621345129703
09-01-2026 14:10||NIFTY27JAN2626300CE,0.0966856385711067
09-01-2026 14:10||NIFTY27JAN2626400CE,0.0975420061023478
09-01-2026 14:10||NIFTY27JAN2626500CE,0.0984555206543319
09-01-2026 14:15||NIFTY27JAN2625500CE,0.1054615871594288
09-01-2026 14:20||NIFTY27JAN2624100PE,0.1567947458802525
09-01-2026 14:20||NIFTY27JAN2624300PE,0.1443031095837562
09-01-2026 14:20||NIFTY27JAN2624400PE,0.1384153044239588
09-01-2026 14:20||NIFTY27JAN2625000PE,0.1089451256697579
09-01-2026 14:20||NIFTY27JAN2625200CE,0.1145864662405033
09-01-2026 14:20||NIFTY27JAN2625400CE,0.1087776033445269
09-01-2026 14:20||NIFTY27JAN2625900CE,0.0973755177494049
09-01-2026 14:25||NIFTY27JAN2624100PE,0.1577804597524396
09-01-2026 14:25||NIFTY27JAN2624200PE,0.1515134482351409
09-01-2026 14:25||NIFTY27JAN2624300PE,0.1450597058057597
09-01-2026 14:25||NIFTY27JAN2625100PE,0.1069031628521558
09-01-2026 14:25||NIFTY27JAN2625300CE,0.110437054844585
09-01-2026 14:25||NIFTY27JAN2625600CE,0.1006690804930443
09-01-2026 14:30||NIFTY27JAN2624000PE,0.1616769812370303
09-01-2026 14:30||NIFTY27JAN2624200PE,0.148814276315276
09-01-2026 14:30||NIFTY27JAN2625900CE,0.1003155355512102
09-01-2026 14:30||NIFTY27JAN2626300CE,0.0988410677828849
09-01-2026 14:35||NIFTY27JAN2624200PE,0.1499858904990176
09-01-2026 14:35||NIFTY27JAN2624300PE,0.1438007111700064
09-01-2026 14:35||NIFTY27JAN2624600PE,0.1267589938584093
09-01-2026 14:35||NIFTY27JAN2625800CE,0.1002763723872394
09-01-2026 14:40||NIFTY27JAN2623800PE,0.1733511784112724
09-01-2026 14:40||NIFTY27JAN2625200CE,0.1241763293156619
09-01-2026 14:40||NIFTY27JAN2625600CE,0.1066043659942487
09-01-2026 14:40||NIFTY27JAN2625900CE,0.0997187113658604
09-01-2026 14:40||NIFTY27JAN2626100CE,0.0979454096131785
09-01-2026 14:40||NIFTY27JAN2626400CE,0.0999701781400958
09-01-2026 14:45||NIFTY27JAN2624500PE,0.1324425912627742
09-01-2026 14:45||NIFTY27JAN2624600PE,0.126969046732532
09-01-2026 14:45||NIFTY27JAN2625300CE,0.1147168718168487
09-01-2026 14:45||NIFTY27JAN2625600CE,0.104459203826684
09-01-2026 14:50||NIFTY27JAN2623900PE,0.168902770404112
09-01-2026 14:50||NIFTY27JAN2626000CE,0.0973009437780973
09-01-2026 14:50||NIFTY27JAN2626300CE,0.0976732906762827
09-01-2026 14:55||NIFTY27JAN2623900PE,0.1683760527948965
09-01-2026 14:55||NIFTY27JAN2624000PE,0.1628235481832503
09-01-2026 14:55||NIFTY27JAN2624800PE,0.1171840976159314
09-01-2026 14:55||NIFTY27JAN2625600CE,0.1028311299253193
09-01-2026 14:55||NIFTY27JAN2625900CE,0.0972602007180977
09-01-2026 15:00||NIFTY27JAN2624000PE,0.1620747980356092
09-01-2026 15:00||NIFTY27JAN2624300PE,0.1441264957873423
09-01-2026 15:00||NIFTY27JAN2625400CE,0.1125866150515832
09-01-2026 15:00||NIFTY27JAN2625600CE,0.1054149811337741
09-01-2026 15:00||NIFTY27JAN2625700CE,0.1025634602522802
09-01-2026 15:00||NIFTY27JAN2625800CE,0.1003022010721375
09-01-2026 15:00||NIFTY27JAN2626500CE,0.1011382909674357
09-01-2026 15:05||NIFTY27JAN2624200PE,0.1504321858509335
09-01-2026 15:05||NIFTY27JAN2624300PE,0.1441176696174104
09-01-2026 15:05||NIFTY27JAN2625000PE,0.1071374733469878
09-01-2026 15:05||NIFTY27JAN2625100PE,0.1026347357707989
09-01-2026 15:05||NIFTY27JAN2625600CE,0.1053636370439476
09-01-2026 15:05||NIFTY27JAN2626500CE,0.1010668961739547
09-01-2026 15:10||NIFTY27JAN2623800PE,0.1725298850137268
09-01-2026 15:10||NIFTY27JAN2624000PE,0.1621703043448022
09-01-2026 15:10||NIFTY27JAN2624600PE,0.1267583567310014
09-01-2026 15:10||NIFTY27JAN2625000PE,0.1084788960668344
09-01-2026 15:10||NIFTY27JAN2625100PE,0.1044523352974496
09-01-2026 15:10||NIFTY27JAN2625200CE,0.1187350498805823
09-01-2026 15:10||NIFTY27JAN2626200CE,0.0967213601138361
09-01-2026 15:15||NIFTY27JAN2624200PE,0.1516414985568863
09-01-2026 15:15||NIFTY27JAN2624300PE,0.1454068728361414
09-01-2026 15:15||NIFTY27JAN2624500PE,0.1334541270967013
09-01-2026 15:15||NIFTY27JAN2624700PE,0.123044977497769
09-01-2026 15:15||NIFTY27JAN2624900PE,0.1144054432356584
09-01-2026 15:15||NIFTY27JAN2625200CE,0.1146798353621584
09-01-2026 15:15||NIFTY27JAN2625900CE,0.0966331829327134
09-01-2026 15:15||NIFTY27JAN2626000CE,0.0958012345855911
09-01-2026 15:20||NIFTY27JAN2623800PE,0.1723109390517913
09-01-2026 15:20||NIFTY27JAN2624700PE,0.1235931814428369
09-01-2026 15:20||NIFTY27JAN2625100PE,0.1070691023109949
09-01-2026 15:20||NIFTY27JAN2625200CE,0.1284726736271715
09-01-2026 15:20||NIFTY27JAN2625300CE,0.1198141915877178
09-01-2026 15:20||NIFTY27JAN2625600CE,0.1045589290939702
09-01-2026 15:20||NIFTY27JAN2625800CE,0.1002925859492746
09-01-2026 15:20||NIFTY27JAN2626100CE,0.0969222462483635
09-01-2026 15:25||NIFTY27JAN2624100PE,0.1582355999836319
09-01-2026 15:25||NIFTY27JAN2624200PE,0.1527822293942484
09-01-2026 15:25||NIFTY27JAN2624400PE,0.1406481650637317
09-01-2026 15:25||NIFTY27JAN2625500CE,0.1163725726575296
09-01-2026 15:25||NIFTY27JAN2626000CE,0.101416892353071
09-01-2026 15:25||NIFTY27JAN2626100CE,0.100011570125915
12-01-2026 09:15||NIFTY27JAN2624000PE,0.1765046618785281
12-01-2026 09:15||NIFTY27JAN2624900PE,0.1245940829875627
12-01-2026 09:15||NIFTY27JAN2625200CE,0.1154149807712548
12-01-2026 09:15||NIFTY27JAN2626000CE,0.1023006013739385
12-01-2026 09:15||NIFTY27JAN2626100CE,0.1022506378663276
12-01-2026 09:20||NIFTY27JAN2624200PE,0.1630613645232328
12-01-2026 09:20||NIFTY27JAN2624600PE,0.1383078605324233
12-01-2026 09:20||NIFTY27JAN2624800PE,0.1282576045970558
12-01-2026 09:20||NIFTY27JAN2625000PE,0.1194000865386361
12-01-2026 09:20||NIFTY27JAN2625100PE,0.1154179626512783
12-01-2026 09:20||NIFTY27JAN2625200CE,0.1274340328837146
12-01-2026 09:20||NIFTY27JAN2625600CE,0.113275356286241
12-01-2026 09:20||NIFTY27JAN2625800CE,0.109587764245702
12-01-2026 09:25||NIFTY27JAN2624700PE,0.1323373349784193
12-01-2026 09:25||NIFTY27JAN2625800CE,0.1136427376031491
12-01-2026 09:25||NIFTY27JAN2626200CE,0.1128104612619072
12-01-2026 09:30||NIFTY27JAN2623900PE,0.1810282300263925
12-01-2026 09:30||NIFTY27JAN2624000PE,0.1747223223052849
12-01-2026 09:30||NIFTY27JAN2624400PE,0.1486473039917634
12-01-2026 09:30||NIFTY27JAN2625200CE,0.1393288464022986
12-01-2026 09:30||NIFTY27JAN2625600CE,0.123283434811156
12-01-2026 09:30||NIFTY27JAN2625800CE,0.1168576466649106
12-01-2026 09:30||NIFTY27JAN2626000CE,0.114032013361055
12-01-2026 09:35||NIFTY27JAN2623900PE,0.179580926632455
12-01-2026 09:35||NIFTY27JAN2624500PE,0.1424050056801422
12-01-2026 09:35||NIFTY27JAN2624600PE,0.1367596263686838
12-01-2026 09:35||NIFTY27JAN2624700PE,0.1314184704598893
12-01-2026 09:35||NIFTY27JAN2625000PE,0.1169739638059484
12-01-2026 09:35||NIFTY27JAN2625700CE,0.1173762912951444
12-01-2026 09:35||NIFTY27JAN2625800CE,0.1147039256870637
12-01-2026 09:35||NIFTY27JAN2625900CE,0.1133104006353384
12-01-2026 09:35||NIFTY27JAN2626200CE,0.1128531991301949
12-01-2026 09:35||NIFTY27JAN2626500CE,0.1196636841380259
12-01-2026 09:40||NIFTY27JAN2623900PE,0.1804261562634447
12-01-2026 09:40||NIFTY27JAN2624600PE,0.1387103798689263
12-01-2026 09:40||NIFTY27JAN2624700PE,0.1333247190820472
12-01-2026 09:40||NIFTY27JAN2625200CE,0.1327447333572117
12-01-2026 09:40||NIFTY27JAN2625400CE,0.124507305932914
12-01-2026 09:45||NIFTY27JAN2623900PE,0.1811282444680305
12-01-2026 09:45||NIFTY27JAN2624800PE,0.1258723617401071
12-01-2026 09:45||NIFTY27JAN2625000PE,0.1155566037312511
12-01-2026 09:45||NIFTY27JAN2626400CE,0.1180352444429637
12-01-2026 09:45||NIFTY27JAN2626500CE,0.1205689750020282
12-01-2026 09:50||NIFTY27JAN2625000PE,0.1190206309187526
12-01-2026 09:50||NIFTY27JAN2625400CE,0.1270241109977991
12-01-2026 09:50||NIFTY27JAN2625900CE,0.111708750457872
12-01-2026 09:50||NIFTY27JAN2626000CE,0.1103830416310262
12-01-2026 09:55||NIFTY27JAN2623800PE,0.187182416033604
12-01-2026 09:55||NIFTY27JAN2625000PE,0.1201151983622458
12-01-2026 09:55||NIFTY27JAN2625100PE,0.1152933440325878
12-01-2026 09:55||NIFTY27JAN2625400CE,0.1173138682112588
12-01-2026 09:55||NIFTY27JAN2625700CE,0.1093024684879341
12-01-2026 09:55||NIFTY27JAN2625900CE,0.1071874950321867
12-01-2026 09:55||NIFTY27JAN2626200CE,0.1081607875587297
12-01-2026 09:55||NIFTY27JAN2626400CE,0.1129621361071774
12-01-2026 10:00||NIFTY27JAN2624800PE,0.1248651265497158
12-01-2026 10:00||NIFTY27JAN2625200CE,0.1431459932464406
12-01-2026 10:00||NIFTY27JAN2625700CE,0.1199394243030204
12-01-2026 10:00||NIFTY27JAN2626100CE,0.1127385881291966
12-01-2026 10:00||NIFTY27JAN2626200CE,0.1131573393295742
12-01-2026 10:05||NIFTY27JAN2623900PE,0.182655010624545
12-01-2026 10:05||NIFTY27JAN2624300PE,0.1576087039755487
12-01-2026 10:05||NIFTY27JAN2624600PE,0.1392932009821344
12-01-2026 10:05||NIFTY27JAN2624700PE,0.1335840873591855
12-01-2026 10:05||NIFTY27JAN2624800PE,0.1281969454753905
12-01-2026 10:05||NIFTY27JAN2625100PE,0.1142046710589325
12-01-2026 10:10||NIFTY27JAN2624000PE,0.1750111371874904
12-01-2026 10:10||NIFTY27JAN2624100PE,0.1688527177030599
12-01-2026 10:10||NIFTY27JAN2624900PE,0.1223512365056193
12-01-2026 10:10||NIFTY27JAN2625600CE,0.1161484681781358
12-01-2026 10:10||NIFTY27JAN2626300CE,0.1123351012059704
12-01-2026 10:10||NIFTY27JAN2626400CE,0.1148977572632677
12-01-2026 10:15||NIFTY27JAN2623800PE,0.1853757100017465
12-01-2026 10:15||NIFTY27JAN2624500PE,0.1419205134135138
12-01-2026 10:15||NIFTY27JAN2624800PE,0.1244238514254396
12-01-2026 10:15||NIFTY27JAN2625000PE,0.1146108603691415
12-01-2026 10:15||NIFTY27JAN2625100PE,0.1100936896680463
12-01-2026 10:15||NIFTY27JAN2626200CE,0.1123991559982742
12-01-2026 10:15||NIFTY27JAN2626400CE,0.1154519457550648
12-01-2026 10:15||NIFTY27JAN2626500CE,0.117686474508627
12-01-2026 10:20||NIFTY27JAN2624200PE,0.1636892175212467
12-01-2026 10:20||NIFTY27JAN2624800PE,0.1272018583414104
12-01-2026 10:20||NIFTY27JAN2624900PE,0.1220132449534377
12-01-2026 10:20||NIFTY27JAN2625200CE,0.1322567892628923
12-01-2026 10:20||NIFTY27JAN2626500CE,0.1164324402454252
12-01-2026 10:25||NIFTY27JAN2623800PE,0.1868016787160312
12-01-2026 10:25||NIFTY27JAN2624300PE,0.1564096099265876
12-01-2026 10:25||NIFTY27JAN2624400PE,0.1500948133212281
12-01-2026 10:25||NIFTY27JAN2624900PE,0.1210392084503986
12-01-2026 10:25||NIFTY27JAN2625200CE,0.1433319575463728
12-01-2026 10:25||NIFTY27JAN2625800CE,0.1127336337808146
12-01-2026 10:25||NIFTY27JAN2625900CE,0.1107687840655714
12-01-2026 10:25||NIFTY27JAN2626000CE,0.1097568924028402
12-01-2026 10:30||NIFTY27JAN2624500PE,0.1448473353371838
12-01-2026 10:30||NIFTY27JAN2625200CE,0.1290198573988438
12-01-2026 10:30||NIFTY27JAN2625800CE,0.1091078334344584
12-01-2026 10:30||NIFTY27JAN2626200CE,0.1077622098392497
12-01-2026 10:35||NIFTY27JAN2624600PE,0.1375634243617762
12-01-2026 10:35||NIFTY27JAN2625400CE,0.1238845466611639
12-01-2026 10:35||NIFTY27JAN2625700CE,0.113228053807241
12-01-2026 10:35||NIFTY27JAN2626400CE,0.1135289718031038
12-01-2026 10:40||NIFTY27JAN2625000PE,0.1173344300982012
12-01-2026 10:40||NIFTY27JAN2625100PE,0.112499071311815
12-01-2026 10:40||NIFTY27JAN2625300CE,0.1291683771635636
12-01-2026 10:40||NIFTY27JAN2625400CE,0.1234026092789447
12-01-2026 10:40||NIFTY27JAN2625500CE,0.1187066654563755
12-01-2026 10:40||NIFTY27JAN2626400CE,0.1128328958245293
12-01-2026 10:45||NIFTY27JAN2624400PE,0.1489896344187785
12-01-2026 10:45||NIFTY27JAN2625000PE,0.1155073034580921
12-01-2026 10:45||NIFTY27JAN2626000CE,0.1096381198983073
12-01-2026 10:45||NIFTY27JAN2626200CE,0.1101970965296618
12-01-2026 10:45||NIFTY27JAN2626300CE,0.1118205787291879
12-01-2026 10:50||NIFTY27JAN2623900PE,0.1831578334933759
12-01-2026 10:50||NIFTY27JAN2624900PE,0.1232182008848876
12-01-2026 10:50||NIFTY27JAN2625500CE,0.112409164008077
12-01-2026 10:50||NIFTY27JAN2625600CE,0.1099967087325308
12-01-2026 10:50||NIFTY27JAN2626200CE,0.1058736741510943
12-01-2026 10:55||NIFTY27JAN2624000PE,0.1753743321030488
12-01-2026 10:55||NIFTY27JAN2624300PE,0.1561523690882904
12-01-2026 10:55||NIFTY27JAN2624400PE,0.1497514991044586
12-01-2026 10:55||NIFTY27JAN2624900PE,0.1216957671035937
12-01-2026 10:55||NIFTY27JAN2625100PE,0.1129546621791121
12-01-2026 10:55||NIFTY27JAN2625500CE,0.117192209172492
12-01-2026 10:55||NIFTY27JAN2626200CE,0.1080958804335162
12-01-2026 10:55||NIFTY27JAN2626400CE,0.1129161820923087
12-01-2026 11:00||NIFTY27JAN2623800PE,0.1868133520959688
12-01-2026 11:00||NIFTY27JAN2624000PE,0.174490563562714
12-01-2026 11:00||NIFTY27JAN2624500PE,0.1424286315034749
12-01-2026 11:00||NIFTY27JAN2624800PE,0.1256456426600625
12-01-2026 11:00||NIFTY27JAN2624900PE,0.1207964894067957
12-01-2026 11:00||NIFTY27JAN2625000PE,0.1164326981925292
12-01-2026 11:00||NIFTY27JAN2625200CE,0.1293629418974451
12-01-2026 11:00||NIFTY27JAN2625400CE,0.1226735080459148
12-01-2026 11:00||NIFTY27JAN2625600CE,0.1158598065663416
12-01-2026 11:00||NIFTY27JAN2626000CE,0.1083968529846233
12-01-2026 11:00||NIFTY27JAN2626300CE,0.1113623361637904
12-01-2026 11:05||NIFTY27JAN2624100PE,0.1674029682806991
12-01-2026 11:05||NIFTY27JAN2624700PE,0.1301665258452733
12-01-2026 11:05||NIFTY27JAN2625200CE,0.1319500425633271
12-01-2026 11:05||NIFTY27JAN2625500CE,0.1197960671062049
12-01-2026 11:05||NIFTY27JAN2625600CE,0.1164937385361677
12-01-2026 11:05||NIFTY27JAN2625700CE,0.1137628720930692
12-01-2026 11:10||NIFTY27JAN2624400PE,0.1487219733117784
12-01-2026 11:10||NIFTY27JAN2624500PE,0.142623540392409
12-01-2026 11:10||NIFTY27JAN2625200CE,0.1275088565197601
12-01-2026 11:10||NIFTY27JAN2625800CE,0.1089862222947421
12-01-2026 11:10||NIFTY27JAN2626000CE,0.1069397904757245
12-01-2026 11:15||NIFTY27JAN2625400CE,0.1188295377351911
12-01-2026 11:15||NIFTY27JAN2625700CE,0.1110565842982228
12-01-2026 11:15||NIFTY27JAN2625800CE,0.1093793202631112
12-01-2026 11:20||NIFTY27JAN2624800PE,0.1236120172402911
12-01-2026 11:20||NIFTY27JAN2626400CE,0.1164382792299819
12-01-2026 11:25||NIFTY27JAN2623800PE,0.181779196591101
12-01-2026 11:25||NIFTY27JAN2624200PE,0.1577605125442169
12-01-2026 11:25||NIFTY27JAN2624300PE,0.1515497234460296
12-01-2026 11:25||NIFTY27JAN2624700PE,0.128451179980441
12-01-2026 11:25||NIFTY27JAN2625400CE,0.120632988216545
12-01-2026 11:30||NIFTY27JAN2623900PE,0.1764000318814115
12-01-2026 11:30||NIFTY27JAN2624000PE,0.1706494083501223
12-01-2026 11:35||NIFTY27JAN2624200PE,0.1573983785578868
12-01-2026 11:35||NIFTY27JAN2624400PE,0.1450598423280705
12-01-2026 11:35||NIFTY27JAN2624700PE,0.1283080793721644
12-01-2026 11:35||NIFTY27JAN2624900PE,0.1190515033682515
12-01-2026 11:35||NIFTY27JAN2625300CE,0.124248175647509
12-01-2026 11:35||NIFTY27JAN2625600CE,0.1149004144083774
12-01-2026 11:35||NIFTY27JAN2625800CE,0.1113740184738547
12-01-2026 11:40||NIFTY27JAN2624300PE,0.1516582577200898
12-01-2026 11:40||NIFTY27JAN2624400PE,0.1455984956828538
12-01-2026 11:40||NIFTY27JAN2625000PE,0.1154728618374344
12-01-2026 11:40||NIFTY27JAN2625200CE,0.124006562998282
12-01-2026 11:40||NIFTY27JAN2625300CE,0.122276622119153
12-01-2026 11:50||NIFTY27JAN2624700PE,0.1280940816076455
12-01-2026 11:50||NIFTY27JAN2625600CE,0.115629125521643
12-01-2026 11:50||NIFTY27JAN2625800CE,0.1118435676287015
12-01-2026 11:50||NIFTY27JAN2625900CE,0.1108713619690692
12-01-2026 11:55||NIFTY27JAN2624000PE,0.1697110627930545
12-01-2026 11:55||NIFTY27JAN2624900PE,0.1184772281927244
12-01-2026 11:55||NIFTY27JAN2625100PE,0.1111233831471612
12-01-2026 11:55||NIFTY27JAN2625700CE,0.1137583066508307
12-01-2026 11:55||NIFTY27JAN2626000CE,0.1106078385623194
12-01-2026 11:55||NIFTY27JAN2626500CE,0.1215461260611455
12-01-2026 12:00||NIFTY27JAN2624100PE,0.1633775720608856
12-01-2026 12:00||NIFTY27JAN2624900PE,0.1184291107223205
12-01-2026 12:00||NIFTY27JAN2625100PE,0.1116274727581452
12-01-2026 12:00||NIFTY27JAN2625900CE,0.1099724072792495
12-01-2026 12:05||NIFTY27JAN2624000PE,0.1697688655455092
12-01-2026 12:05||NIFTY27JAN2624900PE,0.1171006585611432
12-01-2026 12:05||NIFTY27JAN2625500CE,0.1192864786961754
12-01-2026 12:05||NIFTY27JAN2625800CE,0.1118762343431548
12-01-2026 12:05||NIFTY27JAN2626000CE,0.1104075483350805
12-01-2026 12:10||NIFTY27JAN2623800PE,0.1822510170197133
12-01-2026 12:10||NIFTY27JAN2624200PE,0.1566182913433327
12-01-2026 12:10||NIFTY27JAN2624700PE,0.1244156751041353
12-01-2026 12:10||NIFTY27JAN2624800PE,0.1188255427611259
12-01-2026 12:10||NIFTY27JAN2625000PE,0.1088894694989757
12-01-2026 12:10||NIFTY27JAN2625800CE,0.1196889531536623
12-01-2026 12:15||NIFTY27JAN2625100PE,0.1090760125814983
12-01-2026 12:15||NIFTY27JAN2625900CE,0.1142768070514285
12-01-2026 12:15||NIFTY27JAN2626200CE,0.1125245711846169
12-01-2026 12:20||NIFTY27JAN2624400PE,0.1490112847887938
12-01-2026 12:20||NIFTY27JAN2624700PE,0.1302732838870439
12-01-2026 12:20||NIFTY27JAN2625100PE,0.1108194811007359
12-01-2026 12:20||NIFTY27JAN2625300CE,0.1437233497509121
12-01-2026 12:20||NIFTY27JAN2625500CE,0.1324590709260503
12-01-2026 12:20||NIFTY27JAN2626400CE,0.1168975297424349
12-01-2026 12:25||NIFTY27JAN2624800PE,0.1292373625423868
12-01-2026 12:25||NIFTY27JAN2625200CE,0.1276867291023513
12-01-2026 12:25||NIFTY27JAN2626300CE,0.1119664314354687
12-01-2026 12:30||NIFTY27JAN2623800PE,0.1868251421222446
12-01-2026 12:30||NIFTY27JAN2624800PE,0.1299251003124388
12-01-2026 12:30||NIFTY27JAN2624900PE,0.1247447985432066
12-01-2026 12:30||NIFTY27JAN2625500CE,0.1325915188766443
12-01-2026 12:30||NIFTY27JAN2625700CE,0.1242682553589839
12-01-2026 12:30||NIFTY27JAN2626500CE,0.1182366235702416
12-01-2026 12:35||NIFTY27JAN2624300PE,0.1624165118362098
12-01-2026 12:35||NIFTY27JAN2624600PE,0.1443823912526916
12-01-2026 12:35||NIFTY27JAN2624900PE,0.128687695875409
12-01-2026 12:35||NIFTY27JAN2625100PE,0.1192494935285099
12-01-2026 12:35||NIFTY27JAN2626000CE,0.110448611115989
12-01-2026 12:35||NIFTY27JAN2626300CE,0.1112153462320449
12-01-2026 12:40||NIFTY27JAN2624300PE,0.1590366863902262
12-01-2026 12:40||NIFTY27JAN2624400PE,0.1527805857907196
12-01-2026 12:40||NIFTY27JAN2624500PE,0.1464767782583236
12-01-2026 12:40||NIFTY27JAN2625000PE,0.1192823338790148
12-01-2026 12:40||NIFTY27JAN2625300CE,0.1479685918475773
12-01-2026 12:40||NIFTY27JAN2625500CE,0.1370709648813847
12-01-2026 12:40||NIFTY27JAN2626000CE,0.1192733453271072
12-01-2026 12:40||NIFTY27JAN2626200CE,0.1169533691232464
12-01-2026 12:45||NIFTY27JAN2624300PE,0.164648904110416
12-01-2026 12:45||NIFTY27JAN2624500PE,0.151911015987467
12-01-2026 12:45||NIFTY27JAN2624800PE,0.1347542347737418
12-01-2026 12:45||NIFTY27JAN2625000PE,0.1254131022414784
12-01-2026 12:45||NIFTY27JAN2625300CE,0.128638645945555
12-01-2026 12:45||NIFTY27JAN2625700CE,0.1143277340749001
12-01-2026 12:45||NIFTY27JAN2625800CE,0.1120500081012115
12-01-2026 12:45||NIFTY27JAN2626000CE,0.109506494403352
12-01-2026 12:45||NIFTY27JAN2626200CE,0.1093250419363245
12-01-2026 12:45||NIFTY27JAN2626400CE,0.1116308347657127
12-01-2026 12:50||NIFTY27JAN2624500PE,0.1507084539003559
12-01-2026 12:50||NIFTY27JAN2625300CE,0.1371733714599457
12-01-2026 12:50||NIFTY27JAN2625800CE,0.1189152337084616
12-01-2026 12:55||NIFTY27JAN2624500PE,0.1506693956561954
12-01-2026 12:55||NIFTY27JAN2624600PE,0.1448937653269264
12-01-2026 12:55||NIFTY27JAN2624700PE,0.1393113391648878
12-01-2026 12:55||NIFTY27JAN2625000PE,0.123948033358964
12-01-2026 12:55||NIFTY27JAN2625400CE,0.1299275275677512
12-01-2026 12:55||NIFTY27JAN2625900CE,0.1129206435580752
12-01-2026 12:55||NIFTY27JAN2626200CE,0.1112454419560206
12-01-2026 13:00||NIFTY27JAN2624200PE,0.1678839822924303
12-01-2026 13:00||NIFTY27JAN2624500PE,0.1493667601875027
12-01-2026 13:00||NIFTY27JAN2624600PE,0.1434662298889425
12-01-2026 13:00||NIFTY27JAN2625500CE,0.1283702173049221
12-01-2026 13:00||NIFTY27JAN2626000CE,0.114216066074717
12-01-2026 13:00||NIFTY27JAN2626100CE,0.1131597421726274
12-01-2026 13:00||NIFTY27JAN2626300CE,0.1129965793512155
12-01-2026 13:00||NIFTY27JAN2626500CE,0.1151967402499218
12-01-2026 13:05||NIFTY27JAN2623900PE,0.1862875863214883
12-01-2026 13:05||NIFTY27JAN2624200PE,0.1683590529562755
12-01-2026 13:05||NIFTY27JAN2624500PE,0.1494672819149774
12-01-2026 13:05||NIFTY27JAN2624900PE,0.1275890336079134
12-01-2026 13:05||NIFTY27JAN2625300CE,0.1402509182398399
12-01-2026 13:05||NIFTY27JAN2625500CE,0.1304355796028489
12-01-2026 13:05||NIFTY27JAN2626400CE,0.1147465196717028
12-01-2026 13:10||NIFTY27JAN2624700PE,0.1382468795049837
12-01-2026 13:10||NIFTY27JAN2624800PE,0.1330094066497862
12-01-2026 13:10||NIFTY27JAN2626400CE,0.1127225151591435
12-01-2026 13:15||NIFTY27JAN2623800PE,0.1885070122096797
12-01-2026 13:15||NIFTY27JAN2624500PE,0.1510971567793907
12-01-2026 13:15||NIFTY27JAN2624700PE,0.1396379945305239
12-01-2026 13:15||NIFTY27JAN2624800PE,0.1344818526415361
12-01-2026 13:15||NIFTY27JAN2625100PE,0.1230130366890252
12-01-2026 13:15||NIFTY27JAN2625500CE,0.1175234187132046
12-01-2026 13:15||NIFTY27JAN2625800CE,0.1096971988986044
12-01-2026 13:15||NIFTY27JAN2626100CE,0.107092300615155
12-01-2026 13:15||NIFTY27JAN2626300CE,0.1080267981764996
12-01-2026 13:15||NIFTY27JAN2626400CE,0.1093726316878465
12-01-2026 13:20||NIFTY27JAN2624200PE,0.1674702741451876
12-01-2026 13:20||NIFTY27JAN2624300PE,0.161528192613495
12-01-2026 13:20||NIFTY27JAN2625000PE,0.1225543665705295
12-01-2026 13:20||NIFTY27JAN2625200CE,0.1397768672627143
12-01-2026 13:20||NIFTY27JAN2625500CE,0.126039315431089
12-01-2026 13:20||NIFTY27JAN2626200CE,0.1107051313055897
12-01-2026 13:20||NIFTY27JAN2626500CE,0.1155538670176207
12-01-2026 13:25||NIFTY27JAN2624300PE,0.1622044471448885
12-01-2026 13:25||NIFTY27JAN2624500PE,0.1506204305533587
12-01-2026 13:25||NIFTY27JAN2624600PE,0.1449479182967966
12-01-2026 13:25||NIFTY27JAN2624800PE,0.1345666603312806
12-01-2026 13:25||NIFTY27JAN2625500CE,0.1168302519731022
12-01-2026 13:25||NIFTY27JAN2625800CE,0.110182093222148
12-01-2026 13:25||NIFTY27JAN2626000CE,0.1078336789258749
12-01-2026 13:25||NIFTY27JAN2626400CE,0.1095670751654374
12-01-2026 13:25||NIFTY27JAN2626500CE,0.1108502929108376
12-01-2026 13:30||NIFTY27JAN2623900PE,0.1839942001766604
12-01-2026 13:30||NIFTY27JAN2624400PE,0.1544267533234331
12-01-2026 13:30||NIFTY27JAN2624800PE,0.1305980138260004
12-01-2026 13:30||NIFTY27JAN2624900PE,0.1255484630737451
12-01-2026 13:30||NIFTY27JAN2625100PE,0.1166707527197071
12-01-2026 13:30||NIFTY27JAN2625300CE,0.1507985992677982
12-01-2026 13:30||NIFTY27JAN2625500CE,0.1370828857266462
12-01-2026 13:30||NIFTY27JAN2625600CE,0.1311441008334018
12-01-2026 13:30||NIFTY27JAN2625700CE,0.1262788283611659
12-01-2026 13:35||NIFTY27JAN2624700PE,0.1401296161674016
12-01-2026 13:35||NIFTY27JAN2624900PE,0.1295547752952179
12-01-2026 13:35||NIFTY27JAN2625500CE,0.121215266427588
12-01-2026 13:35||NIFTY27JAN2625600CE,0.1178464810231588
12-01-2026 13:35||NIFTY27JAN2625900CE,0.1109016586134762
12-01-2026 13:40||NIFTY27JAN2623900PE,0.1865839432769433
12-01-2026 13:40||NIFTY27JAN2624000PE,0.1810511807119786
12-01-2026 13:40||NIFTY27JAN2624100PE,0.1753824636028309
12-01-2026 13:40||NIFTY27JAN2624800PE,0.1344497691559978
12-01-2026 13:40||NIFTY27JAN2624900PE,0.1295135115983501
12-01-2026 13:40||NIFTY27JAN2625200CE,0.1443960839912657
12-01-2026 13:40||NIFTY27JAN2625400CE,0.1258067360560181
12-01-2026 13:40||NIFTY27JAN2626100CE,0.1073944827252314
12-01-2026 13:40||NIFTY27JAN2626200CE,0.1073958808663022
12-01-2026 13:45||NIFTY27JAN2623800PE,0.1922284933320286
12-01-2026 13:45||NIFTY27JAN2623900PE,0.1868732168102626
12-01-2026 13:45||NIFTY27JAN2624600PE,0.1445999712001756
12-01-2026 13:45||NIFTY27JAN2625100PE,0.1201915924345525
12-01-2026 13:50||NIFTY27JAN2624200PE,0.169851665944365
12-01-2026 13:50||NIFTY27JAN2625200CE,0.1379640645557682
12-01-2026 13:50||NIFTY27JAN2625300CE,0.1331784735829839
12-01-2026 13:50||NIFTY27JAN2625400CE,0.1294886382273778
12-01-2026 13:50||NIFTY27JAN2626200CE,0.1088885868346412
12-01-2026 13:55||NIFTY27JAN2623800PE,0.1946517526314719
12-01-2026 13:55||NIFTY27JAN2624000PE,0.1829149589626123
12-01-2026 13:55||NIFTY27JAN2624100PE,0.1769091395225593
12-01-2026 13:55||NIFTY27JAN2624700PE,0.1402357690709144
12-01-2026 13:55||NIFTY27JAN2624900PE,0.1296056110101773
12-01-2026 13:55||NIFTY27JAN2626100CE,0.1074711140327289
12-01-2026 13:55||NIFTY27JAN2626400CE,0.1090001028371684
12-01-2026 14:00||NIFTY27JAN2624000PE,0.1822072789357345
12-01-2026 14:00||NIFTY27JAN2624400PE,0.1579833641232416
12-01-2026 14:00||NIFTY27JAN2624500PE,0.1518258434641817
12-01-2026 14:00||NIFTY27JAN2624600PE,0.1458163560461914
12-01-2026 14:00||NIFTY27JAN2625000PE,0.124318802099387
12-01-2026 14:00||NIFTY27JAN2625400CE,0.1227046539347585
12-01-2026 14:00||NIFTY27JAN2625600CE,0.1165448868237754
12-01-2026 14:00||NIFTY27JAN2625700CE,0.1137552470764236
12-01-2026 14:00||NIFTY27JAN2626300CE,0.107762924841236
12-01-2026 14:00||NIFTY27JAN2626400CE,0.1089527494092501
12-01-2026 14:05||NIFTY27JAN2624400PE,0.1572185727488047
12-01-2026 14:05||NIFTY27JAN2624600PE,0.1447229815605931
12-01-2026 14:05||NIFTY27JAN2624800PE,0.1331761766058274
12-01-2026 14:05||NIFTY27JAN2625800CE,0.1152517711936345
12-01-2026 14:05||NIFTY27JAN2626000CE,0.110310933411139
12-01-2026 14:05||NIFTY27JAN2626200CE,0.1087036512817718
12-01-2026 14:05||NIFTY27JAN2626400CE,0.1094385622799019
12-01-2026 14:05||NIFTY27JAN2626500CE,0.1100638588377601
12-01-2026 14:10||NIFTY27JAN2624100PE,0.1769428556388286
12-01-2026 14:10||NIFTY27JAN2624600PE,0.1461510656354887
12-01-2026 14:10||NIFTY27JAN2624800PE,0.1348634644732252
12-01-2026 14:10||NIFTY27JAN2625200CE,0.1410870059700936
12-01-2026 14:10||NIFTY27JAN2625500CE,0.1172474857870419
12-01-2026 14:10||NIFTY27JAN2626400CE,0.1075728689485005
12-01-2026 14:15||NIFTY27JAN2624100PE,0.1754019479994258
12-01-2026 14:15||NIFTY27JAN2624200PE,0.1693910579803142
12-01-2026 14:15||NIFTY27JAN2624900PE,0.1281742093720658
12-01-2026 14:15||NIFTY27JAN2625800CE,0.1122181192536126
12-01-2026 14:20||NIFTY27JAN2624400PE,0.1565919211813852
12-01-2026 14:20||NIFTY27JAN2624500PE,0.1501766116552851
12-01-2026 14:20||NIFTY27JAN2624600PE,0.1439126977912556
12-01-2026 14:20||NIFTY27JAN2625000PE,0.1213135336228685
12-01-2026 14:20||NIFTY27JAN2625200CE,0.1499133149488307
12-01-2026 14:20||NIFTY27JAN2625700CE,0.1226699485653126
12-01-2026 14:20||NIFTY27JAN2626200CE,0.1112452942138903
12-01-2026 14:20||NIFTY27JAN2626500CE,0.1125883362467783
12-01-2026 14:25||NIFTY27JAN2623900PE,0.1882455438154119
12-01-2026 14:25||NIFTY27JAN2624200PE,0.1708692655218138
12-01-2026 14:25||NIFTY27JAN2624500PE,0.1525417174557321
12-01-2026 14:25||NIFTY27JAN2624600PE,0.1465112428397391
12-01-2026 14:25||NIFTY27JAN2626300CE,0.106538274085984
12-01-2026 14:25||NIFTY27JAN2626500CE,0.1087173922392517
12-01-2026 14:30||NIFTY27JAN2623900PE,0.1881631072869519
12-01-2026 14:30||NIFTY27JAN2624200PE,0.1709571973746805
12-01-2026 14:30||NIFTY27JAN2625200CE,0.1243305178062727
12-01-2026 14:30||NIFTY27JAN2625700CE,0.1093873244161941
12-01-2026 14:30||NIFTY27JAN2626200CE,0.1047832301212207
12-01-2026 14:35||NIFTY27JAN2624500PE,0.149023710333275
12-01-2026 14:35||NIFTY27JAN2625100PE,0.1166205980389411
12-01-2026 14:35||NIFTY27JAN2625900CE,0.115819135296969
12-01-2026 14:35||NIFTY27JAN2626000CE,0.1134614976871061
12-01-2026 14:35||NIFTY27JAN2626100CE,0.111818915412638
12-01-2026 14:35||NIFTY27JAN2626400CE,0.1114552189969052
12-01-2026 14:35||NIFTY27JAN2626500CE,0.1124417617158558
12-01-2026 14:40||NIFTY27JAN2624100PE,0.1764222386179615
12-01-2026 14:40||NIFTY27JAN2624300PE,0.1640260677175005
12-01-2026 14:40||NIFTY27JAN2624500PE,0.1516859849541592
12-01-2026 14:40||NIFTY27JAN2625100PE,0.1197525370618291
12-01-2026 14:40||NIFTY27JAN2625300CE,0.1343438373472978
12-01-2026 14:40||NIFTY27JAN2625600CE,0.1188117796872086
12-01-2026 14:40||NIFTY27JAN2626400CE,0.1088927857010247
12-01-2026 14:45||NIFTY27JAN2624000PE,0.1828933649599053
12-01-2026 14:45||NIFTY27JAN2624600PE,0.1466296019880659
12-01-2026 14:45||NIFTY27JAN2625000PE,0.1245861904967013
12-01-2026 14:45||NIFTY27JAN2625300CE,0.1272632380880402
12-01-2026 14:45||NIFTY27JAN2625500CE,0.1187647765670298
12-01-2026 14:45||NIFTY27JAN2626000CE,0.1066952429822112
12-01-2026 14:45||NIFTY27JAN2626100CE,0.1057055495039356
12-01-2026 14:45||NIFTY27JAN2626200CE,0.1054766625372198
12-01-2026 14:45||NIFTY27JAN2626500CE,0.1088940911139142
12-01-2026 14:50||NIFTY27JAN2624000PE,0.1830399119430056
12-01-2026 14:50||NIFTY27JAN2624400PE,0.158065689728065
12-01-2026 14:50||NIFTY27JAN2624800PE,0.1338470768883902
12-01-2026 14:50||NIFTY27JAN2625100PE,0.1186868163251807
12-01-2026 14:50||NIFTY27JAN2625600CE,0.1214633506145508
12-01-2026 14:50||NIFTY27JAN2626000CE,0.1093504321035872
12-01-2026 14:50||NIFTY27JAN2626300CE,0.1068846933555758
12-01-2026 14:50||NIFTY27JAN2626400CE,0.1076214604854159
12-01-2026 14:55||NIFTY27JAN2624300PE,0.1644895963537611
12-01-2026 14:55||NIFTY27JAN2624500PE,0.1518881266484931
12-01-2026 14:55||NIFTY27JAN2624700PE,0.1397564325916792
12-01-2026 14:55||NIFTY27JAN2624900PE,0.1289149687003243
12-01-2026 14:55||NIFTY27JAN2625100PE,0.1195194747676868
12-01-2026 14:55||NIFTY27JAN2626200CE,0.1072240454513736
12-01-2026 15:00||NIFTY27JAN2623800PE,0.1946877724039753
12-01-2026 15:00||NIFTY27JAN2623900PE,0.1889153922938012
12-01-2026 15:00||NIFTY27JAN2624300PE,0.1644665991949666
12-01-2026 15:00||NIFTY27JAN2624700PE,0.1398099821351849
12-01-2026 15:00||NIFTY27JAN2624800PE,0.1343425969574209
12-01-2026 15:00||NIFTY27JAN2626000CE,0.1077957684776191
12-01-2026 15:00||NIFTY27JAN2626100CE,0.1065616226564487
12-01-2026 15:05||NIFTY27JAN2623800PE,0.1930236700868489
12-01-2026 15:05||NIFTY27JAN2624200PE,0.1720632072832466
12-01-2026 15:05||NIFTY27JAN2624300PE,0.1656901525967951
12-01-2026 15:05||NIFTY27JAN2624900PE,0.1296324510545664
12-01-2026 15:05||NIFTY27JAN2625900CE,0.1074142616449589
12-01-2026 15:05||NIFTY27JAN2626200CE,0.1046583806155305
12-01-2026 15:10||NIFTY27JAN2624000PE,0.183563301437279
12-01-2026 15:10||NIFTY27JAN2624500PE,0.152522328654803
12-01-2026 15:10||NIFTY27JAN2624600PE,0.1462650786214382
12-01-2026 15:10||NIFTY27JAN2625200CE,0.1371087290768144
12-01-2026 15:10||NIFTY27JAN2625600CE,0.1128568967889888
12-01-2026 15:10||NIFTY27JAN2625900CE,0.1061381889721186
12-01-2026 15:10||NIFTY27JAN2626200CE,0.1032073957526603
12-01-2026 15:10||NIFTY27JAN2626300CE,0.1033981105065632
12-01-2026 15:10||NIFTY27JAN2626400CE,0.1043372583786816
12-01-2026 15:15||NIFTY27JAN2623900PE,0.1910840320052801
12-01-2026 15:15||NIFTY27JAN2624000PE,0.1853939579686543
12-01-2026 15:15||NIFTY27JAN2624500PE,0.1533875735153989
12-01-2026 15:15||NIFTY27JAN2624900PE,0.1295019017716391
12-01-2026 15:15||NIFTY27JAN2625200CE,0.141359102415141
12-01-2026 15:15||NIFTY27JAN2625400CE,0.1276819294796873
12-01-2026 15:15||NIFTY27JAN2625500CE,0.1221154372865431
12-01-2026 15:20||NIFTY27JAN2624100PE,0.1808584189683526
12-01-2026 15:20||NIFTY27JAN2624200PE,0.174566068796151
12-01-2026 15:20||NIFTY27JAN2624400PE,0.1615255322281612
12-01-2026 15:20||NIFTY27JAN2624500PE,0.1549917814488038
12-01-2026 15:20||NIFTY27JAN2625000PE,0.124271157947347
12-01-2026 15:20||NIFTY27JAN2625200CE,0.1411028759584046
12-01-2026 15:20||NIFTY27JAN2625300CE,0.1346037373351915
12-01-2026 15:20||NIFTY27JAN2626200CE,0.1045399761518705
12-01-2026 15:20||NIFTY27JAN2626300CE,0.104477370284945
12-01-2026 15:25||NIFTY27JAN2624200PE,0.1746485013780551
12-01-2026 15:25||NIFTY27JAN2624600PE,0.1488624581287937
12-01-2026 15:25||NIFTY27JAN2625400CE,0.1186085413891924
12-01-2026 15:25||NIFTY27JAN2625500CE,0.1145310686045833
12-01-2026 15:25||NIFTY27JAN2625700CE,0.108585788224038
13-01-2026 09:15||NIFTY27JAN2624000PE,0.1890502030021195
13-01-2026 09:15||NIFTY27JAN2624700PE,0.1441523417013708
13-01-2026 09:15||NIFTY27JAN2625500CE,0.1014877107533601
13-01-2026 09:15||NIFTY27JAN2625600CE,0.102700449800434
13-01-2026 09:15||NIFTY27JAN2625800CE,0.1001431938274282
13-01-2026 09:15||NIFTY27JAN2625900CE,0.0992554857040897
13-01-2026 09:15||NIFTY27JAN2626100CE,0.0981491764725608
13-01-2026 09:20||NIFTY27JAN2623800PE,0.2018248076752424
13-01-2026 09:20||NIFTY27JAN2624500PE,0.1558512522778745
13-01-2026 09:20||NIFTY27JAN2624600PE,0.149298758817673
13-01-2026 09:20||NIFTY27JAN2624800PE,0.1371675548320558
13-01-2026 09:25||NIFTY27JAN2623800PE,0.1995546477475405
13-01-2026 09:25||NIFTY27JAN2624200PE,0.1764307925917204
13-01-2026 09:25||NIFTY27JAN2624400PE,0.1647267926557324
13-01-2026 09:25||NIFTY27JAN2624600PE,0.1535864416319693
13-01-2026 09:25||NIFTY27JAN2624800PE,0.1429859854436214
13-01-2026 09:25||NIFTY27JAN2625300CE,0.0788583524592233
13-01-2026 09:25||NIFTY27JAN2625500CE,0.0846562851562933
13-01-2026 09:30||NIFTY27JAN2624500PE,0.1553503114040782
13-01-2026 09:30||NIFTY27JAN2625300CE,0.097046065403392
13-01-2026 09:30||NIFTY27JAN2625500CE,0.0987125257650609
13-01-2026 09:30||NIFTY27JAN2625700CE,0.0988521295710689
13-01-2026 09:30||NIFTY27JAN2626000CE,0.0997454837451391
13-01-2026 09:30||NIFTY27JAN2626200CE,0.1009387018670254
13-01-2026 09:35||NIFTY27JAN2624000PE,0.1857600554954681
13-01-2026 09:35||NIFTY27JAN2625000PE,0.1255580549329584
13-01-2026 09:35||NIFTY27JAN2625300CE,0.1142572692207335
13-01-2026 09:35||NIFTY27JAN2625700CE,0.107171558205858
13-01-2026 09:35||NIFTY27JAN2625800CE,0.1065120844483572
13-01-2026 09:40||NIFTY27JAN2625200CE,0.1182570647880272
13-01-2026 09:40||NIFTY27JAN2625400CE,0.1141618511819967
13-01-2026 09:40||NIFTY27JAN2625600CE,0.1102854523784654
13-01-2026 09:45||NIFTY27JAN2623800PE,0.1930040034583488
13-01-2026 09:45||NIFTY27JAN2624500PE,0.1532332462764911
13-01-2026 09:45||NIFTY27JAN2625400CE,0.1003790544149919
13-01-2026 09:45||NIFTY27JAN2625800CE,0.0985944803789005
13-01-2026 09:45||NIFTY27JAN2625900CE,0.0989565484987062
13-01-2026 09:50||NIFTY27JAN2623900PE,0.1913280296464437
13-01-2026 09:50||NIFTY27JAN2624500PE,0.1528787450146385
13-01-2026 09:50||NIFTY27JAN2624600PE,0.1467864387419656
13-01-2026 09:50||NIFTY27JAN2625000PE,0.1251935248643931
13-01-2026 09:50||NIFTY27JAN2625100PE,0.1202258188660835
13-01-2026 09:50||NIFTY27JAN2626300CE,0.105333157571164
13-01-2026 09:55||NIFTY27JAN2624100PE,0.1783880786462815
13-01-2026 09:55||NIFTY27JAN2624200PE,0.1719365582377671
13-01-2026 09:55||NIFTY27JAN2624300PE,0.1652759040978222
13-01-2026 09:55||NIFTY27JAN2624700PE,0.1411725455852509
13-01-2026 09:55||NIFTY27JAN2625600CE,0.1047141781060196
13-01-2026 10:00||NIFTY27JAN2624200PE,0.169636355061868
13-01-2026 10:00||NIFTY27JAN2626300CE,0.111531006271865
13-01-2026 10:00||NIFTY27JAN2626500CE,0.1138384924756363
13-01-2026 10:05||NIFTY27JAN2624000PE,0.1820357297915592
13-01-2026 10:05||NIFTY27JAN2624800PE,0.1340102721103717
13-01-2026 10:05||NIFTY27JAN2626400CE,0.1095689612949585
13-01-2026 10:10||NIFTY27JAN2624100PE,0.179617886821415
13-01-2026 10:10||NIFTY27JAN2624200PE,0.1729694220561531
13-01-2026 10:10||NIFTY27JAN2624500PE,0.1536273797250418
13-01-2026 10:10||NIFTY27JAN2624700PE,0.1418492409191372
13-01-2026 10:10||NIFTY27JAN2625100PE,0.1239022021119656
13-01-2026 10:10||NIFTY27JAN2625800CE,0.1013607011436959
13-01-2026 10:15||NIFTY27JAN2624500PE,0.1527635972973191
13-01-2026 10:15||NIFTY27JAN2624800PE,0.1356936188939375
13-01-2026 10:15||NIFTY27JAN2624900PE,0.1308382693021825
13-01-2026 10:15||NIFTY27JAN2625100PE,0.1222126437596418
13-01-2026 10:15||NIFTY27JAN2625800CE,0.1021631229068094
13-01-2026 10:20||NIFTY27JAN2623900PE,0.1909899968930841
13-01-2026 10:20||NIFTY27JAN2624100PE,0.1785633125463605
13-01-2026 10:20||NIFTY27JAN2625300CE,0.1175732625565475
13-01-2026 10:20||NIFTY27JAN2625700CE,0.1056938886312005
13-01-2026 10:20||NIFTY27JAN2626500CE,0.1081750615668708
13-01-2026 10:25||NIFTY27JAN2623900PE,0.1918619283374722
13-01-2026 10:25||NIFTY27JAN2624200PE,0.1725892283107471
13-01-2026 10:25||NIFTY27JAN2624500PE,0.1518985667400916
13-01-2026 10:25||NIFTY27JAN2624700PE,0.1391714479761739
13-01-2026 10:25||NIFTY27JAN2625100PE,0.118204091459809
13-01-2026 10:25||NIFTY27JAN2625700CE,0.1141838883051663
13-01-2026 10:30||NIFTY27JAN2623800PE,0.1988628243343511
13-01-2026 10:30||NIFTY27JAN2624400PE,0.1617962747948964
13-01-2026 10:30||NIFTY27JAN2624600PE,0.1490187914230593
13-01-2026 10:30||NIFTY27JAN2624700PE,0.1430472216338542
13-01-2026 10:30||NIFTY27JAN2624900PE,0.1316007788188976
13-01-2026 10:30||NIFTY27JAN2625300CE,0.1180420632999221
13-01-2026 10:30||NIFTY27JAN2625900CE,0.1024306536252673
13-01-2026 10:30||NIFTY27JAN2626000CE,0.101626030236372
13-01-2026 10:30||NIFTY27JAN2626100CE,0.1011629093112501
13-01-2026 10:30||NIFTY27JAN2626400CE,0.1035488611646535
13-01-2026 10:35||NIFTY27JAN2623800PE,0.2026953583863572
13-01-2026 10:35||NIFTY27JAN2623900PE,0.1950453001905741
13-01-2026 10:35||NIFTY27JAN2624300PE,0.1675310256886656
13-01-2026 10:35||NIFTY27JAN2624600PE,0.1487061662634757
13-01-2026 10:35||NIFTY27JAN2625000PE,0.1263698648123534
13-01-2026 10:35||NIFTY27JAN2626000CE,0.1015908265648577
13-01-2026 10:35||NIFTY27JAN2626100CE,0.1015791338592427
13-01-2026 10:40||NIFTY27JAN2623900PE,0.1925298806179277
13-01-2026 10:40||NIFTY27JAN2624000PE,0.1864454827813067
13-01-2026 10:40||NIFTY27JAN2624400PE,0.1603748355703317
13-01-2026 10:40||NIFTY27JAN2624500PE,0.1540159300541925
13-01-2026 10:40||NIFTY27JAN2624800PE,0.136310174161323
13-01-2026 10:40||NIFTY27JAN2626300CE,0.1034034644174652
13-01-2026 10:45||NIFTY27JAN2623900PE,0.1909120964071414
13-01-2026 10:45||NIFTY27JAN2624900PE,0.1284244156225767
13-01-2026 10:45||NIFTY27JAN2625200CE,0.1290274116064798
13-01-2026 10:45||NIFTY27JAN2625600CE,0.1080525383420032
13-01-2026 10:50||NIFTY27JAN2624900PE,0.130659668373834
13-01-2026 10:50||NIFTY27JAN2625000PE,0.125759292995684
13-01-2026 10:50||NIFTY27JAN2625500CE,0.1073296880297644
13-01-2026 10:50||NIFTY27JAN2625600CE,0.103797181682393
13-01-2026 10:50||NIFTY27JAN2625700CE,0.1011019022432627
13-01-2026 10:50||NIFTY27JAN2625900CE,0.098368760012773
13-01-2026 10:55||NIFTY27JAN2624300PE,0.1638104346950228
13-01-2026 10:55||NIFTY27JAN2624400PE,0.1572470998657067
13-01-2026 10:55||NIFTY27JAN2625200CE,0.1357455067714008
13-01-2026 10:55||NIFTY27JAN2625700CE,0.1097428695248782
13-01-2026 10:55||NIFTY27JAN2626400CE,0.1061391469998061
13-01-2026 11:00||NIFTY27JAN2623900PE,0.1899239786828834
13-01-2026 11:00||NIFTY27JAN2624200PE,0.1711893518103137
13-01-2026 11:00||NIFTY27JAN2625000PE,0.1241614405897201
13-01-2026 11:00||NIFTY27JAN2625700CE,0.1024891757145923
13-01-2026 11:00||NIFTY27JAN2625800CE,0.101754545592356
13-01-2026 11:00||NIFTY27JAN2626400CE,0.103499246610445
13-01-2026 11:05||NIFTY27JAN2624100PE,0.1764697135524182
13-01-2026 11:05||NIFTY27JAN2624800PE,0.1326378249595685
13-01-2026 11:05||NIFTY27JAN2625100PE,0.1181820925030786
13-01-2026 11:05||NIFTY27JAN2625800CE,0.1090641777111793
13-01-2026 11:10||NIFTY27JAN2623900PE,0.1896329182910043
13-01-2026 11:10||NIFTY27JAN2624800PE,0.1340518771844545
13-01-2026 11:10||NIFTY27JAN2624900PE,0.129221400593756
13-01-2026 11:10||NIFTY27JAN2625000PE,0.124702008628089
13-01-2026 11:10||NIFTY27JAN2625100PE,0.1203854007554817
13-01-2026 11:10||NIFTY27JAN2625900CE,0.1031341885370246
13-01-2026 11:10||NIFTY27JAN2626400CE,0.1035149369196343
13-01-2026 11:15||NIFTY27JAN2624500PE,0.1508886600506586
13-01-2026 11:15||NIFTY27JAN2625100PE,0.119584807431698
13-01-2026 11:15||NIFTY27JAN2625200CE,0.1146009220822679
13-01-2026 11:15||NIFTY27JAN2625300CE,0.1127559690098318
13-01-2026 11:20||NIFTY27JAN2624900PE,0.128081177645219
13-01-2026 11:20||NIFTY27JAN2626100CE,0.1009316721418819
13-01-2026 11:25||NIFTY27JAN2624000PE,0.1825438891547207
13-01-2026 11:25||NIFTY27JAN2624500PE,0.1497974032490655
13-01-2026 11:25||NIFTY27JAN2624800PE,0.1323240254164961
13-01-2026 11:25||NIFTY27JAN2625600CE,0.1104847247495395
13-01-2026 11:25||NIFTY27JAN2626000CE,0.1027516757600415
13-01-2026 11:25||NIFTY27JAN2626200CE,0.1017402520996812
13-01-2026 11:25||NIFTY27JAN2626400CE,0.1034000888850024
13-01-2026 11:30||NIFTY27JAN2625100PE,0.1176022429597425
13-01-2026 11:30||NIFTY27JAN2625500CE,0.1151014533620907
13-01-2026 11:30||NIFTY27JAN2625800CE,0.107189889049184
13-01-2026 11:30||NIFTY27JAN2625900CE,0.105349951754894
13-01-2026 11:35||NIFTY27JAN2623800PE,0.1974883922064937
13-01-2026 11:35||NIFTY27JAN2623900PE,0.1908590184397773
13-01-2026 11:35||NIFTY27JAN2624100PE,0.1774995323637301
13-01-2026 11:35||NIFTY27JAN2624900PE,0.1290606091978568
13-01-2026 11:35||NIFTY27JAN2625300CE,0.1107948725413654
13-01-2026 11:35||NIFTY27JAN2626000CE,0.0994136941695138
13-01-2026 11:35||NIFTY27JAN2626300CE,0.0999453712279906
13-01-2026 11:35||NIFTY27JAN2626500CE,0.1023096112486098
13-01-2026 11:40||NIFTY27JAN2623800PE,0.1925236782276693
13-01-2026 11:40||NIFTY27JAN2624500PE,0.1515478323005601
13-01-2026 11:40||NIFTY27JAN2624900PE,0.1297577651012872
13-01-2026 11:40||NIFTY27JAN2625300CE,0.0993355905815533
13-01-2026 11:40||NIFTY27JAN2625400CE,0.0983552990189846
13-01-2026 11:45||NIFTY27JAN2623800PE,0.1917882446937552
13-01-2026 11:45||NIFTY27JAN2625000PE,0.1221027032544004
13-01-2026 11:45||NIFTY27JAN2625400CE,0.1118900633354696
13-01-2026 11:45||NIFTY27JAN2625800CE,0.1036334177212812
13-01-2026 11:45||NIFTY27JAN2626200CE,0.1009470744731729
13-01-2026 11:45||NIFTY27JAN2626300CE,0.1016881090724132
13-01-2026 11:45||NIFTY27JAN2626400CE,0.1030991334685128
13-01-2026 11:50||NIFTY27JAN2624000PE,0.1807734343580908
13-01-2026 11:50||NIFTY27JAN2624300PE,0.1624191265993516
13-01-2026 11:50||NIFTY27JAN2625100PE,0.1200401400761498
13-01-2026 11:50||NIFTY27JAN2626200CE,0.0979969366102433
13-01-2026 11:50||NIFTY27JAN2626300CE,0.0990649796371101
13-01-2026 11:55||NIFTY27JAN2624300PE,0.1606572206345292
13-01-2026 11:55||NIFTY27JAN2624800PE,0.1314060417088456
13-01-2026 11:55||NIFTY27JAN2625000PE,0.1218110712293717
13-01-2026 11:55||NIFTY27JAN2625400CE,0.10897521504355
13-01-2026 11:55||NIFTY27JAN2625500CE,0.105673006129616
13-01-2026 12:00||NIFTY27JAN2624500PE,0.1474674321319364
13-01-2026 12:00||NIFTY27JAN2625000PE,0.1210282880863097
13-01-2026 12:00||NIFTY27JAN2625900CE,0.1021685776363496
13-01-2026 12:05||NIFTY27JAN2623800PE,0.1918716583138103
13-01-2026 12:05||NIFTY27JAN2624500PE,0.1464573165379638
13-01-2026 12:05||NIFTY27JAN2624700PE,0.1348815107484601
13-01-2026 12:05||NIFTY27JAN2625000PE,0.119636747404031
13-01-2026 12:05||NIFTY27JAN2625300CE,0.1125384012438162
13-01-2026 12:05||NIFTY27JAN2625800CE,0.1048201037131101
13-01-2026 12:10||NIFTY27JAN2624500PE,0.1477442152507416
13-01-2026 12:10||NIFTY27JAN2625000PE,0.1223373609316245
13-01-2026 12:10||NIFTY27JAN2625200CE,0.1159614434196587
13-01-2026 12:10||NIFTY27JAN2625500CE,0.0999139543109574
13-01-2026 12:10||NIFTY27JAN2625600CE,0.0996032844845667
13-01-2026 12:15||NIFTY27JAN2624200PE,0.1654634342762745
13-01-2026 12:15||NIFTY27JAN2624300PE,0.1591532259049651
13-01-2026 12:15||NIFTY27JAN2625300CE,0.1154209800348715
13-01-2026 12:15||NIFTY27JAN2625800CE,0.1062800473789155
13-01-2026 12:15||NIFTY27JAN2626500CE,0.1077139014735001
13-01-2026 12:20||NIFTY27JAN2624100PE,0.1712818220082758
13-01-2026 12:20||NIFTY27JAN2624700PE,0.136116091225756
13-01-2026 12:20||NIFTY27JAN2625100PE,0.1181047752761008
13-01-2026 12:20||NIFTY27JAN2625700CE,0.1019560861450162
13-01-2026 12:25||NIFTY27JAN2623800PE,0.1865180851227171
13-01-2026 12:25||NIFTY27JAN2624200PE,0.1644352541363576
13-01-2026 12:25||NIFTY27JAN2624300PE,0.1580213218476931
13-01-2026 12:25||NIFTY27JAN2624500PE,0.1451293646119084
13-01-2026 12:25||NIFTY27JAN2625700CE,0.1111556796032414
13-01-2026 12:30||NIFTY27JAN2623900PE,0.1829529856331646
13-01-2026 12:30||NIFTY27JAN2624000PE,0.1767640913126036
13-01-2026 12:30||NIFTY27JAN2624100PE,0.1706477032648996
13-01-2026 12:30||NIFTY27JAN2624400PE,0.1528644246126415
13-01-2026 12:30||NIFTY27JAN2624700PE,0.1357299428341908
13-01-2026 12:30||NIFTY27JAN2624900PE,0.1255987059830765
13-01-2026 12:30||NIFTY27JAN2626000CE,0.1004162076074629
13-01-2026 12:30||NIFTY27JAN2626400CE,0.104854077824268
13-01-2026 12:35||NIFTY27JAN2624200PE,0.1637476306363719
13-01-2026 12:35||NIFTY27JAN2624300PE,0.1578980715502125
13-01-2026 12:35||NIFTY27JAN2624600PE,0.1404156868793789
13-01-2026 12:35||NIFTY27JAN2624800PE,0.1292094400794853
13-01-2026 12:35||NIFTY27JAN2625100PE,0.116288074349809
13-01-2026 12:35||NIFTY27JAN2625900CE,0.1024094492312001
13-01-2026 12:35||NIFTY27JAN2626100CE,0.1024089282808088
13-01-2026 12:35||NIFTY27JAN2626400CE,0.1058626524999278
13-01-2026 12:40||NIFTY27JAN2624100PE,0.1696368753970413
13-01-2026 12:40||NIFTY27JAN2624300PE,0.1576632937343027
13-01-2026 12:40||NIFTY27JAN2624600PE,0.1404028382751512
13-01-2026 12:40||NIFTY27JAN2624700PE,0.1348410227429868
13-01-2026 12:40||NIFTY27JAN2625100PE,0.1171001821717248
13-01-2026 12:40||NIFTY27JAN2626500CE,0.107015904229003
13-01-2026 12:45||NIFTY27JAN2625300CE,0.099604345089303
13-01-2026 12:45||NIFTY27JAN2626200CE,0.1014396765636733
13-01-2026 12:50||NIFTY27JAN2623900PE,0.1812319341848623
13-01-2026 12:50||NIFTY27JAN2624100PE,0.16933191367347
13-01-2026 12:50||NIFTY27JAN2624600PE,0.1401821960862647
13-01-2026 12:50||NIFTY27JAN2625400CE,0.1066759132041892
13-01-2026 12:50||NIFTY27JAN2625500CE,0.1053670147043892
13-01-2026 12:55||NIFTY27JAN2624000PE,0.1741674758167129
13-01-2026 12:55||NIFTY27JAN2624300PE,0.15663560330406
13-01-2026 12:55||NIFTY27JAN2624500PE,0.1454393117933759
13-01-2026 12:55||NIFTY27JAN2624700PE,0.1345969301467917
13-01-2026 12:55||NIFTY27JAN2625000PE,0.1207168983093924
13-01-2026 12:55||NIFTY27JAN2625100PE,0.116242797750188
13-01-2026 12:55||NIFTY27JAN2625300CE,0.1117181161475241
13-01-2026 12:55||NIFTY27JAN2625500CE,0.1056536593375797
13-01-2026 12:55||NIFTY27JAN2626200CE,0.1044409203214066
13-01-2026 12:55||NIFTY27JAN2626400CE,0.1080573314641802
13-01-2026 12:55||NIFTY27JAN2626500CE,0.1102053342438548
13-01-2026 13:00||NIFTY27JAN2624000PE,0.1743269072196863
13-01-2026 13:00||NIFTY27JAN2624600PE,0.1391995165426877
13-01-2026 13:00||NIFTY27JAN2624700PE,0.1337595267663081
13-01-2026 13:00||NIFTY27JAN2626400CE,0.1091231062736495
13-01-2026 13:05||NIFTY27JAN2624000PE,0.1749831823052263
13-01-2026 13:05||NIFTY27JAN2624600PE,0.1386883451441771
13-01-2026 13:05||NIFTY27JAN2625200CE,0.1206901009468167
13-01-2026 13:05||NIFTY27JAN2625700CE,0.107591570896598
13-01-2026 13:05||NIFTY27JAN2626500CE,0.1141699150927629
13-01-2026 13:10||NIFTY27JAN2623900PE,0.183434631409141
13-01-2026 13:10||NIFTY27JAN2624400PE,0.1519763331062683
13-01-2026 13:10||NIFTY27JAN2624500PE,0.1460361209594001
13-01-2026 13:10||NIFTY27JAN2624700PE,0.1348546386177226
13-01-2026 13:10||NIFTY27JAN2625000PE,0.120874770792522
13-01-2026 13:10||NIFTY27JAN2625600CE,0.1038140705353898
13-01-2026 13:10||NIFTY27JAN2626000CE,0.102012466379448
13-01-2026 13:10||NIFTY27JAN2626400CE,0.1080556946633764
13-01-2026 13:10||NIFTY27JAN2626500CE,0.1103886345483172
13-01-2026 13:15||NIFTY27JAN2623800PE,0.1880515569677144
13-01-2026 13:15||NIFTY27JAN2624000PE,0.1763058773390829
13-01-2026 13:15||NIFTY27JAN2624100PE,0.1702229333297399
13-01-2026 13:15||NIFTY27JAN2624700PE,0.1343360594103101
13-01-2026 13:15||NIFTY27JAN2625000PE,0.1199409966710491
13-01-2026 13:15||NIFTY27JAN2625800CE,0.1065257246497605
13-01-2026 13:15||NIFTY27JAN2626100CE,0.1053302324529832
13-01-2026 13:15||NIFTY27JAN2626200CE,0.1062569189892181
13-01-2026 13:15||NIFTY27JAN2626300CE,0.1080474698755899
13-01-2026 13:20||NIFTY27JAN2624300PE,0.158001143870274
13-01-2026 13:20||NIFTY27JAN2624400PE,0.1517201175206914
13-01-2026 13:20||NIFTY27JAN2624800PE,0.1285908679492083
13-01-2026 13:20||NIFTY27JAN2625000PE,0.1193893471885522
13-01-2026 13:20||NIFTY27JAN2625300CE,0.1170095603565006
13-01-2026 13:20||NIFTY27JAN2625400CE,0.1138967259778424
13-01-2026 13:20||NIFTY27JAN2625900CE,0.1047055644493201
13-01-2026 13:20||NIFTY27JAN2626500CE,0.1128321848444777
13-01-2026 13:25||NIFTY27JAN2624000PE,0.1773779185746093
13-01-2026 13:25||NIFTY27JAN2624200PE,0.1647848249382323
13-01-2026 13:25||NIFTY27JAN2624300PE,0.1583964834298177
13-01-2026 13:25||NIFTY27JAN2624600PE,0.1398750645794478
13-01-2026 13:25||NIFTY27JAN2625600CE,0.1044574376396689
13-01-2026 13:25||NIFTY27JAN2626400CE,0.1089673134888416
13-01-2026 13:30||NIFTY27JAN2623800PE,0.1892300426903242
13-01-2026 13:30||NIFTY27JAN2624000PE,0.1763883707005372
13-01-2026 13:30||NIFTY27JAN2624100PE,0.1700763355794837
13-01-2026 13:30||NIFTY27JAN2625500CE,0.1094563785355362
13-01-2026 13:35||NIFTY27JAN2624300PE,0.1590113827388576
13-01-2026 13:35||NIFTY27JAN2624800PE,0.1296493936359738
13-01-2026 13:35||NIFTY27JAN2625700CE,0.1019550441782764
13-01-2026 13:40||NIFTY27JAN2623800PE,0.18991621051768
13-01-2026 13:40||NIFTY27JAN2624400PE,0.14956659623562
13-01-2026 13:40||NIFTY27JAN2624500PE,0.1435199823908505
13-01-2026 13:40||NIFTY27JAN2625500CE,0.1114395408289031
13-01-2026 13:40||NIFTY27JAN2625700CE,0.1077979369022583
13-01-2026 13:40||NIFTY27JAN2625900CE,0.104842820654142
13-01-2026 13:40||NIFTY27JAN2626100CE,0.1041362265184038
13-01-2026 13:45||NIFTY27JAN2624000PE,0.1764222276215148
13-01-2026 13:45||NIFTY27JAN2624100PE,0.169644246637199
13-01-2026 13:45||NIFTY27JAN2625100PE,0.116717731504025
13-01-2026 13:45||NIFTY27JAN2625300CE,0.1109845780910452
13-01-2026 13:45||NIFTY27JAN2625800CE,0.1014213033491514
13-01-2026 13:45||NIFTY27JAN2626000CE,0.1010044332950985
13-01-2026 13:50||NIFTY27JAN2624200PE,0.162436815653255
13-01-2026 13:50||NIFTY27JAN2624400PE,0.1497716770769601
13-01-2026 13:50||NIFTY27JAN2624500PE,0.1437710431189642
13-01-2026 13:50||NIFTY27JAN2626000CE,0.1018318850446177
13-01-2026 13:55||NIFTY27JAN2624200PE,0.1623761336466046
13-01-2026 13:55||NIFTY27JAN2624300PE,0.1560027255145248
13-01-2026 13:55||NIFTY27JAN2625000PE,0.118736725195856
13-01-2026 13:55||NIFTY27JAN2625500CE,0.1090661721695639
13-01-2026 13:55||NIFTY27JAN2626000CE,0.1028622457945172
13-01-2026 14:00||NIFTY27JAN2623900PE,0.1806497296720003
13-01-2026 14:00||NIFTY27JAN2624000PE,0.1743231203962807
13-01-2026 14:00||NIFTY27JAN2624100PE,0.1681224883199788
13-01-2026 14:00||NIFTY27JAN2624600PE,0.1388811429349873
13-01-2026 14:00||NIFTY27JAN2625300CE,0.1048457964928274
13-01-2026 14:00||NIFTY27JAN2625700CE,0.1015642374338782
13-01-2026 14:05||NIFTY27JAN2623900PE,0.180185482866774
13-01-2026 14:05||NIFTY27JAN2624200PE,0.1615014904311933
13-01-2026 14:05||NIFTY27JAN2624500PE,0.1433100723684497
13-01-2026 14:05||NIFTY27JAN2625700CE,0.1039973976941826
13-01-2026 14:05||NIFTY27JAN2626300CE,0.1061924011429308
13-01-2026 14:05||NIFTY27JAN2626500CE,0.1116840914719197
13-01-2026 14:10||NIFTY27JAN2624300PE,0.154804706318613
13-01-2026 14:10||NIFTY27JAN2624700PE,0.1321753249107204
13-01-2026 14:10||NIFTY27JAN2625200CE,0.1029244315795593
13-01-2026 14:10||NIFTY27JAN2625400CE,0.1036785097052462
13-01-2026 14:10||NIFTY27JAN2626100CE,0.1010309450534671
13-01-2026 14:15||NIFTY27JAN2623800PE,0.1830579669434205
13-01-2026 14:15||NIFTY27JAN2624800PE,0.1253149737279805
13-01-2026 14:15||NIFTY27JAN2626200CE,0.103673168222867
13-01-2026 14:20||NIFTY27JAN2624000PE,0.1714666363711806
13-01-2026 14:20||NIFTY27JAN2624400PE,0.1476049667140354
13-01-2026 14:20||NIFTY27JAN2624800PE,0.1265452884748468
13-01-2026 14:20||NIFTY27JAN2624900PE,0.1220573368013679
13-01-2026 14:20||NIFTY27JAN2625200CE,0.1106571499443889
13-01-2026 14:20||NIFTY27JAN2625800CE,0.0992302576605298
13-01-2026 14:25||NIFTY27JAN2624000PE,0.1711299378261394
13-01-2026 14:25||NIFTY27JAN2624100PE,0.1648924267227999
13-01-2026 14:25||NIFTY27JAN2624200PE,0.1586913220050439
13-01-2026 14:25||NIFTY27JAN2624500PE,0.1410755188344944
13-01-2026 14:25||NIFTY27JAN2624600PE,0.1355131898619651
13-01-2026 14:25||NIFTY27JAN2625600CE,0.1032860406282711
13-01-2026 14:25||NIFTY27JAN2626000CE,0.1014888901150631
13-01-2026 14:25||NIFTY27JAN2626200CE,0.1037884120434151
13-01-2026 14:30||NIFTY27JAN2624500PE,0.1394194310848578
13-01-2026 14:30||NIFTY27JAN2624600PE,0.1338005161196389
13-01-2026 14:30||NIFTY27JAN2624900PE,0.1189936745346908
13-01-2026 14:30||NIFTY27JAN2625100PE,0.1107683091003131
13-01-2026 14:30||NIFTY27JAN2625600CE,0.1113884295861605
13-01-2026 14:35||NIFTY27JAN2623800PE,0.1815549663971717
13-01-2026 14:35||NIFTY27JAN2624200PE,0.1584137609665558
13-01-2026 14:35||NIFTY27JAN2625100PE,0.1113713223068976
13-01-2026 14:35||NIFTY27JAN2625400CE,0.1167196080367056
13-01-2026 14:35||NIFTY27JAN2626300CE,0.1073920337660342
13-01-2026 14:35||NIFTY27JAN2626500CE,0.1128513672206318
13-01-2026 14:40||NIFTY27JAN2624500PE,0.1412930774183987
13-01-2026 14:40||NIFTY27JAN2624600PE,0.1354929400350416
13-01-2026 14:40||NIFTY27JAN2624800PE,0.1245672292939964
13-01-2026 14:40||NIFTY27JAN2625300CE,0.1214365984148212
13-01-2026 14:40||NIFTY27JAN2625600CE,0.1104000326655904
13-01-2026 14:40||NIFTY27JAN2625800CE,0.1061811376726189
13-01-2026 14:45||NIFTY27JAN2625100PE,0.1141600617640299
13-01-2026 14:45||NIFTY27JAN2626000CE,0.100162060558921
13-01-2026 14:45||NIFTY27JAN2626100CE,0.1004000455254877
13-01-2026 14:45||NIFTY27JAN2626500CE,0.1091206306059244
13-01-2026 14:50||NIFTY27JAN2624400PE,0.1483194952812849
13-01-2026 14:50||NIFTY27JAN2624500PE,0.1420973058717688
13-01-2026 14:55||NIFTY27JAN2623800PE,0.189560044617491
13-01-2026 14:55||NIFTY27JAN2623900PE,0.1827912675202883
13-01-2026 14:55||NIFTY27JAN2624100PE,0.169555275384743
13-01-2026 14:55||NIFTY27JAN2624400PE,0.1505159269668905
13-01-2026 14:55||NIFTY27JAN2624500PE,0.1442842732966695
13-01-2026 14:55||NIFTY27JAN2624800PE,0.1275823862237331
13-01-2026 14:55||NIFTY27JAN2624900PE,0.1227519704985288
13-01-2026 14:55||NIFTY27JAN2625100PE,0.113709770759474
13-01-2026 14:55||NIFTY27JAN2625700CE,0.1009299154439064
13-01-2026 14:55||NIFTY27JAN2625900CE,0.098299117735068
13-01-2026 14:55||NIFTY27JAN2626400CE,0.1030576039868983
13-01-2026 15:00||NIFTY27JAN2623900PE,0.1842884487062865
13-01-2026 15:00||NIFTY27JAN2624500PE,0.1469122048491481
13-01-2026 15:00||NIFTY27JAN2624600PE,0.1410674005452867
13-01-2026 15:00||NIFTY27JAN2625100PE,0.1172235463644714
13-01-2026 15:00||NIFTY27JAN2625700CE,0.0894965183785519
13-01-2026 15:00||NIFTY27JAN2626200CE,0.0933592156362669
13-01-2026 15:05||NIFTY27JAN2624000PE,0.1746348001779645
13-01-2026 15:05||NIFTY27JAN2624500PE,0.1424850063174655
13-01-2026 15:05||NIFTY27JAN2624900PE,0.1203232828144084
13-01-2026 15:05||NIFTY27JAN2625400CE,0.1139741430772919
13-01-2026 15:05||NIFTY27JAN2625700CE,0.1052998233077005
13-01-2026 15:05||NIFTY27JAN2625800CE,0.1030103743795533
13-01-2026 15:05||NIFTY27JAN2626000CE,0.1005519443602229
13-01-2026 15:05||NIFTY27JAN2626100CE,0.1002930123721187
13-01-2026 15:05||NIFTY27JAN2626500CE,0.10727138481431
13-01-2026 15:10||NIFTY27JAN2624000PE,0.1769343692489172
13-01-2026 15:10||NIFTY27JAN2624200PE,0.1642927080661375
13-01-2026 15:10||NIFTY27JAN2624400PE,0.1516555318377926
13-01-2026 15:10||NIFTY27JAN2624900PE,0.1237973664992606
13-01-2026 15:10||NIFTY27JAN2625300CE,0.09583806205663
13-01-2026 15:10||NIFTY27JAN2625600CE,0.0943276964133299
13-01-2026 15:10||NIFTY27JAN2626200CE,0.0950849406042582
13-01-2026 15:15||NIFTY27JAN2623800PE,0.1847053539286211
13-01-2026 15:15||NIFTY27JAN2624200PE,0.1652090650402201
13-01-2026 15:15||NIFTY27JAN2624600PE,0.1406600239630239
13-01-2026 15:15||NIFTY27JAN2624700PE,0.1351247843585465
13-01-2026 15:15||NIFTY27JAN2625700CE,0.0922640257054611
13-01-2026 15:15||NIFTY27JAN2626000CE,0.0922362502632628
13-01-2026 15:15||NIFTY27JAN2626300CE,0.0963700246982313
13-01-2026 15:15||NIFTY27JAN2626500CE,0.1023787598175104
13-01-2026 15:20||NIFTY27JAN2623900PE,0.1826568516077006
13-01-2026 15:20||NIFTY27JAN2624300PE,0.158390499007768
13-01-2026 15:20||NIFTY27JAN2624800PE,0.1282336919245287
13-01-2026 15:20||NIFTY27JAN2625300CE,0.1032524759996768
13-01-2026 15:20||NIFTY27JAN2625600CE,0.0982002265163754
13-01-2026 15:20||NIFTY27JAN2626200CE,0.0965308455346308
13-01-2026 15:25||NIFTY27JAN2624500PE,0.1461291288775157
13-01-2026 15:25||NIFTY27JAN2624700PE,0.1347896536673692
13-01-2026 15:25||NIFTY27JAN2624900PE,0.1244167098419414
13-01-2026 15:25||NIFTY27JAN2626000CE,0.0933444865675106
14-01-2026 09:15||NIFTY27JAN2624300PE,0.1622528352969048
14-01-2026 09:15||NIFTY27JAN2624400PE,0.1557086525167622
14-01-2026 09:15||NIFTY27JAN2625300CE,0.1300551498154473
14-01-2026 09:15||NIFTY27JAN2626100CE,0.100858506440893
14-01-2026 09:15||NIFTY27JAN2626500CE,0.1095278700977357
14-01-2026 09:20||NIFTY27JAN2624100PE,0.1766489879621261
14-01-2026 09:25||NIFTY27JAN2624000PE,0.1829998545351078
14-01-2026 09:25||NIFTY27JAN2624200PE,0.1699272339886489
14-01-2026 09:25||NIFTY27JAN2624700PE,0.1368942451119378
14-01-2026 09:25||NIFTY27JAN2625300CE,0.1253413878134296
14-01-2026 09:25||NIFTY27JAN2626500CE,0.1087327225153378
14-01-2026 09:30||NIFTY27JAN2623800PE,0.197182765183022
14-01-2026 09:30||NIFTY27JAN2624000PE,0.185354609378408
14-01-2026 09:30||NIFTY27JAN2624600PE,0.146103499958316
14-01-2026 09:30||NIFTY27JAN2624700PE,0.1399062177971556
14-01-2026 09:30||NIFTY27JAN2626200CE,0.0974329780277471
14-01-2026 09:30||NIFTY27JAN2626500CE,0.1051353066433001
14-01-2026 09:35||NIFTY27JAN2624000PE,0.1843573829322377
14-01-2026 09:35||NIFTY27JAN2625500CE,0.1035939965417502
14-01-2026 09:35||NIFTY27JAN2626400CE,0.102436778788681
14-01-2026 09:40||NIFTY27JAN2623800PE,0.1938115821767449
14-01-2026 09:40||NIFTY27JAN2624000PE,0.1824537902359101
14-01-2026 09:40||NIFTY27JAN2624200PE,0.1698491797765609
14-01-2026 09:40||NIFTY27JAN2624700PE,0.1375797305110705
14-01-2026 09:40||NIFTY27JAN2624800PE,0.1316294942443114
14-01-2026 09:40||NIFTY27JAN2625000PE,0.1205005952634532
14-01-2026 09:40||NIFTY27JAN2625500CE,0.0992395317028375
14-01-2026 09:40||NIFTY27JAN2625800CE,0.0965263588626063
14-01-2026 09:45||NIFTY27JAN2624300PE,0.1623401086984551
14-01-2026 09:45||NIFTY27JAN2624400PE,0.1557116087453097
14-01-2026 09:45||NIFTY27JAN2624500PE,0.1491312795952759
14-01-2026 09:45||NIFTY27JAN2624600PE,0.1427276396803991
14-01-2026 09:45||NIFTY27JAN2625400CE,0.1061737101233981
14-01-2026 09:50||NIFTY27JAN2623800PE,0.1939260256151104
14-01-2026 09:50||NIFTY27JAN2623900PE,0.1875149219675371
14-01-2026 09:50||NIFTY27JAN2624600PE,0.1413135842878317
14-01-2026 09:50||NIFTY27JAN2625200CE,0.1411860177855205
14-01-2026 09:50||NIFTY27JAN2625300CE,0.1342604239013394
14-01-2026 09:50||NIFTY27JAN2626400CE,0.1080196078952152
14-01-2026 09:55||NIFTY27JAN2624100PE,0.1788917090508002
14-01-2026 09:55||NIFTY27JAN2626000CE,0.0944551745307446
14-01-2026 10:00||NIFTY27JAN2624000PE,0.1822478481691924
14-01-2026 10:00||NIFTY27JAN2624400PE,0.155622091778961
14-01-2026 10:00||NIFTY27JAN2625100PE,0.1155635045807162
14-01-2026 10:00||NIFTY27JAN2625500CE,0.1036638732936109
14-01-2026 10:00||NIFTY27JAN2626100CE,0.0967758412395524
14-01-2026 10:00||NIFTY27JAN2626500CE,0.1048339200005037
14-01-2026 10:05||NIFTY27JAN2624600PE,0.142147701156044
14-01-2026 10:05||NIFTY27JAN2624800PE,0.1299572268474858
14-01-2026 10:05||NIFTY27JAN2625000PE,0.1188145227098134
14-01-2026 10:05||NIFTY27JAN2625300CE,0.1139714899549487
14-01-2026 10:05||NIFTY27JAN2625400CE,0.1087903001488491
14-01-2026 10:05||NIFTY27JAN2626200CE,0.0988102074871451
14-01-2026 10:05||NIFTY27JAN2626300CE,0.1006285798962252
14-01-2026 10:05||NIFTY27JAN2626400CE,0.1031586839716521
14-01-2026 10:10||NIFTY27JAN2624000PE,0.1804718313991224
14-01-2026 10:10||NIFTY27JAN2624200PE,0.1674282052234904
14-01-2026 10:10||NIFTY27JAN2624500PE,0.1475814001771114
14-01-2026 10:10||NIFTY27JAN2624600PE,0.1411947591436246
14-01-2026 10:10||NIFTY27JAN2625400CE,0.1096726200349826
14-01-2026 10:10||NIFTY27JAN2625600CE,0.1034932855119305
14-01-2026 10:10||NIFTY27JAN2626400CE,0.1042924264859054
14-01-2026 10:15||NIFTY27JAN2624100PE,0.1746444506591415
14-01-2026 10:15||NIFTY27JAN2625000PE,0.1192444233946049
14-01-2026 10:15||NIFTY27JAN2625200CE,0.0976223731507018
14-01-2026 10:15||NIFTY27JAN2625600CE,0.0978242197458165
14-01-2026 10:15||NIFTY27JAN2625900CE,0.0955512354240327
14-01-2026 10:20||NIFTY27JAN2624200PE,0.1666731260940766
14-01-2026 10:20||NIFTY27JAN2624700PE,0.1339481863482415
14-01-2026 10:20||NIFTY27JAN2625000PE,0.1173640095888215
14-01-2026 10:20||NIFTY27JAN2625500CE,0.1022042064879772
14-01-2026 10:20||NIFTY27JAN2625600CE,0.1007711547392087
14-01-2026 10:20||NIFTY27JAN2625700CE,0.0990828860174928
14-01-2026 10:20||NIFTY27JAN2625800CE,0.0978187681954264
14-01-2026 10:25||NIFTY27JAN2623800PE,0.1916678105611489
14-01-2026 10:25||NIFTY27JAN2624300PE,0.1598305164703128
14-01-2026 10:25||NIFTY27JAN2625000PE,0.1172731007439781
14-01-2026 10:25||NIFTY27JAN2626100CE,0.0986730664242057
14-01-2026 10:25||NIFTY27JAN2626200CE,0.0999015333829114
14-01-2026 10:25||NIFTY27JAN2626400CE,0.1046978813572812
14-01-2026 10:30||NIFTY27JAN2623900PE,0.1853246276691173
14-01-2026 10:30||NIFTY27JAN2624000PE,0.1794348394775016
14-01-2026 10:30||NIFTY27JAN2624700PE,0.1333576315494349
14-01-2026 10:30||NIFTY27JAN2624800PE,0.1274686203888829
14-01-2026 10:30||NIFTY27JAN2625100PE,0.1128810486466659
14-01-2026 10:30||NIFTY27JAN2625200CE,0.1231360895537415
14-01-2026 10:30||NIFTY27JAN2626500CE,0.1084059203132755
14-01-2026 10:35||NIFTY27JAN2623900PE,0.1870318496675157
14-01-2026 10:35||NIFTY27JAN2624400PE,0.1541233820968202
14-01-2026 10:35||NIFTY27JAN2625600CE,0.0985556208829968
14-01-2026 10:35||NIFTY27JAN2625700CE,0.0973035347840528
14-01-2026 10:35||NIFTY27JAN2626300CE,0.1002334661435178
14-01-2026 10:40||NIFTY27JAN2623800PE,0.1870811009950524
14-01-2026 10:40||NIFTY27JAN2624100PE,0.1737409880818179
14-01-2026 10:40||NIFTY27JAN2625300CE,0.1060967716144719
14-01-2026 10:40||NIFTY27JAN2625600CE,0.0983561758862773
14-01-2026 10:40||NIFTY27JAN2626300CE,0.1004398937094577
14-01-2026 10:40||NIFTY27JAN2626500CE,0.1066446935798447
14-01-2026 10:45||NIFTY27JAN2624000PE,0.1770578420604765
14-01-2026 10:45||NIFTY27JAN2624600PE,0.1380461355959796
14-01-2026 10:45||NIFTY27JAN2624800PE,0.125660601875483
14-01-2026 10:45||NIFTY27JAN2625400CE,0.1200154111274533
14-01-2026 10:50||NIFTY27JAN2624000PE,0.1800045933295361
14-01-2026 10:50||NIFTY27JAN2624300PE,0.1608127615637624
14-01-2026 10:50||NIFTY27JAN2624800PE,0.1282665458412979
14-01-2026 10:50||NIFTY27JAN2625200CE,0.1151175580207872
14-01-2026 10:50||NIFTY27JAN2625400CE,0.1098795479157453
14-01-2026 10:50||NIFTY27JAN2625800CE,0.1003058308178283
14-01-2026 10:55||NIFTY27JAN2624600PE,0.1405388504357232
14-01-2026 10:55||NIFTY27JAN2625000PE,0.1165886224557953
14-01-2026 10:55||NIFTY27JAN2625200CE,0.1248199970701753
14-01-2026 10:55||NIFTY27JAN2626200CE,0.1009366578031828
14-01-2026 10:55||NIFTY27JAN2626300CE,0.1012707571178603
14-01-2026 10:55||NIFTY27JAN2626400CE,0.1026409700147735
14-01-2026 10:55||NIFTY27JAN2626500CE,0.1049887161287882
14-01-2026 11:00||NIFTY27JAN2624100PE,0.1754168619056719
14-01-2026 11:00||NIFTY27JAN2626100CE,0.0992512354271912
14-01-2026 11:00||NIFTY27JAN2626300CE,0.1010503472143698
14-01-2026 11:05||NIFTY27JAN2624000PE,0.1821276969380239
14-01-2026 11:05||NIFTY27JAN2624800PE,0.1307804176430316
14-01-2026 11:05||NIFTY27JAN2625300CE,0.1063918342023029
14-01-2026 11:05||NIFTY27JAN2626000CE,0.0961682667560664
14-01-2026 11:05||NIFTY27JAN2626100CE,0.0963804213612603
14-01-2026 11:05||NIFTY27JAN2626300CE,0.0989492684301929
14-01-2026 11:10||NIFTY27JAN2624000PE,0.1817500314197297
14-01-2026 11:10||NIFTY27JAN2624300PE,0.1622405189436083
14-01-2026 11:10||NIFTY27JAN2624500PE,0.1488133873343946
14-01-2026 11:10||NIFTY27JAN2625200CE,0.1181985192145952
14-01-2026 11:15||NIFTY27JAN2624100PE,0.1759962297393363
14-01-2026 11:15||NIFTY27JAN2624300PE,0.1626562412675362
14-01-2026 11:15||NIFTY27JAN2624400PE,0.1558677329951754
14-01-2026 11:15||NIFTY27JAN2624500PE,0.1492137486968959
14-01-2026 11:15||NIFTY27JAN2624600PE,0.1425341806296119
14-01-2026 11:15||NIFTY27JAN2625500CE,0.1096310774053317
14-01-2026 11:15||NIFTY27JAN2625800CE,0.1011426300304806
14-01-2026 11:15||NIFTY27JAN2626000CE,0.098237850856228
14-01-2026 11:20||NIFTY27JAN2623800PE,0.1981843648627502
14-01-2026 11:20||NIFTY27JAN2623900PE,0.1910622567167474
14-01-2026 11:20||NIFTY27JAN2624600PE,0.1435378737251306
14-01-2026 11:20||NIFTY27JAN2624800PE,0.1311030351514626
14-01-2026 11:20||NIFTY27JAN2625100PE,0.1167158717272657
14-01-2026 11:20||NIFTY27JAN2625300CE,0.111138674639787
14-01-2026 11:20||NIFTY27JAN2625600CE,0.1013531674947605
14-01-2026 11:20||NIFTY27JAN2625800CE,0.097700475602187
14-01-2026 11:25||NIFTY27JAN2623900PE,0.1883749257828459
14-01-2026 11:25||NIFTY27JAN2624700PE,0.1353462901922278
14-01-2026 11:25||NIFTY27JAN2624900PE,0.1232726438838893
14-01-2026 11:25||NIFTY27JAN2625400CE,0.1265754973563175
14-01-2026 11:25||NIFTY27JAN2626200CE,0.1015558166505821
14-01-2026 11:30||NIFTY27JAN2624200PE,0.1717249166041864
14-01-2026 11:30||NIFTY27JAN2624300PE,0.1651265855385696
14-01-2026 11:30||NIFTY27JAN2624400PE,0.1585233213541587
14-01-2026 11:30||NIFTY27JAN2625000PE,0.121494951455477
14-01-2026 11:30||NIFTY27JAN2625300CE,0.1085087025736904
14-01-2026 11:30||NIFTY27JAN2625800CE,0.0975105552516749
14-01-2026 11:30||NIFTY27JAN2626000CE,0.0954700098035169
14-01-2026 11:35||NIFTY27JAN2623900PE,0.1904272584470579
14-01-2026 11:35||NIFTY27JAN2624400PE,0.1572530687612783
14-01-2026 11:35||NIFTY27JAN2624500PE,0.1505507357973928
14-01-2026 11:35||NIFTY27JAN2624700PE,0.1376295265671221
14-01-2026 11:35||NIFTY27JAN2625100PE,0.1159260005923943
14-01-2026 11:35||NIFTY27JAN2625500CE,0.1040646926091735
14-01-2026 11:35||NIFTY27JAN2625700CE,0.0993510949943147
14-01-2026 11:35||NIFTY27JAN2626100CE,0.0961008969902766
14-01-2026 11:40||NIFTY27JAN2623900PE,0.1902632987408381
14-01-2026 11:40||NIFTY27JAN2625500CE,0.1020895593440837
14-01-2026 11:40||NIFTY27JAN2625600CE,0.099346984538774
14-01-2026 11:40||NIFTY27JAN2626500CE,0.1023910509162794
14-01-2026 11:45||NIFTY27JAN2623900PE,0.190249462347381
14-01-2026 11:45||NIFTY27JAN2624300PE,0.163378717866808
14-01-2026 11:45||NIFTY27JAN2624500PE,0.1498401013268067
14-01-2026 11:45||NIFTY27JAN2626400CE,0.1021509408450969
14-01-2026 11:50||NIFTY27JAN2625100PE,0.1159269046165405
14-01-2026 11:50||NIFTY27JAN2625700CE,0.1003804844741072
14-01-2026 11:50||NIFTY27JAN2625800CE,0.0983645243352425
14-01-2026 11:50||NIFTY27JAN2626100CE,0.0957223103729671
14-01-2026 11:55||NIFTY27JAN2624200PE,0.1717312919676924
14-01-2026 11:55||NIFTY27JAN2624400PE,0.1578530314962292
14-01-2026 11:55||NIFTY27JAN2624800PE,0.1318983001475245
14-01-2026 11:55||NIFTY27JAN2625200CE,0.1143268392107757
14-01-2026 11:55||NIFTY27JAN2625600CE,0.101357362826873
14-01-2026 12:00||NIFTY27JAN2623800PE,0.201204151157183
14-01-2026 12:00||NIFTY27JAN2624400PE,0.1589786040162344
14-01-2026 12:00||NIFTY27JAN2624900PE,0.127667085033606
14-01-2026 12:00||NIFTY27JAN2625000PE,0.122708392183454
14-01-2026 12:00||NIFTY27JAN2625100PE,0.1175048668237098
14-01-2026 12:05||NIFTY27JAN2624400PE,0.158747220801001
14-01-2026 12:05||NIFTY27JAN2624600PE,0.1455594282609814
14-01-2026 12:05||NIFTY27JAN2626500CE,0.0980417710851374
14-01-2026 12:10||NIFTY27JAN2624400PE,0.1568370702964558
14-01-2026 12:10||NIFTY27JAN2624600PE,0.1435442828042909
14-01-2026 12:10||NIFTY27JAN2624800PE,0.1313140849745263
14-01-2026 12:10||NIFTY27JAN2624900PE,0.1256484892848534
14-01-2026 12:10||NIFTY27JAN2625100PE,0.1157626424053799
14-01-2026 12:10||NIFTY27JAN2625900CE,0.0919968294016192
14-01-2026 12:10||NIFTY27JAN2626300CE,0.0947740559315772
14-01-2026 12:15||NIFTY27JAN2624200PE,0.1687644060806003
14-01-2026 12:15||NIFTY27JAN2624800PE,0.1284663783582828
14-01-2026 12:15||NIFTY27JAN2626500CE,0.1040794824111701
14-01-2026 12:20||NIFTY27JAN2623800PE,0.1981491371495601
14-01-2026 12:20||NIFTY27JAN2623900PE,0.1914516173654683
14-01-2026 12:20||NIFTY27JAN2625300CE,0.102412655631369
14-01-2026 12:20||NIFTY27JAN2626400CE,0.0973337018827918
14-01-2026 12:25||NIFTY27JAN2624500PE,0.1508956248199394
14-01-2026 12:25||NIFTY27JAN2625400CE,0.0950580814975536
14-01-2026 12:25||NIFTY27JAN2625500CE,0.0945698008444801
14-01-2026 12:25||NIFTY27JAN2625900CE,0.0918662051994303
14-01-2026 12:30||NIFTY27JAN2623900PE,0.1906079400347762
14-01-2026 12:30||NIFTY27JAN2624300PE,0.1640700299937448
14-01-2026 12:30||NIFTY27JAN2624900PE,0.1253229943977344
14-01-2026 12:30||NIFTY27JAN2625800CE,0.0961073030939063
14-01-2026 12:30||NIFTY27JAN2626300CE,0.0957168254534685
14-01-2026 12:30||NIFTY27JAN2626400CE,0.098157663974772
14-01-2026 12:35||NIFTY27JAN2623900PE,0.1911302620521075
14-01-2026 12:35||NIFTY27JAN2625300CE,0.1051870206832916
14-01-2026 12:35||NIFTY27JAN2625500CE,0.0997959457835756
14-01-2026 12:35||NIFTY27JAN2625900CE,0.0939381527402458
14-01-2026 12:45||NIFTY27JAN2625600CE,0.0941634260463294
14-01-2026 12:45||NIFTY27JAN2625700CE,0.0926398529141767
14-01-2026 12:50||NIFTY27JAN2624900PE,0.124253566981932
14-01-2026 12:50||NIFTY27JAN2626300CE,0.0952187650533737
14-01-2026 12:50||NIFTY27JAN2626500CE,0.1005950142472593
14-01-2026 12:55||NIFTY27JAN2623900PE,0.1884424235801445
14-01-2026 12:55||NIFTY27JAN2624300PE,0.1621286051063793
14-01-2026 12:55||NIFTY27JAN2625000PE,0.118190866923281
14-01-2026 13:00||NIFTY27JAN2624700PE,0.1363787109366415
14-01-2026 13:00||NIFTY27JAN2625400CE,0.0990810968105442
14-01-2026 13:00||NIFTY27JAN2625700CE,0.0947297318472315
14-01-2026 13:00||NIFTY27JAN2625800CE,0.0933628154010434
14-01-2026 13:00||NIFTY27JAN2626200CE,0.0930566396483049
14-01-2026 13:00||NIFTY27JAN2626300CE,0.0947962063392247
14-01-2026 13:00||NIFTY27JAN2626500CE,0.1002890801774691
14-01-2026 13:05||NIFTY27JAN2624000PE,0.1824251851319556
14-01-2026 13:05||NIFTY27JAN2624400PE,0.1555994236137814
14-01-2026 13:05||NIFTY27JAN2624800PE,0.1295546425447052
14-01-2026 13:05||NIFTY27JAN2624900PE,0.1237202101535615
14-01-2026 13:05||NIFTY27JAN2625800CE,0.0959260065760048
14-01-2026 13:05||NIFTY27JAN2626200CE,0.094025548519604
14-01-2026 13:05||NIFTY27JAN2626300CE,0.0955373431218961
14-01-2026 13:10||NIFTY27JAN2624000PE,0.1829356312456601
14-01-2026 13:10||NIFTY27JAN2624600PE,0.1431904027350229
14-01-2026 13:10||NIFTY27JAN2624700PE,0.1368131443990114
14-01-2026 13:10||NIFTY27JAN2624900PE,0.1247426769678065
14-01-2026 13:10||NIFTY27JAN2625300CE,0.0989939285571713
14-01-2026 13:10||NIFTY27JAN2625800CE,0.089109080803351
14-01-2026 13:10||NIFTY27JAN2625900CE,0.0889862169442851
14-01-2026 13:10||NIFTY27JAN2626400CE,0.0959088496156692
14-01-2026 13:15||NIFTY27JAN2624000PE,0.1819773143389585
14-01-2026 13:15||NIFTY27JAN2624600PE,0.141835813951514
14-01-2026 13:15||NIFTY27JAN2624800PE,0.1295410502217248
14-01-2026 13:15||NIFTY27JAN2625200CE,0.1123889744693919
14-01-2026 13:15||NIFTY27JAN2625600CE,0.0920812062978302
14-01-2026 13:15||NIFTY27JAN2626100CE,0.090881261086599
14-01-2026 13:15||NIFTY27JAN2626200CE,0.0919323663319942
14-01-2026 13:20||NIFTY27JAN2624400PE,0.1546505536906628
14-01-2026 13:20||NIFTY27JAN2624700PE,0.1356036638087384
14-01-2026 13:20||NIFTY27JAN2624900PE,0.1242253091407754
14-01-2026 13:20||NIFTY27JAN2625200CE,0.0906283784272954
14-01-2026 13:20||NIFTY27JAN2625900CE,0.0886186287405727
14-01-2026 13:25||NIFTY27JAN2624100PE,0.172887051871334
14-01-2026 13:25||NIFTY27JAN2624700PE,0.1340079953177811
14-01-2026 13:25||NIFTY27JAN2624900PE,0.1223187013172347
14-01-2026 13:25||NIFTY27JAN2625200CE,0.1050693594654869
14-01-2026 13:25||NIFTY27JAN2625600CE,0.0951203128020668
14-01-2026 13:25||NIFTY27JAN2626400CE,0.0987306346759588
14-01-2026 13:25||NIFTY27JAN2626500CE,0.1020587015468785
14-01-2026 13:30||NIFTY27JAN2624200PE,0.1663554676182947
14-01-2026 13:30||NIFTY27JAN2624300PE,0.1597415771567372
14-01-2026 13:30||NIFTY27JAN2625200CE,0.0969137472436411
14-01-2026 13:30||NIFTY27JAN2625700CE,0.0899150876058529
14-01-2026 13:30||NIFTY27JAN2626500CE,0.1012982705366636
14-01-2026 13:35||NIFTY27JAN2624000PE,0.1779974926292038
14-01-2026 13:35||NIFTY27JAN2624100PE,0.17168087142121
14-01-2026 13:35||NIFTY27JAN2625100PE,0.1156938823023392
14-01-2026 13:35||NIFTY27JAN2625500CE,0.0843164955566221
14-01-2026 13:35||NIFTY27JAN2625700CE,0.0858193217412572
14-01-2026 13:40||NIFTY27JAN2626500CE,0.1056113436657831
14-01-2026 13:45||NIFTY27JAN2624100PE,0.1681309800497106
14-01-2026 13:45||NIFTY27JAN2624200PE,0.1617087682671228
14-01-2026 13:45||NIFTY27JAN2624400PE,0.1487988213160608
14-01-2026 13:45||NIFTY27JAN2624600PE,0.1361510598996343
14-01-2026 13:45||NIFTY27JAN2624700PE,0.130128380644848
14-01-2026 13:45||NIFTY27JAN2624800PE,0.1243712362632152
14-01-2026 13:45||NIFTY27JAN2625400CE,0.1020243160077318
14-01-2026 13:45||NIFTY27JAN2626200CE,0.0977684843873585
14-01-2026 13:45||NIFTY27JAN2626300CE,0.1002163086030428
14-01-2026 13:45||NIFTY27JAN2626400CE,0.1034598899036431
14-01-2026 13:50||NIFTY27JAN2625400CE,0.086594608168338
14-01-2026 13:50||NIFTY27JAN2625600CE,0.0879422423480233
14-01-2026 13:50||NIFTY27JAN2626300CE,0.0981256335879666
14-01-2026 13:55||NIFTY27JAN2623800PE,0.186029614139677
14-01-2026 13:55||NIFTY27JAN2624600PE,0.1359706489722316
14-01-2026 13:55||NIFTY27JAN2624900PE,0.1193914846463562
14-01-2026 13:55||NIFTY27JAN2625200CE,0.1019514801752174
14-01-2026 13:55||NIFTY27JAN2626200CE,0.0981543965232161
14-01-2026 14:00||NIFTY27JAN2623800PE,0.1894414008041801
14-01-2026 14:00||NIFTY27JAN2623900PE,0.1828210607195554
14-01-2026 14:00||NIFTY27JAN2624400PE,0.1491628013026032
14-01-2026 14:00||NIFTY27JAN2624500PE,0.1429658796713521
14-01-2026 14:05||NIFTY27JAN2624000PE,0.1751039676107779
14-01-2026 14:05||NIFTY27JAN2624300PE,0.155298444952766
14-01-2026 14:05||NIFTY27JAN2624700PE,0.1301102534019654
14-01-2026 14:05||NIFTY27JAN2624800PE,0.1245183580294532
14-01-2026 14:05||NIFTY27JAN2625200CE,0.1086033758443525
14-01-2026 14:05||NIFTY27JAN2625700CE,0.0971969688550549
14-01-2026 14:05||NIFTY27JAN2625900CE,0.0961572131937271
14-01-2026 14:10||NIFTY27JAN2624200PE,0.1622531732450935
14-01-2026 14:10||NIFTY27JAN2624800PE,0.1235315577108073
14-01-2026 14:10||NIFTY27JAN2625700CE,0.0986951210905192
14-01-2026 14:15||NIFTY27JAN2624600PE,0.1376508613747675
14-01-2026 14:15||NIFTY27JAN2625300CE,0.0934638073202751
14-01-2026 14:15||NIFTY27JAN2625900CE,0.0912063370441548
14-01-2026 14:15||NIFTY27JAN2626000CE,0.0921097131486296
14-01-2026 14:15||NIFTY27JAN2626500CE,0.1065887360480303
14-01-2026 14:20||NIFTY27JAN2624400PE,0.1491464871863896
14-01-2026 14:20||NIFTY27JAN2624900PE,0.1204355884622549
14-01-2026 14:20||NIFTY27JAN2625100PE,0.1118815058783029
14-01-2026 14:25||NIFTY27JAN2623800PE,0.186213448351635
14-01-2026 14:25||NIFTY27JAN2625600CE,0.1011229801451528
14-01-2026 14:25||NIFTY27JAN2626100CE,0.0999840793093932
14-01-2026 14:30||NIFTY27JAN2623900PE,0.1814825516768588
14-01-2026 14:30||NIFTY27JAN2624300PE,0.1544482306172343
14-01-2026 14:30||NIFTY27JAN2624500PE,0.1413618085375141
14-01-2026 14:30||NIFTY27JAN2625000PE,0.1125520130344894
14-01-2026 14:30||NIFTY27JAN2625100PE,0.1070761335810169
14-01-2026 14:30||NIFTY27JAN2625400CE,0.1074613107909831
14-01-2026 14:30||NIFTY27JAN2626000CE,0.0983523707453144
14-01-2026 14:30||NIFTY27JAN2626100CE,0.099437646272
14-01-2026 14:30||NIFTY27JAN2626400CE,0.1078687205708832
14-01-2026 14:30||NIFTY27JAN2626500CE,0.1119129347152554
14-01-2026 14:35||NIFTY27JAN2624000PE,0.1748938977822296
14-01-2026 14:35||NIFTY27JAN2624300PE,0.1551360820081644
14-01-2026 14:35||NIFTY27JAN2625500CE,0.10711705744216
14-01-2026 14:35||NIFTY27JAN2625900CE,0.099212831618311
14-01-2026 14:35||NIFTY27JAN2626400CE,0.1075903932067832
14-01-2026 14:40||NIFTY27JAN2624300PE,0.1569374595988669
14-01-2026 14:40||NIFTY27JAN2624400PE,0.1500521143875177
14-01-2026 14:40||NIFTY27JAN2624500PE,0.1433894528188641
14-01-2026 14:40||NIFTY27JAN2624700PE,0.1308024981387475
14-01-2026 14:40||NIFTY27JAN2624800PE,0.1249409109929313
14-01-2026 14:40||NIFTY27JAN2625000PE,0.1142169109925285
14-01-2026 14:40||NIFTY27JAN2625400CE,0.1057123902409597
14-01-2026 14:40||NIFTY27JAN2625800CE,0.0972456907621832
14-01-2026 14:45||NIFTY27JAN2624500PE,0.1461665882243429
14-01-2026 14:45||NIFTY27JAN2624800PE,0.1271769761021375
14-01-2026 14:45||NIFTY27JAN2625100PE,0.1120218974103558
14-01-2026 14:45||NIFTY27JAN2625400CE,0.0984545518658919
14-01-2026 14:45||NIFTY27JAN2625500CE,0.0974583832924703
14-01-2026 14:45||NIFTY27JAN2625800CE,0.0945590321373659
14-01-2026 14:45||NIFTY27JAN2626100CE,0.0952732122912761
14-01-2026 14:45||NIFTY27JAN2626200CE,0.0971268298509672
14-01-2026 14:45||NIFTY27JAN2626300CE,0.0997120444881787
14-01-2026 14:50||NIFTY27JAN2624400PE,0.1527198300549148
14-01-2026 14:50||NIFTY27JAN2624600PE,0.1397096127672924
14-01-2026 14:50||NIFTY27JAN2624900PE,0.1219736863707871
14-01-2026 14:50||NIFTY27JAN2625200CE,0.1086430842761736
14-01-2026 14:50||NIFTY27JAN2625700CE,0.0948476065255831
14-01-2026 14:50||NIFTY27JAN2625800CE,0.0939348608114305
14-01-2026 14:50||NIFTY27JAN2626300CE,0.0991820615456475
14-01-2026 14:55||NIFTY27JAN2624100PE,0.172472522361093
14-01-2026 14:55||NIFTY27JAN2624200PE,0.1655874392365138
14-01-2026 14:55||NIFTY27JAN2624600PE,0.1391477068710044
14-01-2026 14:55||NIFTY27JAN2624800PE,0.1270196830862036
14-01-2026 14:55||NIFTY27JAN2625100PE,0.1124038259568178
14-01-2026 14:55||NIFTY27JAN2625300CE,0.0966599795929429
14-01-2026 14:55||NIFTY27JAN2625400CE,0.0943367660687835
14-01-2026 14:55||NIFTY27JAN2625600CE,0.0915324599524738
14-01-2026 14:55||NIFTY27JAN2626400CE,0.100859738495598
14-01-2026 15:00||NIFTY27JAN2624300PE,0.1569649063994034
14-01-2026 15:00||NIFTY27JAN2624700PE,0.1313804120577253
14-01-2026 15:00||NIFTY27JAN2625800CE,0.0959216839929661
14-01-2026 15:05||NIFTY27JAN2623900PE,0.1849248275026608
14-01-2026 15:05||NIFTY27JAN2624400PE,0.152259434941381
14-01-2026 15:05||NIFTY27JAN2624800PE,0.1279989295446221
14-01-2026 15:05||NIFTY27JAN2626300CE,0.0989450765660513
14-01-2026 15:10||NIFTY27JAN2624100PE,0.1700926195039769
14-01-2026 15:10||NIFTY27JAN2624500PE,0.1442113568385224
14-01-2026 15:10||NIFTY27JAN2624900PE,0.1219395488324234
14-01-2026 15:10||NIFTY27JAN2625500CE,0.0961887241018075
14-01-2026 15:10||NIFTY27JAN2626200CE,0.0981933447012217
14-01-2026 15:15||NIFTY27JAN2624400PE,0.1489850993316133
14-01-2026 15:15||NIFTY27JAN2624700PE,0.1304464796091712
14-01-2026 15:15||NIFTY27JAN2625100PE,0.1107654942441773
14-01-2026 15:15||NIFTY27JAN2625500CE,0.1027453915635589
14-01-2026 15:15||NIFTY27JAN2625900CE,0.0976599657419743
14-01-2026 15:15||NIFTY27JAN2626100CE,0.0987021300839026
14-01-2026 15:20||NIFTY27JAN2624500PE,0.1431289627522913
14-01-2026 15:20||NIFTY27JAN2624800PE,0.1253925534280681
14-01-2026 15:20||NIFTY27JAN2626100CE,0.0997319391236533
14-01-2026 15:20||NIFTY27JAN2626300CE,0.1036218336161967
14-01-2026 15:20||NIFTY27JAN2626400CE,0.1066702668986616
14-01-2026 15:25||NIFTY27JAN2623900PE,0.1841875003775724
14-01-2026 15:25||NIFTY27JAN2624600PE,0.139005177672211
14-01-2026 15:25||NIFTY27JAN2625100PE,0.1141977005231835
14-01-2026 15:25||NIFTY27JAN2625200CE,0.1043031943155007
14-01-2026 15:25||NIFTY27JAN2626400CE,0.104672523703566
14-01-2026 15:25||NIFTY27JAN2626500CE,0.1075639739329738
16-01-2026 09:15||NIFTY27JAN2624100PE,0.1788221285949024
16-01-2026 09:15||NIFTY27JAN2624200PE,0.1723047208892801
16-01-2026 09:15||NIFTY27JAN2624300PE,0.1650473058190816
16-01-2026 09:15||NIFTY27JAN2624800PE,0.1310367037123313
16-01-2026 09:15||NIFTY27JAN2625000PE,0.1188925322569809
16-01-2026 09:15||NIFTY27JAN2626000CE,0.1067467688452284
16-01-2026 09:15||NIFTY27JAN2626100CE,0.1039693924852674
16-01-2026 09:20||NIFTY27JAN2624100PE,0.178419835483277
16-01-2026 09:20||NIFTY27JAN2624400PE,0.1575707811641637
16-01-2026 09:20||NIFTY27JAN2624600PE,0.1443190637872738
16-01-2026 09:20||NIFTY27JAN2625000PE,0.1204920507528023
16-01-2026 09:20||NIFTY27JAN2625200CE,0.1227760355901672
16-01-2026 09:20||NIFTY27JAN2625400CE,0.1121992508264481
16-01-2026 09:20||NIFTY27JAN2625700CE,0.101886505666932
16-01-2026 09:20||NIFTY27JAN2626000CE,0.0979407760360953
16-01-2026 09:25||NIFTY27JAN2624600PE,0.1409850843941185
16-01-2026 09:25||NIFTY27JAN2624700PE,0.1347260210220872
16-01-2026 09:25||NIFTY27JAN2625300CE,0.1287549891295296
16-01-2026 09:25||NIFTY27JAN2625600CE,0.1102915197505343
16-01-2026 09:25||NIFTY27JAN2626300CE,0.1007192843506758
16-01-2026 09:25||NIFTY27JAN2626500CE,0.1056757794007702
16-01-2026 09:30||NIFTY27JAN2623800PE,0.1955457069204503
16-01-2026 09:30||NIFTY27JAN2624300PE,0.1594351813432199
16-01-2026 09:30||NIFTY27JAN2624400PE,0.152607674999859
16-01-2026 09:30||NIFTY27JAN2624900PE,0.1220541351080752
16-01-2026 09:30||NIFTY27JAN2625100PE,0.1117256224496744
16-01-2026 09:30||NIFTY27JAN2625500CE,0.1055497229984423
16-01-2026 09:30||NIFTY27JAN2625700CE,0.1004263476809147
16-01-2026 09:30||NIFTY27JAN2625900CE,0.096506261335453
16-01-2026 09:30||NIFTY27JAN2626000CE,0.0952484516251156
16-01-2026 09:35||NIFTY27JAN2624100PE,0.174142738677666
16-01-2026 09:35||NIFTY27JAN2624200PE,0.1670960813020234
16-01-2026 09:35||NIFTY27JAN2624800PE,0.1270408755039948
16-01-2026 09:35||NIFTY27JAN2625100PE,0.1124598444320542
16-01-2026 09:35||NIFTY27JAN2626300CE,0.0982222845233567
16-01-2026 09:35||NIFTY27JAN2626400CE,0.1010352812711824
16-01-2026 09:40||NIFTY27JAN2624200PE,0.1663588102734312
16-01-2026 09:40||NIFTY27JAN2624300PE,0.1592544861119703
16-01-2026 09:40||NIFTY27JAN2625900CE,0.1034798071453646
16-01-2026 09:40||NIFTY27JAN2626500CE,0.1052264408168811
16-01-2026 09:45||NIFTY27JAN2623900PE,0.1896884345888615
16-01-2026 09:45||NIFTY27JAN2624500PE,0.1463214124862472
16-01-2026 09:45||NIFTY27JAN2624800PE,0.1249077289267786
16-01-2026 09:45||NIFTY27JAN2624900PE,0.1187329925091487
16-01-2026 09:45||NIFTY27JAN2625400CE,0.1260018323390479
16-01-2026 09:45||NIFTY27JAN2626000CE,0.1009718385269592
16-01-2026 09:45||NIFTY27JAN2626100CE,0.0996106244297441
16-01-2026 09:50||NIFTY27JAN2623900PE,0.1927237064669244
16-01-2026 09:50||NIFTY27JAN2624200PE,0.1719566040466923
16-01-2026 09:50||NIFTY27JAN2624900PE,0.121105900708344
16-01-2026 09:50||NIFTY27JAN2625500CE,0.1134100841096198
16-01-2026 09:50||NIFTY27JAN2625600CE,0.1083214623808647
16-01-2026 09:50||NIFTY27JAN2625700CE,0.1047480035076839
16-01-2026 09:50||NIFTY27JAN2625800CE,0.1012636365823467
16-01-2026 09:50||NIFTY27JAN2626000CE,0.0971021834426209
16-01-2026 09:50||NIFTY27JAN2626200CE,0.0958991136643643
16-01-2026 09:55||NIFTY27JAN2623800PE,0.2004209217297412
16-01-2026 09:55||NIFTY27JAN2624000PE,0.1865844719979832
16-01-2026 09:55||NIFTY27JAN2624200PE,0.1725461705232753
16-01-2026 09:55||NIFTY27JAN2624500PE,0.1502646494875683
16-01-2026 09:55||NIFTY27JAN2624900PE,0.1216846718116815
16-01-2026 09:55||NIFTY27JAN2625000PE,0.1158739550461194
16-01-2026 09:55||NIFTY27JAN2625300CE,0.1164502848516583
16-01-2026 09:55||NIFTY27JAN2625400CE,0.1109981228165249
16-01-2026 09:55||NIFTY27JAN2625500CE,0.1070127867989531
16-01-2026 09:55||NIFTY27JAN2625700CE,0.0999655975300598
16-01-2026 09:55||NIFTY27JAN2625900CE,0.094920607834736
16-01-2026 09:55||NIFTY27JAN2626000CE,0.0936291538629908
16-01-2026 09:55||NIFTY27JAN2626400CE,0.0967999367190012
16-01-2026 09:55||NIFTY27JAN2626500CE,0.0993864734001042
16-01-2026 10:00||NIFTY27JAN2624000PE,0.186244137099409
16-01-2026 10:00||NIFTY27JAN2625400CE,0.1312585242649686
16-01-2026 10:00||NIFTY27JAN2625900CE,0.103531899034606
16-01-2026 10:00||NIFTY27JAN2626000CE,0.1009547690229679
16-01-2026 10:00||NIFTY27JAN2626400CE,0.102374088452567
16-01-2026 10:00||NIFTY27JAN2626500CE,0.104922779844158
16-01-2026 10:05||NIFTY27JAN2624000PE,0.1870761908791321
16-01-2026 10:05||NIFTY27JAN2624100PE,0.1804550199572736
16-01-2026 10:05||NIFTY27JAN2624400PE,0.1582576409851336
16-01-2026 10:05||NIFTY27JAN2625100PE,0.1104950974508976
16-01-2026 10:05||NIFTY27JAN2625700CE,0.1092666503932086
16-01-2026 10:05||NIFTY27JAN2626400CE,0.1019269595506595
16-01-2026 10:05||NIFTY27JAN2626500CE,0.1045797348044392
16-01-2026 10:10||NIFTY27JAN2623900PE,0.196057392039532
16-01-2026 10:10||NIFTY27JAN2624800PE,0.1300339335208543
16-01-2026 10:10||NIFTY27JAN2625300CE,0.1401506478290123
16-01-2026 10:10||NIFTY27JAN2625600CE,0.1181237483065953
16-01-2026 10:10||NIFTY27JAN2626100CE,0.1006766026911969
16-01-2026 10:10||NIFTY27JAN2626400CE,0.1031688914694472
16-01-2026 10:15||NIFTY27JAN2623800PE,0.2062850875607709
16-01-2026 10:15||NIFTY27JAN2624400PE,0.1644548307683353
16-01-2026 10:15||NIFTY27JAN2624500PE,0.1565556329044197
16-01-2026 10:15||NIFTY27JAN2625300CE,0.1580271290393928
16-01-2026 10:20||NIFTY27JAN2623800PE,0.2106346172554409
16-01-2026 10:20||NIFTY27JAN2624300PE,0.1760172754374426
16-01-2026 10:20||NIFTY27JAN2624500PE,0.1611115787409632
16-01-2026 10:20||NIFTY27JAN2624800PE,0.1386521508900106
16-01-2026 10:20||NIFTY27JAN2625700CE,0.1189714625155161
16-01-2026 10:20||NIFTY27JAN2625900CE,0.1102195390169828
16-01-2026 10:20||NIFTY27JAN2626400CE,0.1045342024692888
16-01-2026 10:25||NIFTY27JAN2624000PE,0.1981419119908007
16-01-2026 10:25||NIFTY27JAN2624200PE,0.184152794295763
16-01-2026 10:25||NIFTY27JAN2624300PE,0.1768976089880032
16-01-2026 10:25||NIFTY27JAN2624600PE,0.154492617420162
16-01-2026 10:25||NIFTY27JAN2625400CE,0.1382932464638719
16-01-2026 10:25||NIFTY27JAN2626000CE,0.1049925649858806
16-01-2026 10:30||NIFTY27JAN2624200PE,0.1841800126122623
16-01-2026 10:30||NIFTY27JAN2624400PE,0.1695236745488531
16-01-2026 10:30||NIFTY27JAN2624800PE,0.1404958130503725
16-01-2026 10:30||NIFTY27JAN2625500CE,0.1243082453072433
16-01-2026 10:35||NIFTY27JAN2624000PE,0.1988263572350347
16-01-2026 10:35||NIFTY27JAN2624200PE,0.1850356162433499
16-01-2026 10:35||NIFTY27JAN2624900PE,0.1346083105821539
16-01-2026 10:35||NIFTY27JAN2625100PE,0.1215543654580721
16-01-2026 10:35||NIFTY27JAN2625200CE,0.1489395052412933
16-01-2026 10:35||NIFTY27JAN2625600CE,0.1187680112798353
16-01-2026 10:35||NIFTY27JAN2626300CE,0.0992289658342741
16-01-2026 10:35||NIFTY27JAN2626400CE,0.1003262130923338
16-01-2026 10:40||NIFTY27JAN2623800PE,0.2123556659606602
16-01-2026 10:40||NIFTY27JAN2624200PE,0.1860437920722144
16-01-2026 10:40||NIFTY27JAN2624700PE,0.1493544270817663
16-01-2026 10:40||NIFTY27JAN2624900PE,0.1355901321881258
16-01-2026 10:40||NIFTY27JAN2626200CE,0.0940176291913219
16-01-2026 10:45||NIFTY27JAN2623800PE,0.2121133052504256
16-01-2026 10:45||NIFTY27JAN2624000PE,0.1984051264533697
16-01-2026 10:45||NIFTY27JAN2624400PE,0.1699895686824936
16-01-2026 10:45||NIFTY27JAN2624600PE,0.1552034488828069
16-01-2026 10:45||NIFTY27JAN2624900PE,0.1342202296699703
16-01-2026 10:45||NIFTY27JAN2625200CE,0.1351435867862239
16-01-2026 10:50||NIFTY27JAN2624200PE,0.1832830290530181
16-01-2026 10:50||NIFTY27JAN2624300PE,0.175973704861164
16-01-2026 10:50||NIFTY27JAN2624400PE,0.168633965802466
16-01-2026 10:50||NIFTY27JAN2624600PE,0.1540044262904371
16-01-2026 10:50||NIFTY27JAN2625400CE,0.129592522305618
16-01-2026 10:50||NIFTY27JAN2626300CE,0.0976350909148618
16-01-2026 10:50||NIFTY27JAN2626400CE,0.0990383754065431
16-01-2026 10:55||NIFTY27JAN2623800PE,0.2118265113743626
16-01-2026 10:55||NIFTY27JAN2623900PE,0.2043640793264969
16-01-2026 10:55||NIFTY27JAN2624900PE,0.1331481907059383
16-01-2026 10:55||NIFTY27JAN2625400CE,0.1233795708885022
16-01-2026 10:55||NIFTY27JAN2625800CE,0.102915613043778
16-01-2026 10:55||NIFTY27JAN2625900CE,0.100123510870556
16-01-2026 10:55||NIFTY27JAN2626100CE,0.096665116720455
16-01-2026 10:55||NIFTY27JAN2626500CE,0.0994415075333545
16-01-2026 11:00||NIFTY27JAN2624400PE,0.1678258495803747
16-01-2026 11:00||NIFTY27JAN2624900PE,0.1321792345932473
16-01-2026 11:00||NIFTY27JAN2625000PE,0.1255052513279919
16-01-2026 11:00||NIFTY27JAN2625300CE,0.1367827327037954
16-01-2026 11:00||NIFTY27JAN2626000CE,0.0989114644489912
16-01-2026 11:00||NIFTY27JAN2626100CE,0.0971504862973922
16-01-2026 11:05||NIFTY27JAN2624300PE,0.1746060646934322
16-01-2026 11:05||NIFTY27JAN2624400PE,0.1672855230440047
16-01-2026 11:05||NIFTY27JAN2625100PE,0.1189096799213442
16-01-2026 11:05||NIFTY27JAN2626100CE,0.0998177987072992
16-01-2026 11:10||NIFTY27JAN2624000PE,0.1944944439629142
16-01-2026 11:10||NIFTY27JAN2625800CE,0.1015572655339568
16-01-2026 11:10||NIFTY27JAN2626000CE,0.0970735875375671
16-01-2026 11:15||NIFTY27JAN2623900PE,0.2005141133615649
16-01-2026 11:15||NIFTY27JAN2624600PE,0.1512559742912331
16-01-2026 11:15||NIFTY27JAN2625800CE,0.1013922682539981
16-01-2026 11:15||NIFTY27JAN2626200CE,0.0950392608310372
16-01-2026 11:20||NIFTY27JAN2623800PE,0.2053658289977992
16-01-2026 11:20||NIFTY27JAN2624000PE,0.1919258330642545
16-01-2026 11:20||NIFTY27JAN2624100PE,0.1850690659938481
16-01-2026 11:20||NIFTY27JAN2624900PE,0.1304691154761832
16-01-2026 11:20||NIFTY27JAN2625900CE,0.0993521878142916
16-01-2026 11:20||NIFTY27JAN2626000CE,0.097298830574842
16-01-2026 11:20||NIFTY27JAN2626200CE,0.0958356464545914
16-01-2026 11:25||NIFTY27JAN2624200PE,0.1780915580465573
16-01-2026 11:25||NIFTY27JAN2624800PE,0.1360882223552059
16-01-2026 11:25||NIFTY27JAN2625000PE,0.123625371391811
16-01-2026 11:25||NIFTY27JAN2626300CE,0.0978989947227102
16-01-2026 11:30||NIFTY27JAN2624300PE,0.1713329448474353
16-01-2026 11:30||NIFTY27JAN2625600CE,0.1025924788530172
16-01-2026 11:30||NIFTY27JAN2626500CE,0.099307579258226
16-01-2026 11:35||NIFTY27JAN2624500PE,0.1559903240240955
16-01-2026 11:35||NIFTY27JAN2624800PE,0.1359188880102368
16-01-2026 11:35||NIFTY27JAN2625300CE,0.1193060868354471
16-01-2026 11:35||NIFTY27JAN2625500CE,0.1105660697078391
16-01-2026 11:35||NIFTY27JAN2626200CE,0.0957866399266282
16-01-2026 11:40||NIFTY27JAN2624400PE,0.1627732839232857
16-01-2026 11:40||NIFTY27JAN2624500PE,0.1556821651278878
16-01-2026 11:40||NIFTY27JAN2625500CE,0.1111371346215921
16-01-2026 11:40||NIFTY27JAN2626100CE,0.0957120792827266
16-01-2026 11:45||NIFTY27JAN2624300PE,0.1694053338296689
16-01-2026 11:45||NIFTY27JAN2625000PE,0.1217312356846446
16-01-2026 11:45||NIFTY27JAN2625400CE,0.1230743217779456
16-01-2026 11:50||NIFTY27JAN2623900PE,0.1977618579936298
16-01-2026 11:50||NIFTY27JAN2624300PE,0.1691996536069607
16-01-2026 11:50||NIFTY27JAN2625500CE,0.1164857326155116
16-01-2026 11:55||NIFTY27JAN2624000PE,0.1907413313113339
16-01-2026 11:55||NIFTY27JAN2624500PE,0.1555417749152826
16-01-2026 11:55||NIFTY27JAN2624800PE,0.1350154689745741
16-01-2026 11:55||NIFTY27JAN2625000PE,0.1230461150424375
16-01-2026 11:55||NIFTY27JAN2625100PE,0.1174309104256125
16-01-2026 11:55||NIFTY27JAN2626200CE,0.0945010276130646
16-01-2026 12:00||NIFTY27JAN2623900PE,0.1951894095003058
16-01-2026 12:00||NIFTY27JAN2624000PE,0.1882195375109193
16-01-2026 12:00||NIFTY27JAN2624200PE,0.1740758295777328
16-01-2026 12:00||NIFTY27JAN2624400PE,0.1596382218635767
16-01-2026 12:00||NIFTY27JAN2624800PE,0.132279335190104
16-01-2026 12:00||NIFTY27JAN2624900PE,0.1260327595607348
16-01-2026 12:00||NIFTY27JAN2625200CE,0.1523674801547112
16-01-2026 12:00||NIFTY27JAN2626200CE,0.101158594466852
16-01-2026 12:05||NIFTY27JAN2623800PE,0.2029208384796123
16-01-2026 12:05||NIFTY27JAN2624200PE,0.1747491815932366
16-01-2026 12:05||NIFTY27JAN2624500PE,0.1531653278842812
16-01-2026 12:05||NIFTY27JAN2624800PE,0.1326615379543335
16-01-2026 12:05||NIFTY27JAN2625000PE,0.1198491510820676
16-01-2026 12:05||NIFTY27JAN2625200CE,0.148824065906795
16-01-2026 12:05||NIFTY27JAN2625900CE,0.1111298860748479
16-01-2026 12:10||NIFTY27JAN2624800PE,0.1338346717456029
16-01-2026 12:10||NIFTY27JAN2625100PE,0.1164471222998183
16-01-2026 12:10||NIFTY27JAN2625300CE,0.1455761363484985
16-01-2026 12:10||NIFTY27JAN2625800CE,0.1127999149734498
16-01-2026 12:10||NIFTY27JAN2626000CE,0.1051802892987112
16-01-2026 12:10||NIFTY27JAN2626100CE,0.102815219195099
16-01-2026 12:15||NIFTY27JAN2624000PE,0.1913923895923859
16-01-2026 12:15||NIFTY27JAN2624600PE,0.1476834128110512
16-01-2026 12:15||NIFTY27JAN2624800PE,0.134818236577436
16-01-2026 12:15||NIFTY27JAN2624900PE,0.1286906193041991
16-01-2026 12:15||NIFTY27JAN2625000PE,0.1227120472402213
16-01-2026 12:15||NIFTY27JAN2625800CE,0.1043120892257079
16-01-2026 12:15||NIFTY27JAN2626000CE,0.099154088877776
16-01-2026 12:20||NIFTY27JAN2623900PE,0.197995903544562
16-01-2026 12:20||NIFTY27JAN2624300PE,0.1685861444190913
16-01-2026 12:20||NIFTY27JAN2624500PE,0.1542029950811954
16-01-2026 12:20||NIFTY27JAN2624900PE,0.1286551010782118
16-01-2026 12:20||NIFTY27JAN2625400CE,0.1244763662508461
16-01-2026 12:20||NIFTY27JAN2625600CE,0.1126523546248603
16-01-2026 12:20||NIFTY27JAN2625700CE,0.1083660990810262
16-01-2026 12:25||NIFTY27JAN2623800PE,0.2022887468766993
16-01-2026 12:25||NIFTY27JAN2624500PE,0.1548949304475233
16-01-2026 12:25||NIFTY27JAN2624700PE,0.1423987340021759
16-01-2026 12:25||NIFTY27JAN2624800PE,0.1367068947398554
16-01-2026 12:25||NIFTY27JAN2625000PE,0.1263429458754672
16-01-2026 12:25||NIFTY27JAN2625100PE,0.1214330965916156
16-01-2026 12:25||NIFTY27JAN2626400CE,0.0944903867847721
16-01-2026 12:30||NIFTY27JAN2623800PE,0.1994856716995704
16-01-2026 12:30||NIFTY27JAN2624400PE,0.1535990069124635
16-01-2026 12:30||NIFTY27JAN2624600PE,0.140120958217137
16-01-2026 12:35||NIFTY27JAN2623800PE,0.203630881338346
16-01-2026 12:35||NIFTY27JAN2623900PE,0.1946785482917401
16-01-2026 12:35||NIFTY27JAN2624800PE,0.1304020909140478
16-01-2026 12:35||NIFTY27JAN2625600CE,0.1099802594534408
16-01-2026 12:35||NIFTY27JAN2625700CE,0.1062065843374051
16-01-2026 12:35||NIFTY27JAN2625800CE,0.1030009744385254
16-01-2026 12:35||NIFTY27JAN2625900CE,0.1006694448160704
16-01-2026 12:35||NIFTY27JAN2626000CE,0.0986613526838278
16-01-2026 12:35||NIFTY27JAN2626200CE,0.09773618770453
16-01-2026 12:40||NIFTY27JAN2623800PE,0.202057875732835
16-01-2026 12:40||NIFTY27JAN2625200CE,0.1212853428782543
16-01-2026 12:40||NIFTY27JAN2625900CE,0.0988620741363941
16-01-2026 12:45||NIFTY27JAN2624000PE,0.1840864139155663
16-01-2026 12:45||NIFTY27JAN2624800PE,0.1302454381048492
16-01-2026 12:45||NIFTY27JAN2625700CE,0.1033774531707956
16-01-2026 12:45||NIFTY27JAN2625900CE,0.0992169344205512
16-01-2026 12:45||NIFTY27JAN2626000CE,0.0977659834975452
16-01-2026 12:45||NIFTY27JAN2626300CE,0.0993263907400912
16-01-2026 12:50||NIFTY27JAN2624300PE,0.1618656199065934
16-01-2026 12:50||NIFTY27JAN2626000CE,0.1026978087997294
16-01-2026 12:50||NIFTY27JAN2626200CE,0.1012741719646646
16-01-2026 12:55||NIFTY27JAN2623900PE,0.192357508290321
16-01-2026 12:55||NIFTY27JAN2624700PE,0.1367412551015008
16-01-2026 12:55||NIFTY27JAN2624900PE,0.1251916375473014
16-01-2026 12:55||NIFTY27JAN2625500CE,0.1049606046995175
16-01-2026 12:55||NIFTY27JAN2625800CE,0.0977171332838076
16-01-2026 13:00||NIFTY27JAN2623800PE,0.1982316829562138
16-01-2026 13:00||NIFTY27JAN2624700PE,0.1347309232377116
16-01-2026 13:00||NIFTY27JAN2624800PE,0.1289298025741818
16-01-2026 13:00||NIFTY27JAN2625400CE,0.1106520018167896
16-01-2026 13:00||NIFTY27JAN2625900CE,0.0980197350055907
16-01-2026 13:00||NIFTY27JAN2626000CE,0.0972622551066667
16-01-2026 13:05||NIFTY27JAN2624100PE,0.1744354985192499
16-01-2026 13:05||NIFTY27JAN2625000PE,0.1153613955877539
16-01-2026 13:05||NIFTY27JAN2625300CE,0.1279862696598423
16-01-2026 13:10||NIFTY27JAN2625200CE,0.1310666595625391
16-01-2026 13:15||NIFTY27JAN2623800PE,0.1959212981300588
16-01-2026 13:15||NIFTY27JAN2624100PE,0.1730779109727261
16-01-2026 13:15||NIFTY27JAN2624600PE,0.1376567454035741
16-01-2026 13:15||NIFTY27JAN2624700PE,0.1313146503841012
16-01-2026 13:15||NIFTY27JAN2625800CE,0.1019802529456068
16-01-2026 13:15||NIFTY27JAN2626100CE,0.098820893898297
16-01-2026 13:15||NIFTY27JAN2626200CE,0.0995310345193338
16-01-2026 13:20||NIFTY27JAN2624300PE,0.1572512598346881
16-01-2026 13:20||NIFTY27JAN2624700PE,0.1309997485330597
16-01-2026 13:20||NIFTY27JAN2625100PE,0.1114785689140519
16-01-2026 13:20||NIFTY27JAN2625600CE,0.1047870653526009
16-01-2026 13:20||NIFTY27JAN2626100CE,0.098630131187495
16-01-2026 13:25||NIFTY27JAN2623900PE,0.1841246543604799
16-01-2026 13:25||NIFTY27JAN2624300PE,0.1544804388978049
16-01-2026 13:25||NIFTY27JAN2624400PE,0.147611547794783
16-01-2026 13:25||NIFTY27JAN2625200CE,0.1395927136746787
16-01-2026 13:25||NIFTY27JAN2625300CE,0.1333621249391424
16-01-2026 13:25||NIFTY27JAN2625500CE,0.1223008519084886
16-01-2026 13:25||NIFTY27JAN2625800CE,0.1097577214081395
16-01-2026 13:25||NIFTY27JAN2626400CE,0.1085015896920314
16-01-2026 13:25||NIFTY27JAN2626500CE,0.111929404123414
16-01-2026 13:30||NIFTY27JAN2624000PE,0.1780713279172634
16-01-2026 13:30||NIFTY27JAN2624200PE,0.1633713194830362
16-01-2026 13:30||NIFTY27JAN2624400PE,0.1498253197366972
16-01-2026 13:30||NIFTY27JAN2624900PE,0.1203639179760529
16-01-2026 13:30||NIFTY27JAN2625000PE,0.1154386566213694
16-01-2026 13:30||NIFTY27JAN2625200CE,0.1274961890389318
16-01-2026 13:35||NIFTY27JAN2624400PE,0.1485550857031161
16-01-2026 13:35||NIFTY27JAN2624500PE,0.1420289939831242
16-01-2026 13:35||NIFTY27JAN2624900PE,0.1189932875733098
16-01-2026 13:35||NIFTY27JAN2625500CE,0.1166436065015194
16-01-2026 13:35||NIFTY27JAN2626100CE,0.102088121807505
16-01-2026 13:35||NIFTY27JAN2626400CE,0.1070369939259096
16-01-2026 13:40||NIFTY27JAN2623900PE,0.1862546379351841
16-01-2026 13:40||NIFTY27JAN2624500PE,0.1438032585467477
16-01-2026 13:40||NIFTY27JAN2624700PE,0.131614075662271
16-01-2026 13:40||NIFTY27JAN2625200CE,0.1299596707757591
16-01-2026 13:40||NIFTY27JAN2625300CE,0.1209994051089426
16-01-2026 13:40||NIFTY27JAN2625900CE,0.1001524113430763
16-01-2026 13:40||NIFTY27JAN2626000CE,0.0991287802351825
16-01-2026 13:40||NIFTY27JAN2626200CE,0.1000628225765802
16-01-2026 13:40||NIFTY27JAN2626500CE,0.1080135150951797
16-01-2026 13:45||NIFTY27JAN2623900PE,0.1862833168144591
16-01-2026 13:45||NIFTY27JAN2624100PE,0.1705224086374229
16-01-2026 13:45||NIFTY27JAN2624500PE,0.1428351626563616
16-01-2026 13:50||NIFTY27JAN2624700PE,0.1336716995784751
16-01-2026 13:50||NIFTY27JAN2625900CE,0.0955218867534943
16-01-2026 13:50||NIFTY27JAN2626000CE,0.0954804347026803
16-01-2026 13:55||NIFTY27JAN2623900PE,0.1860620591557627
16-01-2026 13:55||NIFTY27JAN2624200PE,0.1635585021880703
16-01-2026 13:55||NIFTY27JAN2624300PE,0.1565190828507143
16-01-2026 13:55||NIFTY27JAN2625000PE,0.115632785677766
16-01-2026 13:55||NIFTY27JAN2625700CE,0.1030287296049575
16-01-2026 13:55||NIFTY27JAN2626100CE,0.0996558108057325
16-01-2026 14:00||NIFTY27JAN2624500PE,0.1426934117744345
16-01-2026 14:00||NIFTY27JAN2624900PE,0.1205312877148543
16-01-2026 14:00||NIFTY27JAN2625000PE,0.1163865191817759
16-01-2026 14:00||NIFTY27JAN2625100PE,0.1122960168966367
16-01-2026 14:00||NIFTY27JAN2626000CE,0.0985801967307131
16-01-2026 14:05||NIFTY27JAN2624100PE,0.1717357638364975
16-01-2026 14:05||NIFTY27JAN2625500CE,0.1027062834932591
16-01-2026 14:05||NIFTY27JAN2625800CE,0.0975438768422815
16-01-2026 14:05||NIFTY27JAN2626100CE,0.097910069931766
16-01-2026 14:10||NIFTY27JAN2624500PE,0.1438985550321868
16-01-2026 14:10||NIFTY27JAN2625100PE,0.1112339417755203
16-01-2026 14:10||NIFTY27JAN2625500CE,0.1086837465991665
16-01-2026 14:10||NIFTY27JAN2626400CE,0.1064565606758547
16-01-2026 14:10||NIFTY27JAN2626500CE,0.1104777225879034
16-01-2026 14:15||NIFTY27JAN2624300PE,0.156947522335787
16-01-2026 14:15||NIFTY27JAN2624600PE,0.1365580656591818
16-01-2026 14:15||NIFTY27JAN2624900PE,0.1192780779381904
16-01-2026 14:15||NIFTY27JAN2625500CE,0.1111798269266401
16-01-2026 14:20||NIFTY27JAN2624200PE,0.1648599883264237
16-01-2026 14:20||NIFTY27JAN2624800PE,0.1251169562195061
16-01-2026 14:20||NIFTY27JAN2625100PE,0.1110439302521672
16-01-2026 14:20||NIFTY27JAN2626000CE,0.0992590098217749
16-01-2026 14:20||NIFTY27JAN2626300CE,0.1027150039855509
16-01-2026 14:25||NIFTY27JAN2623900PE,0.1892496962925676
16-01-2026 14:25||NIFTY27JAN2624900PE,0.1221543181618448
16-01-2026 14:25||NIFTY27JAN2625100PE,0.1122321144846942
16-01-2026 14:25||NIFTY27JAN2625500CE,0.10054688965125
16-01-2026 14:25||NIFTY27JAN2626500CE,0.1079106339297859
16-01-2026 14:30||NIFTY27JAN2623800PE,0.1936411518008542
16-01-2026 14:30||NIFTY27JAN2624300PE,0.1574422494839642
16-01-2026 14:30||NIFTY27JAN2626300CE,0.1029192275123974
16-01-2026 14:35||NIFTY27JAN2623800PE,0.1960757121786395
16-01-2026 14:35||NIFTY27JAN2624800PE,0.1266061322940262
16-01-2026 14:35||NIFTY27JAN2624900PE,0.1210680357986529
16-01-2026 14:35||NIFTY27JAN2625000PE,0.1159981130264922
16-01-2026 14:35||NIFTY27JAN2625300CE,0.105151630740023
16-01-2026 14:35||NIFTY27JAN2625900CE,0.0964600141475967
16-01-2026 14:35||NIFTY27JAN2626100CE,0.0962561161729222
16-01-2026 14:35||NIFTY27JAN2626200CE,0.0973327329210418
16-01-2026 14:35||NIFTY27JAN2626300CE,0.0994074821158696
16-01-2026 14:35||NIFTY27JAN2626500CE,0.1068363626527253
16-01-2026 14:40||NIFTY27JAN2624200PE,0.1654728220068924
16-01-2026 14:40||NIFTY27JAN2624600PE,0.1379359004844337
16-01-2026 14:40||NIFTY27JAN2624900PE,0.1205150668206724
16-01-2026 14:40||NIFTY27JAN2625800CE,0.099366822462336
16-01-2026 14:40||NIFTY27JAN2626500CE,0.1078697425704338
16-01-2026 14:45||NIFTY27JAN2623900PE,0.1873844380727162
16-01-2026 14:45||NIFTY27JAN2624000PE,0.1795061976725956
16-01-2026 14:45||NIFTY27JAN2624100PE,0.1719383691529973
16-01-2026 14:45||NIFTY27JAN2625000PE,0.1159137479704891
16-01-2026 14:45||NIFTY27JAN2625300CE,0.1107026039600576
16-01-2026 14:45||NIFTY27JAN2625600CE,0.1017853392490654
16-01-2026 14:45||NIFTY27JAN2626300CE,0.0997794674881075
16-01-2026 14:45||NIFTY27JAN2626400CE,0.1031316812768017
16-01-2026 14:50||NIFTY27JAN2623900PE,0.1874130207670865
16-01-2026 14:50||NIFTY27JAN2624100PE,0.1722431551752985
16-01-2026 14:50||NIFTY27JAN2624200PE,0.1647703219364039
16-01-2026 14:50||NIFTY27JAN2624300PE,0.1574216991816466
16-01-2026 14:50||NIFTY27JAN2624700PE,0.1313108449463895
16-01-2026 14:50||NIFTY27JAN2625100PE,0.1113857573985078
16-01-2026 14:55||NIFTY27JAN2624200PE,0.1639916628596454
16-01-2026 14:55||NIFTY27JAN2624900PE,0.1206918222788849
16-01-2026 14:55||NIFTY27JAN2625200CE,0.122549231964048
16-01-2026 14:55||NIFTY27JAN2625300CE,0.117857769384055
16-01-2026 14:55||NIFTY27JAN2625600CE,0.1059860818974996
16-01-2026 14:55||NIFTY27JAN2625700CE,0.1026524119818665
16-01-2026 14:55||NIFTY27JAN2625800CE,0.0999856559478823
16-01-2026 15:00||NIFTY27JAN2624000PE,0.1794583601734396
16-01-2026 15:00||NIFTY27JAN2624800PE,0.127241025319608
16-01-2026 15:00||NIFTY27JAN2624900PE,0.1220422732032337
16-01-2026 15:00||NIFTY27JAN2625500CE,0.0998855268365109
16-01-2026 15:05||NIFTY27JAN2623900PE,0.1870381330153276
16-01-2026 15:05||NIFTY27JAN2624100PE,0.1717811304439349
16-01-2026 15:05||NIFTY27JAN2624200PE,0.1641756547858288
16-01-2026 15:05||NIFTY27JAN2624600PE,0.1375191713529335
16-01-2026 15:05||NIFTY27JAN2624900PE,0.1213555141665875
16-01-2026 15:05||NIFTY27JAN2626200CE,0.0979021610213241
16-01-2026 15:10||NIFTY27JAN2623900PE,0.185952343546728
16-01-2026 15:10||NIFTY27JAN2624700PE,0.1313787947270835
16-01-2026 15:10||NIFTY27JAN2624800PE,0.1260879580739694
16-01-2026 15:10||NIFTY27JAN2625100PE,0.1117573122935898
16-01-2026 15:10||NIFTY27JAN2625600CE,0.100344859812633
16-01-2026 15:15||NIFTY27JAN2623800PE,0.1944893484354312
16-01-2026 15:15||NIFTY27JAN2624200PE,0.1627362932468855
16-01-2026 15:15||NIFTY27JAN2624400PE,0.1490336610645921
16-01-2026 15:15||NIFTY27JAN2624500PE,0.1427943708715592
16-01-2026 15:15||NIFTY27JAN2624700PE,0.1311681672782168
16-01-2026 15:15||NIFTY27JAN2624800PE,0.1257357695004962
16-01-2026 15:15||NIFTY27JAN2625000PE,0.1151838714705286
16-01-2026 15:15||NIFTY27JAN2625300CE,0.1193192438060762
16-01-2026 15:15||NIFTY27JAN2625500CE,0.1095108696656841
16-01-2026 15:15||NIFTY27JAN2626000CE,0.0985547613142542
16-01-2026 15:15||NIFTY27JAN2626100CE,0.0985190981556178
16-01-2026 15:15||NIFTY27JAN2626300CE,0.101670116184203
16-01-2026 15:20||NIFTY27JAN2623900PE,0.1865846240786419
16-01-2026 15:20||NIFTY27JAN2624000PE,0.1786656364779921
16-01-2026 15:20||NIFTY27JAN2624200PE,0.1637313926442949
16-01-2026 15:20||NIFTY27JAN2624400PE,0.1499812618947874
16-01-2026 15:20||NIFTY27JAN2624600PE,0.1372445873547627
16-01-2026 15:20||NIFTY27JAN2624800PE,0.1256935870132969
16-01-2026 15:20||NIFTY27JAN2625500CE,0.1080162194755274
16-01-2026 15:20||NIFTY27JAN2625900CE,0.0987591527392884
16-01-2026 15:20||NIFTY27JAN2626100CE,0.098094358405321
16-01-2026 15:20||NIFTY27JAN2626400CE,0.1053122922277297
16-01-2026 15:20||NIFTY27JAN2626500CE,0.1090991390453663
16-01-2026 15:25||NIFTY27JAN2626400CE,0.1040074597192934
16-01-2026 15:25||NIFTY27JAN2626500CE,0.1083646408456747
19-01-2026 09:15||NIFTY27JAN2624700PE,0.1362931310143945
19-01-2026 09:15||NIFTY27JAN2624900PE,0.1241609524461218
19-01-2026 09:15||NIFTY27JAN2625400CE,0.1273321902193039
19-01-2026 09:15||NIFTY27JAN2625500CE,0.1220527700639452
19-01-2026 09:15||NIFTY27JAN2625900CE,0.1170607090048334
19-01-2026 09:15||NIFTY27JAN2626300CE,0.1258901549970671
19-01-2026 09:15||NIFTY27JAN2626400CE,0.1319723518579026
19-01-2026 09:20||NIFTY27JAN2624600PE,0.1471940176982913
19-01-2026 09:20||NIFTY27JAN2625700CE,0.1004543079025672
19-01-2026 09:20||NIFTY27JAN2626100CE,0.1093823222662357
19-01-2026 09:20||NIFTY27JAN2626400CE,0.1243276914759727
19-01-2026 09:25||NIFTY27JAN2624500PE,0.1523733875725514
19-01-2026 09:25||NIFTY27JAN2625500CE,0.1029410519165201
19-01-2026 09:25||NIFTY27JAN2625600CE,0.102810302431561
19-01-2026 09:25||NIFTY27JAN2625700CE,0.1038016167540291
19-01-2026 09:25||NIFTY27JAN2626100CE,0.1117825485579922
19-01-2026 09:25||NIFTY27JAN2626200CE,0.1155144873055561
19-01-2026 09:25||NIFTY27JAN2626400CE,0.1267579253245431
19-01-2026 09:30||NIFTY27JAN2623800PE,0.2067552587999142
19-01-2026 09:30||NIFTY27JAN2624000PE,0.1914300107211912
19-01-2026 09:30||NIFTY27JAN2624200PE,0.1751164696208998
19-01-2026 09:30||NIFTY27JAN2624300PE,0.1667850120490324
19-01-2026 09:30||NIFTY27JAN2624400PE,0.1584450642902188
19-01-2026 09:30||NIFTY27JAN2624800PE,0.127865568089709
19-01-2026 09:30||NIFTY27JAN2625400CE,0.1273372955845228
19-01-2026 09:30||NIFTY27JAN2625800CE,0.1150350314357315
19-01-2026 09:30||NIFTY27JAN2626500CE,0.1369076930554848
19-01-2026 09:35||NIFTY27JAN2624500PE,0.1550843105864142
19-01-2026 09:35||NIFTY27JAN2624800PE,0.1335220095593094
19-01-2026 09:35||NIFTY27JAN2625500CE,0.0999529430709355
19-01-2026 09:35||NIFTY27JAN2625600CE,0.100608424887704
19-01-2026 09:35||NIFTY27JAN2626200CE,0.1140842536689235
19-01-2026 09:40||NIFTY27JAN2624100PE,0.1843806035421337
19-01-2026 09:40||NIFTY27JAN2624200PE,0.1759052210909396
19-01-2026 09:40||NIFTY27JAN2624400PE,0.1587824202099466
19-01-2026 09:40||NIFTY27JAN2624500PE,0.1503710243904168
19-01-2026 09:40||NIFTY27JAN2624600PE,0.1426152813157471
19-01-2026 09:40||NIFTY27JAN2624900PE,0.1232760865147074
19-01-2026 09:40||NIFTY27JAN2625700CE,0.1089204409088128
19-01-2026 09:40||NIFTY27JAN2626200CE,0.1182782447233953
19-01-2026 09:40||NIFTY27JAN2626300CE,0.1225614532322463
19-01-2026 09:40||NIFTY27JAN2626500CE,0.1332308035423562
19-01-2026 09:45||NIFTY27JAN2623900PE,0.2009233249265603
19-01-2026 09:45||NIFTY27JAN2624000PE,0.1928458351008034
19-01-2026 09:45||NIFTY27JAN2626200CE,0.1165337692591888
19-01-2026 09:50||NIFTY27JAN2623900PE,0.2013709139474679
19-01-2026 09:50||NIFTY27JAN2624700PE,0.1373988905122526
19-01-2026 09:50||NIFTY27JAN2624800PE,0.1312739103923376
19-01-2026 09:50||NIFTY27JAN2625300CE,0.1006643471555776
19-01-2026 09:50||NIFTY27JAN2625900CE,0.1053363332525098
19-01-2026 09:50||NIFTY27JAN2626200CE,0.1150558304378477
19-01-2026 09:55||NIFTY27JAN2624700PE,0.1377151917404556
19-01-2026 09:55||NIFTY27JAN2625400CE,0.101542604085097
19-01-2026 09:55||NIFTY27JAN2625700CE,0.1026998705077795
19-01-2026 09:55||NIFTY27JAN2626400CE,0.1267119310109692
19-01-2026 10:00||NIFTY27JAN2624400PE,0.1577396004431388
19-01-2026 10:00||NIFTY27JAN2625000PE,0.119252287477955
19-01-2026 10:00||NIFTY27JAN2625700CE,0.1060604422213807
19-01-2026 10:00||NIFTY27JAN2625900CE,0.1084902902999699
19-01-2026 10:05||NIFTY27JAN2624500PE,0.1480305317622361
19-01-2026 10:05||NIFTY27JAN2624800PE,0.1268747588067046
19-01-2026 10:05||NIFTY27JAN2625200CE,0.1254445388028161
19-01-2026 10:05||NIFTY27JAN2625500CE,0.1141235537093599
19-01-2026 10:05||NIFTY27JAN2626100CE,0.1172615304345347
19-01-2026 10:05||NIFTY27JAN2626200CE,0.1214230253525545
19-01-2026 10:10||NIFTY27JAN2623800PE,0.2086265503964014
19-01-2026 10:10||NIFTY27JAN2624200PE,0.1744567860703873
19-01-2026 10:10||NIFTY27JAN2624400PE,0.157555895854856
19-01-2026 10:10||NIFTY27JAN2625100PE,0.1162417014507036
19-01-2026 10:15||NIFTY27JAN2624200PE,0.1745420399847297
19-01-2026 10:15||NIFTY27JAN2624400PE,0.1574103705717277
19-01-2026 10:15||NIFTY27JAN2624700PE,0.134525727088555
19-01-2026 10:15||NIFTY27JAN2624800PE,0.1285721728529231
19-01-2026 10:15||NIFTY27JAN2625100PE,0.1162191987587919
19-01-2026 10:15||NIFTY27JAN2625500CE,0.1088305858511585
19-01-2026 10:15||NIFTY27JAN2625700CE,0.1070418241541113
19-01-2026 10:15||NIFTY27JAN2626200CE,0.1195887431820392
19-01-2026 10:15||NIFTY27JAN2626500CE,0.1363646320228957
19-01-2026 10:20||NIFTY27JAN2623900PE,0.2012371109507993
19-01-2026 10:20||NIFTY27JAN2624100PE,0.1849669544150098
19-01-2026 10:20||NIFTY27JAN2625500CE,0.1073535670882048
19-01-2026 10:20||NIFTY27JAN2626300CE,0.1230101531628105
19-01-2026 10:25||NIFTY27JAN2625400CE,0.1027018982532043
19-01-2026 10:25||NIFTY27JAN2626100CE,0.1139117374488593
19-01-2026 10:25||NIFTY27JAN2626400CE,0.129003768984782
19-01-2026 10:25||NIFTY27JAN2626500CE,0.1349718234688371
19-01-2026 10:30||NIFTY27JAN2623800PE,0.2081976979030899
19-01-2026 10:30||NIFTY27JAN2623900PE,0.1997394805911315
19-01-2026 10:30||NIFTY27JAN2624600PE,0.1424288909140251
19-01-2026 10:30||NIFTY27JAN2624700PE,0.1366054735693345
19-01-2026 10:30||NIFTY27JAN2624800PE,0.1314680839408521
19-01-2026 10:30||NIFTY27JAN2624900PE,0.1264805464370846
19-01-2026 10:30||NIFTY27JAN2626200CE,0.1200531575065555
19-01-2026 10:35||NIFTY27JAN2623800PE,0.2049579052125149
19-01-2026 10:35||NIFTY27JAN2624700PE,0.1364618099610174
19-01-2026 10:35||NIFTY27JAN2624800PE,0.1309278583687182
19-01-2026 10:35||NIFTY27JAN2625000PE,0.12175824084575
19-01-2026 10:35||NIFTY27JAN2625200CE,0.1098590280112424
19-01-2026 10:35||NIFTY27JAN2626300CE,0.1252585241490678
19-01-2026 10:40||NIFTY27JAN2623800PE,0.204231153441706
19-01-2026 10:40||NIFTY27JAN2623900PE,0.1965392470718942
19-01-2026 10:40||NIFTY27JAN2624000PE,0.1890464503466528
19-01-2026 10:40||NIFTY27JAN2624700PE,0.134662085323611
19-01-2026 10:40||NIFTY27JAN2625400CE,0.1170910374600786
19-01-2026 10:40||NIFTY27JAN2625700CE,0.1116311478446463
19-01-2026 10:45||NIFTY27JAN2624000PE,0.1921541682806845
19-01-2026 10:45||NIFTY27JAN2624700PE,0.1376219987597697
19-01-2026 10:45||NIFTY27JAN2625600CE,0.1067518694843619
19-01-2026 10:45||NIFTY27JAN2626200CE,0.1191706564158635
19-01-2026 10:50||NIFTY27JAN2625100PE,0.1159318966681972
19-01-2026 10:50||NIFTY27JAN2625200CE,0.1226361642787202
19-01-2026 10:50||NIFTY27JAN2626200CE,0.1206873159679725
19-01-2026 10:55||NIFTY27JAN2624100PE,0.1833539958875737
19-01-2026 10:55||NIFTY27JAN2624200PE,0.1747754920206153
19-01-2026 10:55||NIFTY27JAN2624500PE,0.1492802032857761
19-01-2026 10:55||NIFTY27JAN2625400CE,0.1208684630311564
19-01-2026 10:55||NIFTY27JAN2625500CE,0.1170266987867167
19-01-2026 10:55||NIFTY27JAN2625900CE,0.1119260796010644
19-01-2026 10:55||NIFTY27JAN2626000CE,0.1137808342689978
19-01-2026 11:00||NIFTY27JAN2623900PE,0.2027468772010309
19-01-2026 11:00||NIFTY27JAN2624400PE,0.1597954653941779
19-01-2026 11:00||NIFTY27JAN2625400CE,0.115745827081332
19-01-2026 11:00||NIFTY27JAN2625600CE,0.11167003006298
19-01-2026 11:00||NIFTY27JAN2625700CE,0.1100090977702855
19-01-2026 11:00||NIFTY27JAN2625800CE,0.1094595075612278
19-01-2026 11:00||NIFTY27JAN2626300CE,0.1229535005927356
19-01-2026 11:00||NIFTY27JAN2626500CE,0.133455401321449
19-01-2026 11:05||NIFTY27JAN2623800PE,0.2130529848709284
19-01-2026 11:05||NIFTY27JAN2623900PE,0.2038152800623874
19-01-2026 11:05||NIFTY27JAN2624200PE,0.1785198961619327
19-01-2026 11:05||NIFTY27JAN2624500PE,0.1547555422772994
19-01-2026 11:05||NIFTY27JAN2625000PE,0.1248689230532601
19-01-2026 11:05||NIFTY27JAN2625600CE,0.1010837644187175
19-01-2026 11:05||NIFTY27JAN2626100CE,0.1102172321637105
19-01-2026 11:10||NIFTY27JAN2624300PE,0.1680585373163241
19-01-2026 11:10||NIFTY27JAN2625800CE,0.1057080277573789
19-01-2026 11:15||NIFTY27JAN2624400PE,0.1600074052299947
19-01-2026 11:15||NIFTY27JAN2624500PE,0.1526283927690854
19-01-2026 11:15||NIFTY27JAN2624600PE,0.1455994568715049
19-01-2026 11:15||NIFTY27JAN2624700PE,0.1390999061105687
19-01-2026 11:15||NIFTY27JAN2624900PE,0.1278108834594174
19-01-2026 11:15||NIFTY27JAN2625100PE,0.1187807447050963
19-01-2026 11:20||NIFTY27JAN2623800PE,0.2049117827009458
19-01-2026 11:20||NIFTY27JAN2624200PE,0.1743808060692552
19-01-2026 11:20||NIFTY27JAN2624300PE,0.1660172900369225
19-01-2026 11:20||NIFTY27JAN2624500PE,0.1500680697793715
19-01-2026 11:20||NIFTY27JAN2624900PE,0.124939884903663
19-01-2026 11:20||NIFTY27JAN2625400CE,0.1134575655506132
19-01-2026 11:20||NIFTY27JAN2625500CE,0.1104931848871309
19-01-2026 11:20||NIFTY27JAN2625600CE,0.1087812604381944
19-01-2026 11:20||NIFTY27JAN2625700CE,0.1082107167915645
19-01-2026 11:20||NIFTY27JAN2626200CE,0.120167266973712
19-01-2026 11:20||NIFTY27JAN2626300CE,0.125105885614005
19-01-2026 11:20||NIFTY27JAN2626500CE,0.1363810046762453
19-01-2026 11:25||NIFTY27JAN2624900PE,0.1250237243418129
19-01-2026 11:25||NIFTY27JAN2625300CE,0.1180864703899297
19-01-2026 11:25||NIFTY27JAN2625400CE,0.1146875012818273
19-01-2026 11:30||NIFTY27JAN2624100PE,0.1838541639052066
19-01-2026 11:30||NIFTY27JAN2624600PE,0.1435878936701243
19-01-2026 11:30||NIFTY27JAN2624900PE,0.1249517722085429
19-01-2026 11:30||NIFTY27JAN2625000PE,0.1199017220937052
19-01-2026 11:30||NIFTY27JAN2625500CE,0.1128964203681144
19-01-2026 11:30||NIFTY27JAN2625700CE,0.1092462905213233
19-01-2026 11:30||NIFTY27JAN2626500CE,0.1356353748799537
19-01-2026 11:35||NIFTY27JAN2623900PE,0.1995241110067465
19-01-2026 11:35||NIFTY27JAN2624600PE,0.1428883047450137
19-01-2026 11:35||NIFTY27JAN2625800CE,0.1098893041040944
19-01-2026 11:35||NIFTY27JAN2626000CE,0.1123171232627351
19-01-2026 11:35||NIFTY27JAN2626200CE,0.1198123193445251
19-01-2026 11:35||NIFTY27JAN2626300CE,0.1245729832004253
19-01-2026 11:35||NIFTY27JAN2626400CE,0.1300925579395599
19-01-2026 11:35||NIFTY27JAN2626500CE,0.136386573006602
19-01-2026 11:40||NIFTY27JAN2623800PE,0.2073492182445698
19-01-2026 11:40||NIFTY27JAN2624100PE,0.1857140142867769
19-01-2026 11:40||NIFTY27JAN2624200PE,0.1770436446469883
19-01-2026 11:40||NIFTY27JAN2624400PE,0.1596683238377763
19-01-2026 11:40||NIFTY27JAN2624500PE,0.1514228603878622
19-01-2026 11:40||NIFTY27JAN2625100PE,0.1160802603412217
19-01-2026 11:45||NIFTY27JAN2624300PE,0.1685099927587417
19-01-2026 11:45||NIFTY27JAN2625400CE,0.1136830542935503
19-01-2026 11:50||NIFTY27JAN2624600PE,0.1451640888535506
19-01-2026 11:50||NIFTY27JAN2625200CE,0.1139676776181802
19-01-2026 11:50||NIFTY27JAN2626300CE,0.1223577642066971
19-01-2026 11:55||NIFTY27JAN2623800PE,0.2066410074683776
19-01-2026 11:55||NIFTY27JAN2624300PE,0.1690263375895497
19-01-2026 11:55||NIFTY27JAN2624500PE,0.1532951416581441
19-01-2026 11:55||NIFTY27JAN2624600PE,0.1460190981564233
19-01-2026 11:55||NIFTY27JAN2624700PE,0.1392766643199513
19-01-2026 11:55||NIFTY27JAN2625900CE,0.1055407736669526
19-01-2026 11:55||NIFTY27JAN2626200CE,0.1163697222850627
19-01-2026 12:00||NIFTY27JAN2624200PE,0.1756349539751799
19-01-2026 12:00||NIFTY27JAN2624300PE,0.1674542472252596
19-01-2026 12:00||NIFTY27JAN2624400PE,0.1594939820074815
19-01-2026 12:00||NIFTY27JAN2624500PE,0.1518376260144045
19-01-2026 12:00||NIFTY27JAN2624700PE,0.1381582515293679
19-01-2026 12:00||NIFTY27JAN2625000PE,0.1217994841405479
19-01-2026 12:00||NIFTY27JAN2626100CE,0.1136323067127366
19-01-2026 12:00||NIFTY27JAN2626500CE,0.1346857743591821
19-01-2026 12:05||NIFTY27JAN2623900PE,0.200353712879026
19-01-2026 12:05||NIFTY27JAN2624400PE,0.1605299434881407
19-01-2026 12:05||NIFTY27JAN2624500PE,0.1526826410229545
19-01-2026 12:05||NIFTY27JAN2625200CE,0.1135194201629083
19-01-2026 12:05||NIFTY27JAN2625400CE,0.1081520629704164
19-01-2026 12:05||NIFTY27JAN2625500CE,0.1062804890531696
19-01-2026 12:05||NIFTY27JAN2625700CE,0.1049044920403477
19-01-2026 12:05||NIFTY27JAN2626100CE,0.1147187489334909
19-01-2026 12:05||NIFTY27JAN2626200CE,0.1193005162406173
19-01-2026 12:05||NIFTY27JAN2626400CE,0.1291100556612906
19-01-2026 12:05||NIFTY27JAN2626500CE,0.1343568035918945
19-01-2026 12:10||NIFTY27JAN2623900PE,0.2007161215465657
19-01-2026 12:10||NIFTY27JAN2625600CE,0.1095347095652742
19-01-2026 12:10||NIFTY27JAN2626400CE,0.1303338491762073
19-01-2026 12:15||NIFTY27JAN2623900PE,0.2005451462787862
19-01-2026 12:15||NIFTY27JAN2624100PE,0.1849377459984044
19-01-2026 12:15||NIFTY27JAN2624300PE,0.1682563321343711
19-01-2026 12:20||NIFTY27JAN2623800PE,0.2088021925600349
19-01-2026 12:20||NIFTY27JAN2624400PE,0.1618636111362373
19-01-2026 12:20||NIFTY27JAN2625100PE,0.1181697941214762
19-01-2026 12:20||NIFTY27JAN2625300CE,0.1083366371594274
19-01-2026 12:20||NIFTY27JAN2626200CE,0.1156755238490114
19-01-2026 12:25||NIFTY27JAN2623800PE,0.2077469140131082
19-01-2026 12:25||NIFTY27JAN2625700CE,0.1050175432223051
19-01-2026 12:25||NIFTY27JAN2626500CE,0.1344031043950184
19-01-2026 12:30||NIFTY27JAN2623900PE,0.2010046596130372
19-01-2026 12:30||NIFTY27JAN2624300PE,0.1686399888013998
19-01-2026 12:30||NIFTY27JAN2624500PE,0.152350184912433
19-01-2026 12:30||NIFTY27JAN2625000PE,0.1203403347290252
19-01-2026 12:30||NIFTY27JAN2625400CE,0.1088027053914376
19-01-2026 12:30||NIFTY27JAN2626500CE,0.1348773293117172
19-01-2026 12:35||NIFTY27JAN2624100PE,0.1850351107217993
19-01-2026 12:35||NIFTY27JAN2624200PE,0.1768941938640557
19-01-2026 12:35||NIFTY27JAN2624400PE,0.1603029523192063
19-01-2026 12:35||NIFTY27JAN2624700PE,0.1380306226926958
19-01-2026 12:35||NIFTY27JAN2625000PE,0.1211367502872538
19-01-2026 12:35||NIFTY27JAN2625300CE,0.1105785222743224
19-01-2026 12:40||NIFTY27JAN2623800PE,0.2071519282136346
19-01-2026 12:40||NIFTY27JAN2625700CE,0.108621741028013
19-01-2026 12:40||NIFTY27JAN2625800CE,0.1087401860728692
19-01-2026 12:40||NIFTY27JAN2626400CE,0.1312887788374961
19-01-2026 12:45||NIFTY27JAN2626000CE,0.1098570724235793
19-01-2026 12:45||NIFTY27JAN2626100CE,0.1136338933224496
19-01-2026 12:45||NIFTY27JAN2626400CE,0.1291956248518564
19-01-2026 12:50||NIFTY27JAN2623800PE,0.206859209015757
19-01-2026 12:50||NIFTY27JAN2624200PE,0.175288517506255
19-01-2026 12:50||NIFTY27JAN2625900CE,0.110119206734332
19-01-2026 12:50||NIFTY27JAN2626500CE,0.1354034198900944
19-01-2026 12:55||NIFTY27JAN2623900PE,0.2029981890844903
19-01-2026 12:55||NIFTY27JAN2624100PE,0.1874337996655202
19-01-2026 12:55||NIFTY27JAN2624300PE,0.1703899874325181
19-01-2026 12:55||NIFTY27JAN2624400PE,0.1616729092561177
19-01-2026 12:55||NIFTY27JAN2624500PE,0.1533352134580574
19-01-2026 12:55||NIFTY27JAN2624700PE,0.1382002896768445
19-01-2026 12:55||NIFTY27JAN2625100PE,0.1175550591560036
19-01-2026 12:55||NIFTY27JAN2625700CE,0.1055418849039991
19-01-2026 12:55||NIFTY27JAN2626000CE,0.1092696814401004
19-01-2026 13:00||NIFTY27JAN2623900PE,0.2048992974913588
19-01-2026 13:00||NIFTY27JAN2624000PE,0.1971761585463065
19-01-2026 13:00||NIFTY27JAN2624400PE,0.1632150455155313
19-01-2026 13:00||NIFTY27JAN2624700PE,0.139875518041663
19-01-2026 13:00||NIFTY27JAN2625400CE,0.1094160841635616
19-01-2026 13:00||NIFTY27JAN2625600CE,0.105755259923043
19-01-2026 13:00||NIFTY27JAN2625900CE,0.1063034151809073
19-01-2026 13:00||NIFTY27JAN2626200CE,0.1163957367649925
19-01-2026 13:00||NIFTY27JAN2626500CE,0.1328105355503675
19-01-2026 13:05||NIFTY27JAN2624600PE,0.1470646545944016
19-01-2026 13:05||NIFTY27JAN2625100PE,0.1186472137102123
19-01-2026 13:05||NIFTY27JAN2625700CE,0.1032623319611927
19-01-2026 13:10||NIFTY27JAN2623800PE,0.2135080271365395
19-01-2026 13:10||NIFTY27JAN2623900PE,0.2054322521984968
19-01-2026 13:10||NIFTY27JAN2624400PE,0.1638624879530298
19-01-2026 13:10||NIFTY27JAN2624500PE,0.1553585975138412
19-01-2026 13:10||NIFTY27JAN2624600PE,0.1472513109577388
19-01-2026 13:10||NIFTY27JAN2626200CE,0.1154206671120985
19-01-2026 13:10||NIFTY27JAN2626300CE,0.1205889062264928
19-01-2026 13:15||NIFTY27JAN2625800CE,0.1072425384382048
19-01-2026 13:20||NIFTY27JAN2624400PE,0.1627096619698358
19-01-2026 13:20||NIFTY27JAN2624800PE,0.132104263604464
19-01-2026 13:20||NIFTY27JAN2624900PE,0.126214799697204
19-01-2026 13:20||NIFTY27JAN2625000PE,0.1211001854679604
19-01-2026 13:20||NIFTY27JAN2625200CE,0.1113425976644247
19-01-2026 13:20||NIFTY27JAN2625400CE,0.1065163967138625
19-01-2026 13:25||NIFTY27JAN2623900PE,0.2047785071700058
19-01-2026 13:25||NIFTY27JAN2625000PE,0.1197585460353578
19-01-2026 13:25||NIFTY27JAN2625300CE,0.1119529900982352
19-01-2026 13:25||NIFTY27JAN2625400CE,0.1092021296665208
19-01-2026 13:25||NIFTY27JAN2625900CE,0.1064446011690221
19-01-2026 13:25||NIFTY27JAN2626200CE,0.117397213689562
19-01-2026 13:25||NIFTY27JAN2626500CE,0.1337082671602945
19-01-2026 13:30||NIFTY27JAN2624300PE,0.1701675283894797
19-01-2026 13:30||NIFTY27JAN2624900PE,0.1249643633258807
19-01-2026 13:30||NIFTY27JAN2625100PE,0.1148647735288091
19-01-2026 13:30||NIFTY27JAN2625800CE,0.106614830317606
19-01-2026 13:30||NIFTY27JAN2626100CE,0.1135046535602118
19-01-2026 13:30||NIFTY27JAN2626300CE,0.1225948773972456
19-01-2026 13:30||NIFTY27JAN2626500CE,0.1333064569413289
19-01-2026 13:35||NIFTY27JAN2624400PE,0.1638237852031761
19-01-2026 13:35||NIFTY27JAN2624900PE,0.1271711256816745
19-01-2026 13:35||NIFTY27JAN2626200CE,0.1157919743593891
19-01-2026 13:35||NIFTY27JAN2626400CE,0.1264774871354495
19-01-2026 13:40||NIFTY27JAN2624800PE,0.1341130923268792
19-01-2026 13:40||NIFTY27JAN2625300CE,0.1029712899199243
19-01-2026 13:40||NIFTY27JAN2625400CE,0.1027685483823981
19-01-2026 13:40||NIFTY27JAN2625600CE,0.1016870881523093
19-01-2026 13:40||NIFTY27JAN2625800CE,0.1024502291458774
19-01-2026 13:40||NIFTY27JAN2625900CE,0.1040147822475928
19-01-2026 13:45||NIFTY27JAN2624300PE,0.1689382619916228
19-01-2026 13:45||NIFTY27JAN2624700PE,0.1357159866016553
19-01-2026 13:45||NIFTY27JAN2625100PE,0.1108385426012123
19-01-2026 13:45||NIFTY27JAN2625500CE,0.1205190831888139
19-01-2026 13:45||NIFTY27JAN2626500CE,0.133328500536678
19-01-2026 13:50||NIFTY27JAN2623900PE,0.2056412878725228
19-01-2026 13:50||NIFTY27JAN2624200PE,0.1814503928596998
19-01-2026 13:50||NIFTY27JAN2625100PE,0.1172654118237388
19-01-2026 13:50||NIFTY27JAN2625400CE,0.1163296863091374
19-01-2026 13:50||NIFTY27JAN2625700CE,0.1070304593315489
19-01-2026 13:50||NIFTY27JAN2626200CE,0.1141145420256777
19-01-2026 13:55||NIFTY27JAN2624500PE,0.1590875509745545
19-01-2026 13:55||NIFTY27JAN2624600PE,0.1508518594243629
19-01-2026 13:55||NIFTY27JAN2625600CE,0.1033843763176287
19-01-2026 13:55||NIFTY27JAN2625700CE,0.1025436833475089
19-01-2026 13:55||NIFTY27JAN2625800CE,0.1020058895122617
19-01-2026 13:55||NIFTY27JAN2625900CE,0.1026327246594113
19-01-2026 13:55||NIFTY27JAN2626200CE,0.1108535603935618
19-01-2026 14:00||NIFTY27JAN2624100PE,0.1936687529988702
19-01-2026 14:00||NIFTY27JAN2624600PE,0.1500947000485864
19-01-2026 14:00||NIFTY27JAN2625300CE,0.1216306006608477
19-01-2026 14:00||NIFTY27JAN2625800CE,0.1079412088307064
19-01-2026 14:00||NIFTY27JAN2625900CE,0.1073407293939724
19-01-2026 14:00||NIFTY27JAN2626100CE,0.1097153073467865
19-01-2026 14:05||NIFTY27JAN2623800PE,0.2173346826619379
19-01-2026 14:05||NIFTY27JAN2624200PE,0.1874709072548687
19-01-2026 14:05||NIFTY27JAN2624500PE,0.1610491668326762
19-01-2026 14:05||NIFTY27JAN2625000PE,0.124412884680953
19-01-2026 14:05||NIFTY27JAN2625400CE,0.107411201681489
19-01-2026 14:05||NIFTY27JAN2626500CE,0.1232576736598262
19-01-2026 14:10||NIFTY27JAN2624400PE,0.1695293279794194
19-01-2026 14:10||NIFTY27JAN2624500PE,0.1605693160317363
19-01-2026 14:10||NIFTY27JAN2625100PE,0.1209561591285085
19-01-2026 14:10||NIFTY27JAN2625200CE,0.1017590285759469
19-01-2026 14:10||NIFTY27JAN2626100CE,0.1036076471790383
19-01-2026 14:15||NIFTY27JAN2623800PE,0.2142286944686571
19-01-2026 14:15||NIFTY27JAN2624100PE,0.1937952400615789
19-01-2026 14:15||NIFTY27JAN2624200PE,0.1853409788735635
19-01-2026 14:15||NIFTY27JAN2624500PE,0.1577191075170227
19-01-2026 14:15||NIFTY27JAN2624700PE,0.1407266684648335
19-01-2026 14:15||NIFTY27JAN2624800PE,0.133322964866544
19-01-2026 14:15||NIFTY27JAN2625100PE,0.1155331861504132
19-01-2026 14:15||NIFTY27JAN2626400CE,0.1219223246745623
19-01-2026 14:20||NIFTY27JAN2624200PE,0.1855888394095039
19-01-2026 14:20||NIFTY27JAN2624500PE,0.1597679684621891
19-01-2026 14:20||NIFTY27JAN2625800CE,0.1021200168023485
19-01-2026 14:20||NIFTY27JAN2626000CE,0.1033910214996604
19-01-2026 14:25||NIFTY27JAN2624000PE,0.2022868146196016
19-01-2026 14:25||NIFTY27JAN2625100PE,0.1202535066983909
19-01-2026 14:25||NIFTY27JAN2625700CE,0.0984693297406602
19-01-2026 14:25||NIFTY27JAN2625900CE,0.0991565764500168
19-01-2026 14:25||NIFTY27JAN2626000CE,0.1008858254356374
19-01-2026 14:25||NIFTY27JAN2626500CE,0.1240507174185968
19-01-2026 14:30||NIFTY27JAN2624100PE,0.1934180195559187
19-01-2026 14:30||NIFTY27JAN2624300PE,0.1763601255216848
19-01-2026 14:30||NIFTY27JAN2624700PE,0.1427072960737828
19-01-2026 14:30||NIFTY27JAN2624800PE,0.1355310304310782
19-01-2026 14:30||NIFTY27JAN2625000PE,0.1231263625724741
19-01-2026 14:35||NIFTY27JAN2623800PE,0.2154410542331876
19-01-2026 14:35||NIFTY27JAN2624300PE,0.1754951165628636
19-01-2026 14:35||NIFTY27JAN2625000PE,0.1225274126934694
19-01-2026 14:35||NIFTY27JAN2625800CE,0.1040037340612139
19-01-2026 14:35||NIFTY27JAN2626100CE,0.1068389805923767
19-01-2026 14:35||NIFTY27JAN2626300CE,0.1145455249190142
19-01-2026 14:35||NIFTY27JAN2626400CE,0.1199534557869736
19-01-2026 14:40||NIFTY27JAN2624000PE,0.2018289205463034
19-01-2026 14:40||NIFTY27JAN2624300PE,0.1769900032450037
19-01-2026 14:40||NIFTY27JAN2624700PE,0.1442777092908032
19-01-2026 14:40||NIFTY27JAN2625200CE,0.1121857334984057
19-01-2026 14:45||NIFTY27JAN2623900PE,0.211366287328969
19-01-2026 14:45||NIFTY27JAN2624100PE,0.195051111510308
19-01-2026 14:45||NIFTY27JAN2624400PE,0.1690745832773783
19-01-2026 14:45||NIFTY27JAN2624600PE,0.1522018893676772
19-01-2026 14:45||NIFTY27JAN2624800PE,0.1372987451107189
19-01-2026 14:45||NIFTY27JAN2625800CE,0.1002435678828311
19-01-2026 14:45||NIFTY27JAN2626000CE,0.1017100131132999
19-01-2026 14:50||NIFTY27JAN2624000PE,0.2032149754097472
19-01-2026 14:50||NIFTY27JAN2624200PE,0.1868159035856056
19-01-2026 14:50||NIFTY27JAN2624500PE,0.1612967379074979
19-01-2026 14:50||NIFTY27JAN2625100PE,0.1197921448194191
19-01-2026 14:50||NIFTY27JAN2625700CE,0.1019392470946738
19-01-2026 14:55||NIFTY27JAN2623800PE,0.2201525586646702
19-01-2026 14:55||NIFTY27JAN2624400PE,0.1710103859893571
19-01-2026 14:55||NIFTY27JAN2625300CE,0.1048434757257461
19-01-2026 14:55||NIFTY27JAN2625400CE,0.1029805601278618
19-01-2026 14:55||NIFTY27JAN2626000CE,0.0998813529697018
19-01-2026 14:55||NIFTY27JAN2626100CE,0.1021986678769917
19-01-2026 15:00||NIFTY27JAN2624300PE,0.1808393942914451
19-01-2026 15:00||NIFTY27JAN2625000PE,0.1282668202057421
19-01-2026 15:00||NIFTY27JAN2625600CE,0.0922660138473336
19-01-2026 15:00||NIFTY27JAN2626000CE,0.0958418865147014
19-01-2026 15:00||NIFTY27JAN2626300CE,0.1077091589901699
19-01-2026 15:05||NIFTY27JAN2623900PE,0.2100587220325943
19-01-2026 15:05||NIFTY27JAN2625700CE,0.0951489961805403
19-01-2026 15:05||NIFTY27JAN2626000CE,0.0979620888350774
19-01-2026 15:05||NIFTY27JAN2626400CE,0.1163319034882972
19-01-2026 15:10||NIFTY27JAN2624100PE,0.1933628538775729
19-01-2026 15:10||NIFTY27JAN2624300PE,0.1765886073290504
19-01-2026 15:10||NIFTY27JAN2624800PE,0.1383144765546719
19-01-2026 15:10||NIFTY27JAN2625800CE,0.0966329085554206
19-01-2026 15:10||NIFTY27JAN2626100CE,0.1023149912426271
19-01-2026 15:15||NIFTY27JAN2624200PE,0.1853280954233296
19-01-2026 15:15||NIFTY27JAN2624400PE,0.1687670854460866
19-01-2026 15:15||NIFTY27JAN2624500PE,0.1608484690818566
19-01-2026 15:15||NIFTY27JAN2624600PE,0.1531946055309327
19-01-2026 15:15||NIFTY27JAN2624700PE,0.1460503783503345
19-01-2026 15:15||NIFTY27JAN2625300CE,0.085306052171776
19-01-2026 15:15||NIFTY27JAN2625400CE,0.0889770815251172
19-01-2026 15:15||NIFTY27JAN2626200CE,0.105170380967982
19-01-2026 15:20||NIFTY27JAN2624500PE,0.1570968554794655
19-01-2026 15:20||NIFTY27JAN2625200CE,0.0966108261392508
19-01-2026 15:20||NIFTY27JAN2625800CE,0.0957732970836336
19-01-2026 15:20||NIFTY27JAN2626400CE,0.1214180625254659
19-01-2026 15:20||NIFTY27JAN2626500CE,0.1292945059329663
19-01-2026 15:25||NIFTY27JAN2624300PE,0.173303719758651
19-01-2026 15:25||NIFTY27JAN2624400PE,0.1650931484279301
19-01-2026 15:25||NIFTY27JAN2624700PE,0.1429689410830998
19-01-2026 15:25||NIFTY27JAN2625800CE,0.094051644774544
19-01-2026 15:25||NIFTY27JAN2626300CE,0.1137181625315423
20-01-2026 09:15||NIFTY27JAN2623900PE,0.2084184224402907
20-01-2026 09:15||NIFTY27JAN2624000PE,0.2004366567967347
20-01-2026 09:15||NIFTY27JAN2624100PE,0.191604359512432
20-01-2026 09:15||NIFTY27JAN2624400PE,0.1668508978330726
20-01-2026 09:15||NIFTY27JAN2624600PE,0.1519519273692312
20-01-2026 09:15||NIFTY27JAN2625200CE,0.1099120841893116
20-01-2026 09:15||NIFTY27JAN2625500CE,0.1023015285700309
20-01-2026 09:15||NIFTY27JAN2626200CE,0.1134517008011047
20-01-2026 09:15||NIFTY27JAN2626300CE,0.1198705206200198
20-01-2026 09:15||NIFTY27JAN2626400CE,0.1255154943720581
20-01-2026 09:20||NIFTY27JAN2623800PE,0.2146971084997887
20-01-2026 09:20||NIFTY27JAN2624000PE,0.1982737497653232
20-01-2026 09:20||NIFTY27JAN2624700PE,0.1455929045564272
20-01-2026 09:20||NIFTY27JAN2625200CE,0.0846106546974524
20-01-2026 09:20||NIFTY27JAN2625400CE,0.0906090857837022
20-01-2026 09:20||NIFTY27JAN2625500CE,0.0912114990664657
20-01-2026 09:20||NIFTY27JAN2625800CE,0.0969243920082676
20-01-2026 09:20||NIFTY27JAN2626300CE,0.1190424460716528
20-01-2026 09:20||NIFTY27JAN2626500CE,0.1333395906623241
20-01-2026 09:25||NIFTY27JAN2623900PE,0.2033805531045139
20-01-2026 09:25||NIFTY27JAN2625000PE,0.1250794826373535
20-01-2026 09:25||NIFTY27JAN2625400CE,0.1050776871400415
20-01-2026 09:30||NIFTY27JAN2623900PE,0.20257292160809
20-01-2026 09:30||NIFTY27JAN2624400PE,0.1600461672145287
20-01-2026 09:30||NIFTY27JAN2624800PE,0.1320358248199946
20-01-2026 09:30||NIFTY27JAN2625700CE,0.1076667860822767
20-01-2026 09:30||NIFTY27JAN2626100CE,0.1169231274549933
20-01-2026 09:30||NIFTY27JAN2626300CE,0.1285119096188768
20-01-2026 09:35||NIFTY27JAN2624500PE,0.1533703151196598
20-01-2026 09:35||NIFTY27JAN2625200CE,0.1072246914900232
20-01-2026 09:35||NIFTY27JAN2625700CE,0.1055663118245426
20-01-2026 09:35||NIFTY27JAN2625800CE,0.1067305362223202
20-01-2026 09:35||NIFTY27JAN2626200CE,0.122764597869651
20-01-2026 09:40||NIFTY27JAN2623800PE,0.2139867293408058
20-01-2026 09:40||NIFTY27JAN2624100PE,0.1868811898366626
20-01-2026 09:40||NIFTY27JAN2625000PE,0.121531341919341
20-01-2026 09:40||NIFTY27JAN2625900CE,0.1135902936795899
20-01-2026 09:40||NIFTY27JAN2626100CE,0.1211022370340236
20-01-2026 09:40||NIFTY27JAN2626200CE,0.1264480219894197
20-01-2026 09:40||NIFTY27JAN2626400CE,0.1396919404316234
20-01-2026 09:45||NIFTY27JAN2624800PE,0.1330397457554639
20-01-2026 09:45||NIFTY27JAN2625500CE,0.1122531792282246
20-01-2026 09:45||NIFTY27JAN2626200CE,0.126183092749707
20-01-2026 09:45||NIFTY27JAN2626300CE,0.1326029775963366
20-01-2026 09:50||NIFTY27JAN2624100PE,0.188861508158277
20-01-2026 09:50||NIFTY27JAN2624800PE,0.1354682524991671
20-01-2026 09:50||NIFTY27JAN2625100PE,0.1239501066070933
20-01-2026 09:50||NIFTY27JAN2625200CE,0.1035414967135017
20-01-2026 09:55||NIFTY27JAN2623900PE,0.2044184781295814
20-01-2026 09:55||NIFTY27JAN2624100PE,0.1860589554818895
20-01-2026 09:55||NIFTY27JAN2625000PE,0.1224503407202871
20-01-2026 10:00||NIFTY27JAN2623900PE,0.2059432638412511
20-01-2026 10:00||NIFTY27JAN2624600PE,0.1454161596046956
20-01-2026 10:00||NIFTY27JAN2624700PE,0.1384682386493556
20-01-2026 10:00||NIFTY27JAN2625200CE,0.1212793951134866
20-01-2026 10:00||NIFTY27JAN2625400CE,0.1154015838002485
20-01-2026 10:00||NIFTY27JAN2625700CE,0.1107123065523492
20-01-2026 10:00||NIFTY27JAN2626000CE,0.1161143679564915
20-01-2026 10:00||NIFTY27JAN2626200CE,0.1259212261575535
20-01-2026 10:05||NIFTY27JAN2626100CE,0.1202010867834149
20-01-2026 10:05||NIFTY27JAN2626200CE,0.1253257198327523
20-01-2026 10:05||NIFTY27JAN2626500CE,0.1452027148597034
20-01-2026 10:10||NIFTY27JAN2624900PE,0.1298335022908974
20-01-2026 10:10||NIFTY27JAN2625100PE,0.122013037288373
20-01-2026 10:10||NIFTY27JAN2626500CE,0.1433275494398715
20-01-2026 10:15||NIFTY27JAN2624000PE,0.1949585278803382
20-01-2026 10:15||NIFTY27JAN2625800CE,0.1118834289289286
20-01-2026 10:15||NIFTY27JAN2626300CE,0.13089738600818
20-01-2026 10:20||NIFTY27JAN2624100PE,0.1879239954681743
20-01-2026 10:20||NIFTY27JAN2625700CE,0.1055698315571778
20-01-2026 10:20||NIFTY27JAN2626000CE,0.111832005649488
20-01-2026 10:25||NIFTY27JAN2623800PE,0.2139580178710847
20-01-2026 10:25||NIFTY27JAN2624700PE,0.1393567586985523
20-01-2026 10:25||NIFTY27JAN2625000PE,0.1234214392001917
20-01-2026 10:25||NIFTY27JAN2625800CE,0.1059217075691976
20-01-2026 10:25||NIFTY27JAN2626200CE,0.1202917258312104
20-01-2026 10:25||NIFTY27JAN2626400CE,0.1331410415123958
20-01-2026 10:30||NIFTY27JAN2623900PE,0.2059838714288116
20-01-2026 10:30||NIFTY27JAN2624000PE,0.1970715791357692
20-01-2026 10:30||NIFTY27JAN2624300PE,0.1704408921456435
20-01-2026 10:30||NIFTY27JAN2624600PE,0.1458602642271904
20-01-2026 10:30||NIFTY27JAN2625500CE,0.1080120296006415
20-01-2026 10:30||NIFTY27JAN2625700CE,0.1069674070937276
20-01-2026 10:30||NIFTY27JAN2625800CE,0.1079014647852061
20-01-2026 10:35||NIFTY27JAN2624300PE,0.1690517799333758
20-01-2026 10:35||NIFTY27JAN2624700PE,0.1367185394121046
20-01-2026 10:35||NIFTY27JAN2625200CE,0.1300337640589592
20-01-2026 10:35||NIFTY27JAN2625400CE,0.1199791033937659
20-01-2026 10:35||NIFTY27JAN2625900CE,0.1121511628212402
20-01-2026 10:40||NIFTY27JAN2624000PE,0.1980168268603206
20-01-2026 10:40||NIFTY27JAN2624300PE,0.1711022315176114
20-01-2026 10:40||NIFTY27JAN2625800CE,0.1052612990743029
20-01-2026 10:40||NIFTY27JAN2626000CE,0.1102228285444066
20-01-2026 10:45||NIFTY27JAN2624900PE,0.1261707177540352
20-01-2026 10:45||NIFTY27JAN2625900CE,0.1088412598266287
20-01-2026 10:45||NIFTY27JAN2626200CE,0.1206907956271841
20-01-2026 10:45||NIFTY27JAN2626400CE,0.1328168157776287
20-01-2026 10:50||NIFTY27JAN2623800PE,0.2149089557860387
20-01-2026 10:50||NIFTY27JAN2624100PE,0.1895082106455504
20-01-2026 10:50||NIFTY27JAN2625300CE,0.1052592610570831
20-01-2026 10:50||NIFTY27JAN2626200CE,0.1203741377393694
20-01-2026 10:55||NIFTY27JAN2624200PE,0.1791679709368771
20-01-2026 10:55||NIFTY27JAN2624500PE,0.1528736975407267
20-01-2026 10:55||NIFTY27JAN2624600PE,0.145163740181456
20-01-2026 10:55||NIFTY27JAN2624700PE,0.1382134175169146
20-01-2026 10:55||NIFTY27JAN2624800PE,0.1319834481987702
20-01-2026 10:55||NIFTY27JAN2625300CE,0.1090212216707638
20-01-2026 10:55||NIFTY27JAN2625400CE,0.1076853595537479
20-01-2026 10:55||NIFTY27JAN2625900CE,0.1094940610513938
20-01-2026 10:55||NIFTY27JAN2626400CE,0.134334049763505
20-01-2026 11:00||NIFTY27JAN2623800PE,0.2142352608818259
20-01-2026 11:00||NIFTY27JAN2624000PE,0.1965967348967857
20-01-2026 11:00||NIFTY27JAN2624400PE,0.1605555645925454
20-01-2026 11:00||NIFTY27JAN2625300CE,0.1077297849668163
20-01-2026 11:05||NIFTY27JAN2623800PE,0.2142093743093539
20-01-2026 11:05||NIFTY27JAN2624400PE,0.1600807878130644
20-01-2026 11:05||NIFTY27JAN2624500PE,0.1515679341895743
20-01-2026 11:05||NIFTY27JAN2625400CE,0.1069374119080819
20-01-2026 11:05||NIFTY27JAN2625500CE,0.1055244523531762
20-01-2026 11:05||NIFTY27JAN2625800CE,0.1067377852764081
20-01-2026 11:05||NIFTY27JAN2626300CE,0.1289413626133007
20-01-2026 11:10||NIFTY27JAN2624500PE,0.1504367916557006
20-01-2026 11:10||NIFTY27JAN2624900PE,0.1249163496172818
20-01-2026 11:10||NIFTY27JAN2625200CE,0.1133497975677605
20-01-2026 11:10||NIFTY27JAN2625600CE,0.1058657956152503
20-01-2026 11:15||NIFTY27JAN2623800PE,0.2108713052103639
20-01-2026 11:15||NIFTY27JAN2624300PE,0.1662365354062144
20-01-2026 11:15||NIFTY27JAN2624700PE,0.1347806778107307
20-01-2026 11:15||NIFTY27JAN2625000PE,0.118994099074812
20-01-2026 11:15||NIFTY27JAN2625300CE,0.1147488693549263
20-01-2026 11:15||NIFTY27JAN2625600CE,0.1069553620326598
20-01-2026 11:20||NIFTY27JAN2624500PE,0.1491322358358122
20-01-2026 11:20||NIFTY27JAN2625700CE,0.107626119667925
20-01-2026 11:20||NIFTY27JAN2626200CE,0.1237388256784098
20-01-2026 11:25||NIFTY27JAN2624000PE,0.1929864951485414
20-01-2026 11:25||NIFTY27JAN2624300PE,0.1654694201261636
20-01-2026 11:25||NIFTY27JAN2624900PE,0.121370218846657
20-01-2026 11:25||NIFTY27JAN2625200CE,0.1256357437542588
20-01-2026 11:25||NIFTY27JAN2625300CE,0.1209166707930494
20-01-2026 11:25||NIFTY27JAN2625700CE,0.1093503382840807
20-01-2026 11:25||NIFTY27JAN2626100CE,0.118918226930455
20-01-2026 11:30||NIFTY27JAN2623900PE,0.2040872621087668
20-01-2026 11:30||NIFTY27JAN2624200PE,0.1766366541567604
20-01-2026 11:30||NIFTY27JAN2624900PE,0.1238308031699416
20-01-2026 11:30||NIFTY27JAN2625200CE,0.1145517277309244
20-01-2026 11:30||NIFTY27JAN2625700CE,0.1062392296016798
20-01-2026 11:30||NIFTY27JAN2625800CE,0.1072528196138982
20-01-2026 11:30||NIFTY27JAN2626000CE,0.1127643580432491
20-01-2026 11:35||NIFTY27JAN2623800PE,0.212573455098547
20-01-2026 11:35||NIFTY27JAN2625900CE,0.1083883786822854
20-01-2026 11:35||NIFTY27JAN2626300CE,0.1281191554779053
20-01-2026 11:35||NIFTY27JAN2626500CE,0.1425486187109785
20-01-2026 11:40||NIFTY27JAN2623800PE,0.2114665225758701
20-01-2026 11:40||NIFTY27JAN2624000PE,0.1942119512943546
20-01-2026 11:40||NIFTY27JAN2624100PE,0.1852676828418062
20-01-2026 11:40||NIFTY27JAN2624700PE,0.1338083477555484
20-01-2026 11:40||NIFTY27JAN2624800PE,0.1273780414970406
20-01-2026 11:40||NIFTY27JAN2625100PE,0.1131322554838181
20-01-2026 11:40||NIFTY27JAN2625300CE,0.1157610960798231
20-01-2026 11:45||NIFTY27JAN2623900PE,0.2038778039548743
20-01-2026 11:45||NIFTY27JAN2624500PE,0.1495758163851237
20-01-2026 11:45||NIFTY27JAN2625600CE,0.1070500677937216
20-01-2026 11:45||NIFTY27JAN2625800CE,0.107171353971589
20-01-2026 11:45||NIFTY27JAN2625900CE,0.1092447598469978
20-01-2026 11:45||NIFTY27JAN2626000CE,0.1125725818645359
20-01-2026 11:50||NIFTY27JAN2624200PE,0.17688755988731
20-01-2026 11:50||NIFTY27JAN2624600PE,0.1421904681521011
20-01-2026 11:50||NIFTY27JAN2624700PE,0.1346634756072276
20-01-2026 11:50||NIFTY27JAN2624900PE,0.1218895191680519
20-01-2026 11:50||NIFTY27JAN2625400CE,0.1105010562726455
20-01-2026 11:50||NIFTY27JAN2625700CE,0.1050549117893812
20-01-2026 11:50||NIFTY27JAN2626300CE,0.1279665991602798
20-01-2026 11:55||NIFTY27JAN2623800PE,0.2187047845707714
20-01-2026 11:55||NIFTY27JAN2623900PE,0.2086552057608765
20-01-2026 11:55||NIFTY27JAN2624000PE,0.1986321982943169
20-01-2026 11:55||NIFTY27JAN2624100PE,0.1886198414334341
20-01-2026 11:55||NIFTY27JAN2625800CE,0.1028697208271327
20-01-2026 11:55||NIFTY27JAN2625900CE,0.1056012059165508
20-01-2026 12:00||NIFTY27JAN2623800PE,0.213087459774798
20-01-2026 12:00||NIFTY27JAN2624400PE,0.1599680055045265
20-01-2026 12:00||NIFTY27JAN2624600PE,0.1436492723003961
20-01-2026 12:00||NIFTY27JAN2624700PE,0.1364825183671364
20-01-2026 12:00||NIFTY27JAN2625800CE,0.1029226909252747
20-01-2026 12:00||NIFTY27JAN2625900CE,0.10583260196061
20-01-2026 12:05||NIFTY27JAN2624700PE,0.1360777022189322
20-01-2026 12:05||NIFTY27JAN2624900PE,0.1248053082776202
20-01-2026 12:05||NIFTY27JAN2625800CE,0.1031395321784918
20-01-2026 12:10||NIFTY27JAN2624200PE,0.1749777511649867
20-01-2026 12:10||NIFTY27JAN2624500PE,0.1488159704784462
20-01-2026 12:10||NIFTY27JAN2624600PE,0.1409644077158004
20-01-2026 12:10||NIFTY27JAN2624700PE,0.1338977251574839
20-01-2026 12:10||NIFTY27JAN2624800PE,0.1275697478597602
20-01-2026 12:10||NIFTY27JAN2624900PE,0.1219983241615613
20-01-2026 12:15||NIFTY27JAN2624300PE,0.1667452229639552
20-01-2026 12:15||NIFTY27JAN2624500PE,0.1494324369652175
20-01-2026 12:15||NIFTY27JAN2625000PE,0.1183270084268778
20-01-2026 12:15||NIFTY27JAN2625100PE,0.1138666911926901
20-01-2026 12:15||NIFTY27JAN2625400CE,0.1041777456405342
20-01-2026 12:15||NIFTY27JAN2626400CE,0.1390777229577347
20-01-2026 12:20||NIFTY27JAN2623900PE,0.2039512536078161
20-01-2026 12:20||NIFTY27JAN2624000PE,0.1944469043077045
20-01-2026 12:20||NIFTY27JAN2624100PE,0.1848392226952374
20-01-2026 12:20||NIFTY27JAN2625200CE,0.1083160777257814
20-01-2026 12:20||NIFTY27JAN2625300CE,0.1059948016277937
20-01-2026 12:20||NIFTY27JAN2625700CE,0.1036361013560207
20-01-2026 12:20||NIFTY27JAN2625800CE,0.1057237264711638
20-01-2026 12:20||NIFTY27JAN2625900CE,0.1088020075524543
20-01-2026 12:25||NIFTY27JAN2623800PE,0.2094126082624701
20-01-2026 12:25||NIFTY27JAN2625000PE,0.1145645015173276
20-01-2026 12:25||NIFTY27JAN2625100PE,0.1095844569173785
20-01-2026 12:25||NIFTY27JAN2625700CE,0.1075145567141557
20-01-2026 12:25||NIFTY27JAN2626000CE,0.1151932269386568
20-01-2026 12:30||NIFTY27JAN2623800PE,0.2132850590146741
20-01-2026 12:30||NIFTY27JAN2623900PE,0.2034984898205111
20-01-2026 12:30||NIFTY27JAN2624900PE,0.1218263267010911
20-01-2026 12:30||NIFTY27JAN2625000PE,0.1162418396762556
20-01-2026 12:30||NIFTY27JAN2625100PE,0.1112217264719516
20-01-2026 12:30||NIFTY27JAN2625300CE,0.1075403339562181
20-01-2026 12:30||NIFTY27JAN2626000CE,0.1137417653427202
20-01-2026 12:35||NIFTY27JAN2623800PE,0.2096084134787212
20-01-2026 12:35||NIFTY27JAN2624200PE,0.1744033298397857
20-01-2026 12:35||NIFTY27JAN2625000PE,0.1167974224790883
20-01-2026 12:35||NIFTY27JAN2625200CE,0.1140871594070885
20-01-2026 12:35||NIFTY27JAN2625500CE,0.1070537567887168
20-01-2026 12:35||NIFTY27JAN2625700CE,0.1065324176264868
20-01-2026 12:35||NIFTY27JAN2625800CE,0.1081077940692477
20-01-2026 12:35||NIFTY27JAN2626200CE,0.1271401103711322
20-01-2026 12:35||NIFTY27JAN2626300CE,0.1344915620525783
20-01-2026 12:40||NIFTY27JAN2623800PE,0.2095201634059368
20-01-2026 12:40||NIFTY27JAN2624000PE,0.1926628577613638
20-01-2026 12:40||NIFTY27JAN2624300PE,0.1655189844897464
20-01-2026 12:40||NIFTY27JAN2624600PE,0.1408916794070599
20-01-2026 12:40||NIFTY27JAN2624700PE,0.1340737658712875
20-01-2026 12:40||NIFTY27JAN2625400CE,0.10516001446314
20-01-2026 12:40||NIFTY27JAN2626100CE,0.1208717995899318
20-01-2026 12:45||NIFTY27JAN2623800PE,0.2082591223666386
20-01-2026 12:45||NIFTY27JAN2624300PE,0.1642966666271782
20-01-2026 12:45||NIFTY27JAN2624400PE,0.1555168716719947
20-01-2026 12:45||NIFTY27JAN2625100PE,0.1128642655795564
20-01-2026 12:50||NIFTY27JAN2624200PE,0.1744227947152778
20-01-2026 12:50||NIFTY27JAN2625600CE,0.10619064538433
20-01-2026 12:50||NIFTY27JAN2626000CE,0.114809922650393
20-01-2026 12:50||NIFTY27JAN2626200CE,0.1262020410638477
20-01-2026 12:55||NIFTY27JAN2624900PE,0.1213579226409961
20-01-2026 12:55||NIFTY27JAN2625400CE,0.1087935065847555
20-01-2026 13:00||NIFTY27JAN2623900PE,0.2033131363777738
20-01-2026 13:00||NIFTY27JAN2624200PE,0.175806010080838
20-01-2026 13:00||NIFTY27JAN2625100PE,0.1133028061349995
20-01-2026 13:00||NIFTY27JAN2625800CE,0.1074826965481063
20-01-2026 13:00||NIFTY27JAN2625900CE,0.1105045912482522
20-01-2026 13:00||NIFTY27JAN2626400CE,0.1409009861255037
20-01-2026 13:05||NIFTY27JAN2624200PE,0.175579437994781
20-01-2026 13:05||NIFTY27JAN2624900PE,0.1221353323426133
20-01-2026 13:05||NIFTY27JAN2625300CE,0.1085829521488138
20-01-2026 13:05||NIFTY27JAN2625400CE,0.1065696718205465
20-01-2026 13:05||NIFTY27JAN2625600CE,0.1045719669396117
20-01-2026 13:05||NIFTY27JAN2626500CE,0.1489017497812073
20-01-2026 13:10||NIFTY27JAN2624000PE,0.1938664810105893
20-01-2026 13:10||NIFTY27JAN2624400PE,0.1577377359726979
20-01-2026 13:10||NIFTY27JAN2624700PE,0.1343878497121939
20-01-2026 13:10||NIFTY27JAN2625000PE,0.1177205873128503
20-01-2026 13:10||NIFTY27JAN2626000CE,0.1141131054662086
20-01-2026 13:10||NIFTY27JAN2626400CE,0.1410714801325935
20-01-2026 13:15||NIFTY27JAN2623900PE,0.202652457486326
20-01-2026 13:15||NIFTY27JAN2624600PE,0.1402842665479634
20-01-2026 13:15||NIFTY27JAN2624900PE,0.1210339505027545
20-01-2026 13:15||NIFTY27JAN2625000PE,0.1160362228241434
20-01-2026 13:15||NIFTY27JAN2625200CE,0.1168228307803078
20-01-2026 13:15||NIFTY27JAN2626000CE,0.1160518146981962
20-01-2026 13:15||NIFTY27JAN2626200CE,0.1276598747225894
20-01-2026 13:20||NIFTY27JAN2624200PE,0.176310057207742
20-01-2026 13:20||NIFTY27JAN2624600PE,0.1428153541126465
20-01-2026 13:20||NIFTY27JAN2625000PE,0.1192323474070908
20-01-2026 13:20||NIFTY27JAN2625700CE,0.1045284076087059
20-01-2026 13:20||NIFTY27JAN2626100CE,0.1188410036915928
20-01-2026 13:20||NIFTY27JAN2626200CE,0.1248921657921149
20-01-2026 13:25||NIFTY27JAN2623800PE,0.2105914627537708
20-01-2026 13:25||NIFTY27JAN2624100PE,0.184727586166347
20-01-2026 13:25||NIFTY27JAN2624700PE,0.1339680496524274
20-01-2026 13:25||NIFTY27JAN2625000PE,0.117591580262879
20-01-2026 13:25||NIFTY27JAN2625800CE,0.1080445755482633
20-01-2026 13:30||NIFTY27JAN2624100PE,0.1845194193010382
20-01-2026 13:30||NIFTY27JAN2624700PE,0.134589033987625
20-01-2026 13:30||NIFTY27JAN2624900PE,0.1233564340788863
20-01-2026 13:30||NIFTY27JAN2626000CE,0.1145980950083431
20-01-2026 13:35||NIFTY27JAN2625100PE,0.1173452857025408
20-01-2026 13:35||NIFTY27JAN2625800CE,0.108932364577754
20-01-2026 13:40||NIFTY27JAN2623800PE,0.2095180551581302
20-01-2026 13:40||NIFTY27JAN2624600PE,0.1396016827186556
20-01-2026 13:40||NIFTY27JAN2625000PE,0.1162773825722534
20-01-2026 13:45||NIFTY27JAN2624000PE,0.1937750516334865
20-01-2026 13:45||NIFTY27JAN2624400PE,0.1576318630315772
20-01-2026 13:45||NIFTY27JAN2624600PE,0.1420469035046946
20-01-2026 13:50||NIFTY27JAN2624000PE,0.1932306614978191
20-01-2026 13:50||NIFTY27JAN2624100PE,0.1840251980591208
20-01-2026 13:50||NIFTY27JAN2624200PE,0.1748253587122073
20-01-2026 13:50||NIFTY27JAN2624300PE,0.1656731286351589
20-01-2026 13:50||NIFTY27JAN2624500PE,0.1485330394971499
20-01-2026 13:50||NIFTY27JAN2625200CE,0.1189212878400487
20-01-2026 13:50||NIFTY27JAN2625400CE,0.1117964167487417
20-01-2026 13:50||NIFTY27JAN2626000CE,0.1204496236269735
20-01-2026 13:50||NIFTY27JAN2626100CE,0.1263113352632884
20-01-2026 13:55||NIFTY27JAN2624400PE,0.1573442355989183
20-01-2026 13:55||NIFTY27JAN2625200CE,0.1198357231352579
20-01-2026 13:55||NIFTY27JAN2625400CE,0.1120209268554604
20-01-2026 13:55||NIFTY27JAN2625600CE,0.108978961346875
20-01-2026 14:00||NIFTY27JAN2624100PE,0.1860040059811112
20-01-2026 14:00||NIFTY27JAN2624200PE,0.1764927828978583
20-01-2026 14:00||NIFTY27JAN2624800PE,0.1298189648467635
20-01-2026 14:00||NIFTY27JAN2624900PE,0.1261232661441243
20-01-2026 14:00||NIFTY27JAN2625000PE,0.1233473190809496
20-01-2026 14:00||NIFTY27JAN2625100PE,0.1207605518684886
20-01-2026 14:00||NIFTY27JAN2625200CE,0.1159749763588135
20-01-2026 14:00||NIFTY27JAN2626100CE,0.1257449059903663
20-01-2026 14:05||NIFTY27JAN2623800PE,0.2121946306548752
20-01-2026 14:05||NIFTY27JAN2625100PE,0.1156852530872432
20-01-2026 14:05||NIFTY27JAN2625200CE,0.11485311060093
20-01-2026 14:05||NIFTY27JAN2626100CE,0.1271211799911508
20-01-2026 14:05||NIFTY27JAN2626400CE,0.1493954933744145
20-01-2026 14:10||NIFTY27JAN2624000PE,0.1941790176443378
20-01-2026 14:10||NIFTY27JAN2624200PE,0.1760938025282926
20-01-2026 14:10||NIFTY27JAN2624500PE,0.1503663709489433
20-01-2026 14:10||NIFTY27JAN2624900PE,0.1235891646284127
20-01-2026 14:10||NIFTY27JAN2625000PE,0.1186805767951777
20-01-2026 14:10||NIFTY27JAN2625500CE,0.1104495633427592
20-01-2026 14:10||NIFTY27JAN2625700CE,0.1113691649569174
20-01-2026 14:10||NIFTY27JAN2626100CE,0.1286660052956202
20-01-2026 14:10||NIFTY27JAN2626200CE,0.1354225979302295
20-01-2026 14:10||NIFTY27JAN2626300CE,0.1427379743228637
20-01-2026 14:15||NIFTY27JAN2623800PE,0.2110459126431151
20-01-2026 14:15||NIFTY27JAN2624100PE,0.1841724129625638
20-01-2026 14:15||NIFTY27JAN2624500PE,0.1506311312215237
20-01-2026 14:15||NIFTY27JAN2624600PE,0.1432531468166897
20-01-2026 14:15||NIFTY27JAN2624900PE,0.1249350719737603
20-01-2026 14:15||NIFTY27JAN2625200CE,0.1128902381137677
20-01-2026 14:15||NIFTY27JAN2625400CE,0.1083189484995292
20-01-2026 14:15||NIFTY27JAN2626000CE,0.1204800993337521
20-01-2026 14:15||NIFTY27JAN2626300CE,0.140372381747747
20-01-2026 14:15||NIFTY27JAN2626500CE,0.1561463974216849
20-01-2026 14:20||NIFTY27JAN2625400CE,0.1144701344166504
20-01-2026 14:20||NIFTY27JAN2625700CE,0.1126646361599883
20-01-2026 14:20||NIFTY27JAN2626500CE,0.1572025127497458
20-01-2026 14:25||NIFTY27JAN2624100PE,0.185835829294527
20-01-2026 14:25||NIFTY27JAN2624600PE,0.142351347488953
20-01-2026 14:25||NIFTY27JAN2625400CE,0.1127858755828662
20-01-2026 14:25||NIFTY27JAN2625900CE,0.1162436105900993
20-01-2026 14:30||NIFTY27JAN2624000PE,0.1957589921467636
20-01-2026 14:30||NIFTY27JAN2624600PE,0.1450021961007992
20-01-2026 14:30||NIFTY27JAN2625400CE,0.1067055347534938
20-01-2026 14:30||NIFTY27JAN2625500CE,0.1057464561282804
20-01-2026 14:30||NIFTY27JAN2625800CE,0.1098241347853226
20-01-2026 14:30||NIFTY27JAN2626000CE,0.1182601537230105
20-01-2026 14:30||NIFTY27JAN2626400CE,0.1439625715002415
20-01-2026 14:30||NIFTY27JAN2626500CE,0.1512153519454489
20-01-2026 14:35||NIFTY27JAN2624600PE,0.1468610615069918
20-01-2026 14:35||NIFTY27JAN2624800PE,0.133757548777572
20-01-2026 14:35||NIFTY27JAN2625600CE,0.1055555639620791
20-01-2026 14:35||NIFTY27JAN2626000CE,0.1179170566334121
20-01-2026 14:35||NIFTY27JAN2626300CE,0.1365356370964548
20-01-2026 14:40||NIFTY27JAN2623800PE,0.2156753761815326
20-01-2026 14:40||NIFTY27JAN2625200CE,0.111635555741702
20-01-2026 14:40||NIFTY27JAN2625500CE,0.1057597899494178
20-01-2026 14:45||NIFTY27JAN2624600PE,0.1453670431294103
20-01-2026 14:45||NIFTY27JAN2625500CE,0.1086682624905331
20-01-2026 14:45||NIFTY27JAN2626000CE,0.1213330925223311
20-01-2026 14:45||NIFTY27JAN2626100CE,0.1271010923339695
20-01-2026 14:50||NIFTY27JAN2624000PE,0.1990135355749301
20-01-2026 14:50||NIFTY27JAN2624200PE,0.1800228584481626
20-01-2026 14:50||NIFTY27JAN2624900PE,0.127269765119669
20-01-2026 14:50||NIFTY27JAN2625100PE,0.1187012305656051
20-01-2026 14:50||NIFTY27JAN2625500CE,0.1026863622821804
20-01-2026 14:50||NIFTY27JAN2625900CE,0.1134366104223697
20-01-2026 14:55||NIFTY27JAN2623900PE,0.2091735800894276
20-01-2026 14:55||NIFTY27JAN2624000PE,0.1994313729971992
20-01-2026 14:55||NIFTY27JAN2624100PE,0.1895672209059036
20-01-2026 14:55||NIFTY27JAN2626000CE,0.1189407382309818
20-01-2026 15:00||NIFTY27JAN2624800PE,0.1292187785442903
20-01-2026 15:00||NIFTY27JAN2625600CE,0.106681097731124
20-01-2026 15:00||NIFTY27JAN2626100CE,0.1315897333159051
20-01-2026 15:00||NIFTY27JAN2626200CE,0.1388438014194883
20-01-2026 15:00||NIFTY27JAN2626400CE,0.1542207458173365
20-01-2026 15:05||NIFTY27JAN2623900PE,0.2060804178254507
20-01-2026 15:05||NIFTY27JAN2624300PE,0.1671552616226382
20-01-2026 15:05||NIFTY27JAN2625000PE,0.1255817198891819
20-01-2026 15:05||NIFTY27JAN2625200CE,0.0981067944405767
20-01-2026 15:05||NIFTY27JAN2626100CE,0.130324420764128
20-01-2026 15:05||NIFTY27JAN2626200CE,0.1375709004755604
20-01-2026 15:10||NIFTY27JAN2624300PE,0.1659849003242243
20-01-2026 15:10||NIFTY27JAN2625100PE,0.1289361440197173
20-01-2026 15:10||NIFTY27JAN2625300CE,0.1003932791441493
20-01-2026 15:10||NIFTY27JAN2625400CE,0.1022747461962716
20-01-2026 15:10||NIFTY27JAN2625900CE,0.1239318636182942
20-01-2026 15:10||NIFTY27JAN2626100CE,0.1369313457080071
20-01-2026 15:15||NIFTY27JAN2624000PE,0.2033669542297607
20-01-2026 15:15||NIFTY27JAN2624200PE,0.1815798267136913
20-01-2026 15:15||NIFTY27JAN2624500PE,0.1550955468421835
20-01-2026 15:15||NIFTY27JAN2624800PE,0.1372326829230662
20-01-2026 15:15||NIFTY27JAN2625000PE,0.1291015744753128
20-01-2026 15:15||NIFTY27JAN2625100PE,0.125415120086477
20-01-2026 15:15||NIFTY27JAN2625700CE,0.1162304759923645
20-01-2026 15:15||NIFTY27JAN2625900CE,0.1263095702601333
20-01-2026 15:15||NIFTY27JAN2626000CE,0.1326882642416195
20-01-2026 15:15||NIFTY27JAN2626200CE,0.1464150523038392
20-01-2026 15:20||NIFTY27JAN2623800PE,0.2192672668356255
20-01-2026 15:20||NIFTY27JAN2624200PE,0.1785547650636419
20-01-2026 15:20||NIFTY27JAN2624500PE,0.1507967924987682
20-01-2026 15:20||NIFTY27JAN2625500CE,0.1178295858024472
20-01-2026 15:20||NIFTY27JAN2625700CE,0.1228045745097374
20-01-2026 15:20||NIFTY27JAN2626400CE,0.16452136045962
20-01-2026 15:25||NIFTY27JAN2623800PE,0.2210147453214471
20-01-2026 15:25||NIFTY27JAN2625100PE,0.1100725925331943
20-01-2026 15:25||NIFTY27JAN2625200CE,0.139716089066516
20-01-2026 15:25||NIFTY27JAN2625300CE,0.1337293485093455
20-01-2026 15:25||NIFTY27JAN2625900CE,0.1342915206958202
20-01-2026 15:25||NIFTY27JAN2626200CE,0.1508434286388519
21-01-2026 09:15||NIFTY27JAN2625200CE,0.1641003476251454
21-01-2026 09:15||NIFTY27JAN2625400CE,0.1477765591694971
21-01-2026 09:15||NIFTY27JAN2625900CE,0.1435359478993117
21-01-2026 09:15||NIFTY27JAN2626200CE,0.1595167586295415
21-01-2026 09:20||NIFTY27JAN2623900PE,0.2195931245342294
21-01-2026 09:20||NIFTY27JAN2624300PE,0.1783426807286655
21-01-2026 09:20||NIFTY27JAN2624400PE,0.1686052899748122
21-01-2026 09:25||NIFTY27JAN2624000PE,0.218399044251447
21-01-2026 09:25||NIFTY27JAN2624300PE,0.1877508073368014
21-01-2026 09:25||NIFTY27JAN2624400PE,0.1780492225112256
21-01-2026 09:25||NIFTY27JAN2625100PE,0.1264805308369356
21-01-2026 09:25||NIFTY27JAN2625300CE,0.1107071311996785
21-01-2026 09:25||NIFTY27JAN2625600CE,0.1113716299529536
21-01-2026 09:25||NIFTY27JAN2625800CE,0.1189248041125528
21-01-2026 09:30||NIFTY27JAN2623800PE,0.2348823916310697
21-01-2026 09:30||NIFTY27JAN2623900PE,0.2247750394206751
21-01-2026 09:30||NIFTY27JAN2624000PE,0.2145840221335775
21-01-2026 09:30||NIFTY27JAN2624400PE,0.173138636140072
21-01-2026 09:30||NIFTY27JAN2625300CE,0.1289314981132213
21-01-2026 09:30||NIFTY27JAN2625700CE,0.1214497725386509
21-01-2026 09:35||NIFTY27JAN2623900PE,0.2281491172724248
21-01-2026 09:35||NIFTY27JAN2624200PE,0.1961740154557311
21-01-2026 09:35||NIFTY27JAN2625200CE,0.1124549077448089
21-01-2026 09:35||NIFTY27JAN2625300CE,0.1101528313635998
21-01-2026 09:35||NIFTY27JAN2625600CE,0.1107548627599121
21-01-2026 09:35||NIFTY27JAN2626200CE,0.1471523649206129
21-01-2026 09:40||NIFTY27JAN2624400PE,0.1683472031284487
21-01-2026 09:40||NIFTY27JAN2625100PE,0.10845601179539
21-01-2026 09:40||NIFTY27JAN2625200CE,0.1287612145559103
21-01-2026 09:40||NIFTY27JAN2625900CE,0.1308559431881265
21-01-2026 09:40||NIFTY27JAN2626300CE,0.1599229268876616
21-01-2026 09:40||NIFTY27JAN2626400CE,0.1680765793528952
21-01-2026 09:45||NIFTY27JAN2623800PE,0.2300446649099476
21-01-2026 09:45||NIFTY27JAN2624100PE,0.1984749213844703
21-01-2026 09:45||NIFTY27JAN2624400PE,0.1678691718159062
21-01-2026 09:45||NIFTY27JAN2625200CE,0.1271640183242194
21-01-2026 09:45||NIFTY27JAN2625600CE,0.1184632229509878
21-01-2026 09:45||NIFTY27JAN2626000CE,0.136770658813713
21-01-2026 09:45||NIFTY27JAN2626300CE,0.1595817172512376
21-01-2026 09:50||NIFTY27JAN2624700PE,0.1384490147987399
21-01-2026 09:50||NIFTY27JAN2624900PE,0.1230652586801525
21-01-2026 09:50||NIFTY27JAN2625400CE,0.1156382220968819
21-01-2026 09:50||NIFTY27JAN2625600CE,0.1166283238887933
21-01-2026 09:50||NIFTY27JAN2625800CE,0.124417610835682
21-01-2026 09:55||NIFTY27JAN2624100PE,0.1950413984374377
21-01-2026 09:55||NIFTY27JAN2624200PE,0.1853522883498798
21-01-2026 09:55||NIFTY27JAN2624400PE,0.1664141824359131
21-01-2026 09:55||NIFTY27JAN2624800PE,0.1331439167061956
21-01-2026 09:55||NIFTY27JAN2625400CE,0.1108531706703184
21-01-2026 09:55||NIFTY27JAN2626000CE,0.1356074314900082
21-01-2026 09:55||NIFTY27JAN2626100CE,0.1435246892398103
21-01-2026 09:55||NIFTY27JAN2626200CE,0.151964190769043
21-01-2026 09:55||NIFTY27JAN2626500CE,0.1781659750408242
21-01-2026 10:00||NIFTY27JAN2624000PE,0.2018374620039115
21-01-2026 10:00||NIFTY27JAN2625000PE,0.1149262732034921
21-01-2026 10:00||NIFTY27JAN2625300CE,0.1208012492451722
21-01-2026 10:00||NIFTY27JAN2625400CE,0.1187634617720788
21-01-2026 10:00||NIFTY27JAN2626500CE,0.1806584924071735
21-01-2026 10:05||NIFTY27JAN2625200CE,0.1181050072591023
21-01-2026 10:05||NIFTY27JAN2625600CE,0.1168242411208787
21-01-2026 10:05||NIFTY27JAN2625700CE,0.1202904791627313
21-01-2026 10:05||NIFTY27JAN2625800CE,0.1249676786843889
21-01-2026 10:10||NIFTY27JAN2624000PE,0.1979051236701044
21-01-2026 10:10||NIFTY27JAN2624400PE,0.1590154355769961
21-01-2026 10:10||NIFTY27JAN2625800CE,0.1296240182660426
21-01-2026 10:10||NIFTY27JAN2626100CE,0.1494453657460809
21-01-2026 10:15||NIFTY27JAN2624000PE,0.2000646282260802
21-01-2026 10:15||NIFTY27JAN2624200PE,0.179917209712597
21-01-2026 10:15||NIFTY27JAN2624500PE,0.1515109963120184
21-01-2026 10:15||NIFTY27JAN2624600PE,0.1428322373841261
21-01-2026 10:15||NIFTY27JAN2625500CE,0.1173900027202863
21-01-2026 10:15||NIFTY27JAN2626100CE,0.1484567928598517
21-01-2026 10:20||NIFTY27JAN2625700CE,0.1196150378693626
21-01-2026 10:25||NIFTY27JAN2624300PE,0.169948562086985
21-01-2026 10:25||NIFTY27JAN2625000PE,0.1178319482910436
21-01-2026 10:25||NIFTY27JAN2625700CE,0.1270441903100139
21-01-2026 10:25||NIFTY27JAN2626200CE,0.1619204980374833
21-01-2026 10:30||NIFTY27JAN2624200PE,0.1772451144331274
21-01-2026 10:30||NIFTY27JAN2624700PE,0.1339406424979871
21-01-2026 10:30||NIFTY27JAN2624800PE,0.126920453662269
21-01-2026 10:30||NIFTY27JAN2625200CE,0.1221940512059912
21-01-2026 10:30||NIFTY27JAN2625900CE,0.1399954610203176
21-01-2026 10:30||NIFTY27JAN2626300CE,0.1711712250493941
21-01-2026 10:30||NIFTY27JAN2626400CE,0.179056901685453
21-01-2026 10:35||NIFTY27JAN2624400PE,0.158792829750209
21-01-2026 10:35||NIFTY27JAN2625100PE,0.115204132751694
21-01-2026 10:35||NIFTY27JAN2625500CE,0.1193044038522938
21-01-2026 10:35||NIFTY27JAN2625600CE,0.1227006391098767
21-01-2026 10:35||NIFTY27JAN2625800CE,0.1331180056673604
21-01-2026 10:35||NIFTY27JAN2625900CE,0.1397714570365594
21-01-2026 10:40||NIFTY27JAN2624200PE,0.1830816030495596
21-01-2026 10:40||NIFTY27JAN2624800PE,0.1416864003000586
21-01-2026 10:40||NIFTY27JAN2625200CE,0.1108779523277369
21-01-2026 10:40||NIFTY27JAN2625400CE,0.1156753360339495
21-01-2026 10:40||NIFTY27JAN2626300CE,0.1749864069488217
21-01-2026 10:45||NIFTY27JAN2624700PE,0.1365705922887628
21-01-2026 10:45||NIFTY27JAN2624800PE,0.1304229404064401
21-01-2026 10:45||NIFTY27JAN2625700CE,0.141360820078586
21-01-2026 10:45||NIFTY27JAN2626400CE,0.191403796909033
21-01-2026 10:45||NIFTY27JAN2626500CE,0.1978975024816614
21-01-2026 10:50||NIFTY27JAN2624100PE,0.1945094204480557
21-01-2026 10:50||NIFTY27JAN2624300PE,0.1770450252077785
21-01-2026 10:50||NIFTY27JAN2624400PE,0.1692542091950236
21-01-2026 10:50||NIFTY27JAN2624500PE,0.162097630066675
21-01-2026 10:50||NIFTY27JAN2625400CE,0.1260076143382685
21-01-2026 10:50||NIFTY27JAN2625700CE,0.1410736968523455
21-01-2026 10:50||NIFTY27JAN2625900CE,0.1546437286976367
21-01-2026 10:50||NIFTY27JAN2626400CE,0.1942056367313519
21-01-2026 10:55||NIFTY27JAN2623900PE,0.2108257154649606
21-01-2026 10:55||NIFTY27JAN2624300PE,0.1718289960908809
21-01-2026 10:55||NIFTY27JAN2624800PE,0.1313659944771963
21-01-2026 10:55||NIFTY27JAN2625000PE,0.1173400595657853
21-01-2026 10:55||NIFTY27JAN2625100PE,0.1106867412505373
21-01-2026 10:55||NIFTY27JAN2625300CE,0.1408073134853847
21-01-2026 10:55||NIFTY27JAN2625900CE,0.1628129347143238
21-01-2026 10:55||NIFTY27JAN2626200CE,0.1840902329574078
21-01-2026 11:00||NIFTY27JAN2624000PE,0.2036861378879078
21-01-2026 11:00||NIFTY27JAN2624300PE,0.1746974422335793
21-01-2026 11:00||NIFTY27JAN2624600PE,0.1503978614140534
21-01-2026 11:00||NIFTY27JAN2624800PE,0.1374003291151057
21-01-2026 11:00||NIFTY27JAN2625100PE,0.1229818973980911
21-01-2026 11:00||NIFTY27JAN2625300CE,0.1340523756067854
21-01-2026 11:05||NIFTY27JAN2624000PE,0.1984655179073717
21-01-2026 11:05||NIFTY27JAN2624100PE,0.1882018580621164
21-01-2026 11:05||NIFTY27JAN2624400PE,0.1600397921048862
21-01-2026 11:05||NIFTY27JAN2625000PE,0.1176675234266237
21-01-2026 11:05||NIFTY27JAN2625200CE,0.1372337939771192
21-01-2026 11:10||NIFTY27JAN2624800PE,0.1258053125350604
21-01-2026 11:10||NIFTY27JAN2625200CE,0.1410115270140207
21-01-2026 11:10||NIFTY27JAN2625300CE,0.1400839882310364
21-01-2026 11:10||NIFTY27JAN2625500CE,0.1409810231619194
21-01-2026 11:10||NIFTY27JAN2625900CE,0.1573506174905797
21-01-2026 11:10||NIFTY27JAN2626100CE,0.1704862538331457
21-01-2026 11:15||NIFTY27JAN2624300PE,0.1714780911768038
21-01-2026 11:15||NIFTY27JAN2625100PE,0.105763463495954
21-01-2026 11:15||NIFTY27JAN2625400CE,0.1386106618806073
21-01-2026 11:20||NIFTY27JAN2623900PE,0.2154710443864517
21-01-2026 11:20||NIFTY27JAN2625800CE,0.1435165534373838
21-01-2026 11:20||NIFTY27JAN2626000CE,0.1563565361732544
21-01-2026 11:20||NIFTY27JAN2626100CE,0.1634725296357389
21-01-2026 11:20||NIFTY27JAN2626400CE,0.1846053114838434
21-01-2026 11:20||NIFTY27JAN2626500CE,0.1911533277992313
21-01-2026 11:25||NIFTY27JAN2624600PE,0.1539860016095713
21-01-2026 11:25||NIFTY27JAN2624800PE,0.1394413293206734
21-01-2026 11:30||NIFTY27JAN2623900PE,0.2164857640727334
21-01-2026 11:30||NIFTY27JAN2624000PE,0.206796422268301
21-01-2026 11:30||NIFTY27JAN2624100PE,0.1971274699854174
21-01-2026 11:30||NIFTY27JAN2624400PE,0.1690380478619485
21-01-2026 11:30||NIFTY27JAN2625400CE,0.1302996131172369
21-01-2026 11:30||NIFTY27JAN2625800CE,0.144643726928547
21-01-2026 11:30||NIFTY27JAN2626000CE,0.1577075184242299
21-01-2026 11:30||NIFTY27JAN2626500CE,0.1945972926102127
21-01-2026 11:35||NIFTY27JAN2623900PE,0.2172441126622612
21-01-2026 11:35||NIFTY27JAN2624600PE,0.1529826333148561
21-01-2026 11:35||NIFTY27JAN2626100CE,0.1640569945887389
21-01-2026 11:35||NIFTY27JAN2626300CE,0.1791980002969381
21-01-2026 11:40||NIFTY27JAN2624800PE,0.1362264949259111
21-01-2026 11:40||NIFTY27JAN2625100PE,0.1181464134546412
21-01-2026 11:40||NIFTY27JAN2625200CE,0.1332619294952348
21-01-2026 11:40||NIFTY27JAN2625700CE,0.139435020048705
21-01-2026 11:45||NIFTY27JAN2624600PE,0.1508237836822054
21-01-2026 11:45||NIFTY27JAN2625100PE,0.1162814950964198
21-01-2026 11:45||NIFTY27JAN2625200CE,0.1333294356997704
21-01-2026 11:45||NIFTY27JAN2625400CE,0.1313539374448979
21-01-2026 11:50||NIFTY27JAN2624000PE,0.2068255903228227
21-01-2026 11:50||NIFTY27JAN2624100PE,0.1968454779946796
21-01-2026 11:50||NIFTY27JAN2624300PE,0.1774485799429532
21-01-2026 11:55||NIFTY27JAN2624000PE,0.207085427455592
21-01-2026 11:55||NIFTY27JAN2624600PE,0.1512340230125235
21-01-2026 11:55||NIFTY27JAN2624700PE,0.143606916061928
21-01-2026 11:55||NIFTY27JAN2624900PE,0.1294494176093364
21-01-2026 12:00||NIFTY27JAN2624100PE,0.1945458691995887
21-01-2026 12:00||NIFTY27JAN2624200PE,0.1844034343077483
21-01-2026 12:00||NIFTY27JAN2624700PE,0.1374146199400736
21-01-2026 12:00||NIFTY27JAN2624800PE,0.1291167584819067
21-01-2026 12:00||NIFTY27JAN2625600CE,0.1353816798661119
21-01-2026 12:00||NIFTY27JAN2625900CE,0.1472653639530051
21-01-2026 12:05||NIFTY27JAN2623800PE,0.2278300893524107
21-01-2026 12:05||NIFTY27JAN2624100PE,0.198894298851307
21-01-2026 12:05||NIFTY27JAN2625500CE,0.1252781598444289
21-01-2026 12:05||NIFTY27JAN2626200CE,0.1609103131165273
21-01-2026 12:10||NIFTY27JAN2624100PE,0.1938273360906313
21-01-2026 12:10||NIFTY27JAN2624200PE,0.1841770069061733
21-01-2026 12:10||NIFTY27JAN2625000PE,0.1150114778332283
21-01-2026 12:10||NIFTY27JAN2625900CE,0.1429377941662962
21-01-2026 12:10||NIFTY27JAN2626500CE,0.183839835062816
21-01-2026 12:15||NIFTY27JAN2623800PE,0.2254791572349766
21-01-2026 12:15||NIFTY27JAN2624200PE,0.1860635559343424
21-01-2026 12:15||NIFTY27JAN2625400CE,0.1325533877452918
21-01-2026 12:15||NIFTY27JAN2625700CE,0.1342591995168995
21-01-2026 12:20||NIFTY27JAN2624200PE,0.1910358327169745
21-01-2026 12:20||NIFTY27JAN2625000PE,0.1207929472874021
21-01-2026 12:20||NIFTY27JAN2625400CE,0.1277836333143899
21-01-2026 12:20||NIFTY27JAN2625600CE,0.1276338735769019
21-01-2026 12:20||NIFTY27JAN2625700CE,0.1301431356013668
21-01-2026 12:20||NIFTY27JAN2626300CE,0.1631008394053927
21-01-2026 12:25||NIFTY27JAN2624000PE,0.2188426667211292
21-01-2026 12:25||NIFTY27JAN2624500PE,0.1722760681710758
21-01-2026 12:25||NIFTY27JAN2624600PE,0.1638750270336778
21-01-2026 12:25||NIFTY27JAN2624700PE,0.1559893941820272
21-01-2026 12:25||NIFTY27JAN2625700CE,0.1227717656782578
21-01-2026 12:25||NIFTY27JAN2626500CE,0.1759801608129374
21-01-2026 12:30||NIFTY27JAN2624100PE,0.2047161532770254
21-01-2026 12:30||NIFTY27JAN2624200PE,0.1946464067539398
21-01-2026 12:30||NIFTY27JAN2625300CE,0.1367795497584033
21-01-2026 12:30||NIFTY27JAN2625800CE,0.1348629214737275
21-01-2026 12:35||NIFTY27JAN2624000PE,0.2144853116121641
21-01-2026 12:35||NIFTY27JAN2624100PE,0.2048699703757164
21-01-2026 12:35||NIFTY27JAN2625600CE,0.131446417128423
21-01-2026 12:35||NIFTY27JAN2626400CE,0.1673625463985651
21-01-2026 12:40||NIFTY27JAN2624500PE,0.1747073256567859
21-01-2026 12:40||NIFTY27JAN2624700PE,0.157433972681916
21-01-2026 12:40||NIFTY27JAN2624800PE,0.1492309468416251
21-01-2026 12:40||NIFTY27JAN2625200CE,0.1359263459430487
21-01-2026 12:40||NIFTY27JAN2625400CE,0.1278044247056687
21-01-2026 12:40||NIFTY27JAN2625900CE,0.1325679047525484
21-01-2026 12:45||NIFTY27JAN2623800PE,0.2440617549655658
21-01-2026 12:45||NIFTY27JAN2624400PE,0.1869016258194351
21-01-2026 12:45||NIFTY27JAN2625300CE,0.1404619179633184
21-01-2026 12:45||NIFTY27JAN2625800CE,0.1305531399765793
21-01-2026 12:45||NIFTY27JAN2626200CE,0.1475626356785414
21-01-2026 12:50||NIFTY27JAN2623800PE,0.247346232879336
21-01-2026 12:50||NIFTY27JAN2624100PE,0.2194275342166602
21-01-2026 12:50||NIFTY27JAN2625200CE,0.1503404437206548
21-01-2026 12:50||NIFTY27JAN2625500CE,0.1321519783369124
21-01-2026 12:50||NIFTY27JAN2625600CE,0.1300198131205528
21-01-2026 12:55||NIFTY27JAN2625300CE,0.1332560103597452
21-01-2026 12:55||NIFTY27JAN2625400CE,0.1288038966813656
21-01-2026 12:55||NIFTY27JAN2625600CE,0.1249261882896452
21-01-2026 12:55||NIFTY27JAN2625700CE,0.1255032628785537
21-01-2026 12:55||NIFTY27JAN2625800CE,0.1272542494472863
21-01-2026 12:55||NIFTY27JAN2625900CE,0.1301849692747353
21-01-2026 12:55||NIFTY27JAN2626500CE,0.1644503558396738
21-01-2026 13:00||NIFTY27JAN2624600PE,0.1752457448290099
21-01-2026 13:00||NIFTY27JAN2624700PE,0.1663156844921672
21-01-2026 13:00||NIFTY27JAN2626100CE,0.139306693376116
21-01-2026 13:05||NIFTY27JAN2623800PE,0.2508230121713851
21-01-2026 13:05||NIFTY27JAN2623900PE,0.2419149923925987
21-01-2026 13:05||NIFTY27JAN2624100PE,0.2236855779409276
21-01-2026 13:05||NIFTY27JAN2625600CE,0.1168300819743658
21-01-2026 13:05||NIFTY27JAN2626300CE,0.1499053131942831
21-01-2026 13:05||NIFTY27JAN2626400CE,0.1570624553484131
21-01-2026 13:10||NIFTY27JAN2625800CE,0.1294898386480077
21-01-2026 13:10||NIFTY27JAN2626200CE,0.1485488858411613
21-01-2026 13:15||NIFTY27JAN2624400PE,0.1889858984051476
21-01-2026 13:15||NIFTY27JAN2625400CE,0.1254586291070303
21-01-2026 13:15||NIFTY27JAN2625800CE,0.1266767593519461
21-01-2026 13:20||NIFTY27JAN2623800PE,0.2451544370022116
21-01-2026 13:20||NIFTY27JAN2623900PE,0.2365987363024697
21-01-2026 13:20||NIFTY27JAN2624600PE,0.1723977477088532
21-01-2026 13:20||NIFTY27JAN2624800PE,0.1558424932430834
21-01-2026 13:20||NIFTY27JAN2625400CE,0.1223175933273991
21-01-2026 13:20||NIFTY27JAN2626200CE,0.1475020212533523
21-01-2026 13:25||NIFTY27JAN2624200PE,0.2047744438471155
21-01-2026 13:25||NIFTY27JAN2624300PE,0.1951872574062426
21-01-2026 13:25||NIFTY27JAN2624900PE,0.1440590168518608
21-01-2026 13:25||NIFTY27JAN2625000PE,0.1371535296170297
21-01-2026 13:25||NIFTY27JAN2625200CE,0.1341869456665289
21-01-2026 13:25||NIFTY27JAN2625700CE,0.1261013951037623
21-01-2026 13:25||NIFTY27JAN2626000CE,0.1379388606529736
21-01-2026 13:25||NIFTY27JAN2626300CE,0.1571472976950122
21-01-2026 13:30||NIFTY27JAN2624000PE,0.2283333186131267
21-01-2026 13:30||NIFTY27JAN2624400PE,0.1906848616624307
21-01-2026 13:30||NIFTY27JAN2625200CE,0.1163332088202541
21-01-2026 13:30||NIFTY27JAN2625300CE,0.1151094461577695
21-01-2026 13:30||NIFTY27JAN2625800CE,0.1233394939046015
21-01-2026 13:30||NIFTY27JAN2626200CE,0.1476983750035356
21-01-2026 13:30||NIFTY27JAN2626300CE,0.1549954625796133
21-01-2026 13:35||NIFTY27JAN2623800PE,0.2375301010004268
21-01-2026 13:35||NIFTY27JAN2624000PE,0.2182724953661654
21-01-2026 13:35||NIFTY27JAN2624700PE,0.1542097206087335
21-01-2026 13:35||NIFTY27JAN2624800PE,0.1459096994916452
21-01-2026 13:35||NIFTY27JAN2625800CE,0.1345278506088682
21-01-2026 13:35||NIFTY27JAN2626300CE,0.1601843471006739
21-01-2026 13:40||NIFTY27JAN2624600PE,0.1671064702145086
21-01-2026 13:40||NIFTY27JAN2624800PE,0.151512630301601
21-01-2026 13:40||NIFTY27JAN2625300CE,0.1288987514417723
21-01-2026 13:40||NIFTY27JAN2625800CE,0.1298800173622695
21-01-2026 13:40||NIFTY27JAN2626200CE,0.151223949118977
21-01-2026 13:45||NIFTY27JAN2624800PE,0.1508301991829659
21-01-2026 13:45||NIFTY27JAN2625400CE,0.1251717106419252
21-01-2026 13:45||NIFTY27JAN2625900CE,0.1335048890283268
21-01-2026 13:50||NIFTY27JAN2625100PE,0.1348417975567184
21-01-2026 13:50||NIFTY27JAN2626100CE,0.1453585796917778
21-01-2026 13:55||NIFTY27JAN2624300PE,0.1927382309808789
21-01-2026 13:55||NIFTY27JAN2624400PE,0.1836204029843431
21-01-2026 13:55||NIFTY27JAN2625500CE,0.1219774314700939
21-01-2026 13:55||NIFTY27JAN2625700CE,0.1263140136330622
21-01-2026 14:00||NIFTY27JAN2623800PE,0.2332990672884809
21-01-2026 14:00||NIFTY27JAN2624200PE,0.196193120650802
21-01-2026 14:00||NIFTY27JAN2624600PE,0.1606694452852886
21-01-2026 14:00||NIFTY27JAN2625000PE,0.1328676587098455
21-01-2026 14:00||NIFTY27JAN2625200CE,0.131851374292354
21-01-2026 14:05||NIFTY27JAN2624500PE,0.169514432178294
21-01-2026 14:05||NIFTY27JAN2625000PE,0.1353627316461171
21-01-2026 14:05||NIFTY27JAN2625400CE,0.119914443364002
21-01-2026 14:05||NIFTY27JAN2626100CE,0.1456793940236983
21-01-2026 14:05||NIFTY27JAN2626500CE,0.1775235626427971
21-01-2026 14:10||NIFTY27JAN2624000PE,0.2116348413670862
21-01-2026 14:10||NIFTY27JAN2624100PE,0.2022010166972919
21-01-2026 14:10||NIFTY27JAN2624400PE,0.1747004118036054
21-01-2026 14:10||NIFTY27JAN2624500PE,0.1659382056181741
21-01-2026 14:10||NIFTY27JAN2625000PE,0.1318159171843342
21-01-2026 14:10||NIFTY27JAN2625200CE,0.1232176765282201
21-01-2026 14:10||NIFTY27JAN2626000CE,0.1406677202837552
21-01-2026 14:10||NIFTY27JAN2626400CE,0.1712675956161319
21-01-2026 14:10||NIFTY27JAN2626500CE,0.1797890320168671
21-01-2026 14:15||NIFTY27JAN2624700PE,0.1425374478062872
21-01-2026 14:15||NIFTY27JAN2625400CE,0.130631341975264
21-01-2026 14:15||NIFTY27JAN2625800CE,0.1335061147666238
21-01-2026 14:15||NIFTY27JAN2626100CE,0.1483880101365204
21-01-2026 14:20||NIFTY27JAN2624000PE,0.2149674842913657
21-01-2026 14:20||NIFTY27JAN2624300PE,0.1871386914013061
21-01-2026 14:20||NIFTY27JAN2624700PE,0.1554050478947845
21-01-2026 14:20||NIFTY27JAN2625200CE,0.1128358925268909
21-01-2026 14:20||NIFTY27JAN2625600CE,0.1161953068541345
21-01-2026 14:20||NIFTY27JAN2626100CE,0.1422846243151154
21-01-2026 14:20||NIFTY27JAN2626500CE,0.1734227370723327
21-01-2026 14:25||NIFTY27JAN2623900PE,0.2210485424685732
21-01-2026 14:25||NIFTY27JAN2624800PE,0.1479762596144934
21-01-2026 14:25||NIFTY27JAN2624900PE,0.1423277129897519
21-01-2026 14:25||NIFTY27JAN2625100PE,0.1338227431698212
21-01-2026 14:25||NIFTY27JAN2626500CE,0.1782265965397626
21-01-2026 14:30||NIFTY27JAN2624500PE,0.1592046422319116
21-01-2026 14:30||NIFTY27JAN2624600PE,0.1505470451375109
21-01-2026 14:30||NIFTY27JAN2624800PE,0.1347617839412329
21-01-2026 14:30||NIFTY27JAN2625200CE,0.1340424428250378
21-01-2026 14:30||NIFTY27JAN2625300CE,0.1314172558777568
21-01-2026 14:30||NIFTY27JAN2626300CE,0.16348031071639
21-01-2026 14:35||NIFTY27JAN2624200PE,0.188085911336987
21-01-2026 14:35||NIFTY27JAN2624700PE,0.1448382887152185
21-01-2026 14:35||NIFTY27JAN2624800PE,0.1381420911851625
21-01-2026 14:35||NIFTY27JAN2625100PE,0.1196850593543606
21-01-2026 14:35||NIFTY27JAN2625200CE,0.1283058053919658
21-01-2026 14:35||NIFTY27JAN2625800CE,0.1316350229815835
21-01-2026 14:35||NIFTY27JAN2626100CE,0.1479594244076688
21-01-2026 14:40||NIFTY27JAN2624000PE,0.2084230881684148
21-01-2026 14:40||NIFTY27JAN2624200PE,0.1897744834645557
21-01-2026 14:40||NIFTY27JAN2624500PE,0.1638978672951799
21-01-2026 14:40||NIFTY27JAN2624600PE,0.1563175599208875
21-01-2026 14:40||NIFTY27JAN2624700PE,0.1492700473211841
21-01-2026 14:40||NIFTY27JAN2625100PE,0.1269884012663902
21-01-2026 14:40||NIFTY27JAN2625200CE,0.1202922595382168
21-01-2026 14:40||NIFTY27JAN2625400CE,0.1183138712271776
21-01-2026 14:40||NIFTY27JAN2625800CE,0.1282984292710844
21-01-2026 14:40||NIFTY27JAN2626200CE,0.1527783633211933
21-01-2026 14:45||NIFTY27JAN2624500PE,0.1615767258420759
21-01-2026 14:45||NIFTY27JAN2625400CE,0.1215375321801858
21-01-2026 14:45||NIFTY27JAN2625900CE,0.1345700795496111
21-01-2026 14:45||NIFTY27JAN2626100CE,0.1465567104153377
21-01-2026 14:50||NIFTY27JAN2623900PE,0.2142199895758972
21-01-2026 14:50||NIFTY27JAN2624900PE,0.1346370414433227
21-01-2026 14:50||NIFTY27JAN2625200CE,0.1190272359387118
21-01-2026 14:50||NIFTY27JAN2625300CE,0.1183165726468807
21-01-2026 14:50||NIFTY27JAN2625500CE,0.1187507542587492
21-01-2026 14:50||NIFTY27JAN2625800CE,0.1273733457369716
21-01-2026 14:50||NIFTY27JAN2626300CE,0.1591928816163919
21-01-2026 14:55||NIFTY27JAN2624200PE,0.1870684142975462
21-01-2026 14:55||NIFTY27JAN2625300CE,0.1194445327248836
21-01-2026 14:55||NIFTY27JAN2625700CE,0.1237656961641432
21-01-2026 14:55||NIFTY27JAN2626100CE,0.1451347406011934
21-01-2026 15:00||NIFTY27JAN2623900PE,0.2148217366154798
21-01-2026 15:00||NIFTY27JAN2624100PE,0.1946967954543884
21-01-2026 15:00||NIFTY27JAN2624500PE,0.1570197455434501
21-01-2026 15:00||NIFTY27JAN2624800PE,0.1338625701650874
21-01-2026 15:00||NIFTY27JAN2625000PE,0.1210842267547144
21-01-2026 15:00||NIFTY27JAN2625200CE,0.131858860404404
21-01-2026 15:00||NIFTY27JAN2625300CE,0.1281412266065706
21-01-2026 15:00||NIFTY27JAN2625600CE,0.1242041033803875
21-01-2026 15:00||NIFTY27JAN2626400CE,0.166975433141798
21-01-2026 15:05||NIFTY27JAN2624300PE,0.1788619295861932
21-01-2026 15:05||NIFTY27JAN2625100PE,0.1275037840169348
21-01-2026 15:05||NIFTY27JAN2626200CE,0.1497293892016803
21-01-2026 15:10||NIFTY27JAN2624300PE,0.1794787571557434
21-01-2026 15:10||NIFTY27JAN2624500PE,0.1627364039223579
21-01-2026 15:10||NIFTY27JAN2624600PE,0.1552155719706614
21-01-2026 15:10||NIFTY27JAN2625700CE,0.1199818229613597
21-01-2026 15:10||NIFTY27JAN2625800CE,0.1245650368271164
21-01-2026 15:10||NIFTY27JAN2625900CE,0.1298906808390293
21-01-2026 15:10||NIFTY27JAN2626500CE,0.1753423752941348
21-01-2026 15:15||NIFTY27JAN2624200PE,0.1865246997438381
21-01-2026 15:15||NIFTY27JAN2624300PE,0.1772619573383612
21-01-2026 15:15||NIFTY27JAN2624800PE,0.1393533040689753
21-01-2026 15:15||NIFTY27JAN2624900PE,0.1337881283706825
21-01-2026 15:15||NIFTY27JAN2625200CE,0.1189582454178946
21-01-2026 15:15||NIFTY27JAN2625300CE,0.1173466285155419
21-01-2026 15:15||NIFTY27JAN2625600CE,0.1186462554663715
21-01-2026 15:15||NIFTY27JAN2625700CE,0.1215786880161567
21-01-2026 15:15||NIFTY27JAN2625900CE,0.1307311076482438
21-01-2026 15:15||NIFTY27JAN2626200CE,0.1520187922985297
21-01-2026 15:20||NIFTY27JAN2623800PE,0.2228041733803663
21-01-2026 15:20||NIFTY27JAN2624800PE,0.1402204589614718
21-01-2026 15:20||NIFTY27JAN2625100PE,0.1268030177815249
21-01-2026 15:20||NIFTY27JAN2625400CE,0.111358744429246
21-01-2026 15:20||NIFTY27JAN2625600CE,0.1148675930899781
21-01-2026 15:25||NIFTY27JAN2623800PE,0.2205571324628109
21-01-2026 15:25||NIFTY27JAN2624200PE,0.18137653024226
21-01-2026 15:25||NIFTY27JAN2624500PE,0.1536378854497547
21-01-2026 15:25||NIFTY27JAN2624800PE,0.130316901280196
21-01-2026 15:25||NIFTY27JAN2625100PE,0.1138162187806026
21-01-2026 15:25||NIFTY27JAN2626200CE,0.1502575440644087
22-01-2026 09:15||NIFTY27JAN2623800PE,0.2463725692736889
22-01-2026 09:15||NIFTY27JAN2625100PE,0.1270413581130166
22-01-2026 09:15||NIFTY27JAN2625300CE,0.1020499796876682
22-01-2026 09:20||NIFTY27JAN2623900PE,0.2336809363209219
22-01-2026 09:20||NIFTY27JAN2624000PE,0.2222743668164203
22-01-2026 09:20||NIFTY27JAN2624300PE,0.1883174951127673
22-01-2026 09:20||NIFTY27JAN2624500PE,0.1669352545722623
22-01-2026 09:20||NIFTY27JAN2624800PE,0.1389464999954904
22-01-2026 09:20||NIFTY27JAN2625200CE,0.1156074783479989
22-01-2026 09:20||NIFTY27JAN2626300CE,0.1504860208371854
22-01-2026 09:25||NIFTY27JAN2624700PE,0.1453887059427891
22-01-2026 09:25||NIFTY27JAN2625000PE,0.1181353275941415
22-01-2026 09:25||NIFTY27JAN2625200CE,0.1454070496046541
22-01-2026 09:25||NIFTY27JAN2625500CE,0.1253908663534012
22-01-2026 09:25||NIFTY27JAN2625600CE,0.1227328169240633
22-01-2026 09:25||NIFTY27JAN2626200CE,0.144050043533353
22-01-2026 09:30||NIFTY27JAN2624600PE,0.2017301280484771
22-01-2026 09:30||NIFTY27JAN2624800PE,0.1725537897667635
22-01-2026 09:30||NIFTY27JAN2624900PE,0.1586556628771586
22-01-2026 09:30||NIFTY27JAN2625100PE,0.1327236591920524
22-01-2026 09:30||NIFTY27JAN2625500CE,0.1158575503760959
22-01-2026 09:30||NIFTY27JAN2625800CE,0.1192201002551628
22-01-2026 09:30||NIFTY27JAN2626000CE,0.1293476450284503
22-01-2026 09:30||NIFTY27JAN2626300CE,0.1513006374736204
22-01-2026 09:35||NIFTY27JAN2624100PE,0.2782634301447473
22-01-2026 09:40||NIFTY27JAN2624100PE,0.2667331430699314
22-01-2026 09:40||NIFTY27JAN2624500PE,0.2179022231000314
22-01-2026 09:40||NIFTY27JAN2626000CE,0.1317093403010707
22-01-2026 09:40||NIFTY27JAN2626200CE,0.1459597614775142
22-01-2026 09:45||NIFTY27JAN2623900PE,0.2790189812982524
22-01-2026 09:45||NIFTY27JAN2624200PE,0.2460542813699197
22-01-2026 09:50||NIFTY27JAN2623900PE,0.2733449000968538
22-01-2026 09:50||NIFTY27JAN2624100PE,0.2527454044550052
22-01-2026 09:50||NIFTY27JAN2624900PE,0.1633319114422583
22-01-2026 09:50||NIFTY27JAN2625000PE,0.1528186157698345
22-01-2026 09:50||NIFTY27JAN2625600CE,0.1082619212144532
22-01-2026 09:50||NIFTY27JAN2625800CE,0.1149836705549015
22-01-2026 09:50||NIFTY27JAN2625900CE,0.1201391219998365
22-01-2026 09:50||NIFTY27JAN2626300CE,0.1475619007706287
22-01-2026 09:50||NIFTY27JAN2626500CE,0.1625651009884037
22-01-2026 09:55||NIFTY27JAN2624700PE,0.165852025488066
22-01-2026 09:55||NIFTY27JAN2624800PE,0.1548856235322108
22-01-2026 09:55||NIFTY27JAN2624900PE,0.1444685943833667
22-01-2026 09:55||NIFTY27JAN2625200CE,0.1359468690365635
22-01-2026 09:55||NIFTY27JAN2625500CE,0.1192844331234936
22-01-2026 10:00||NIFTY27JAN2624200PE,0.2186166659005132
22-01-2026 10:00||NIFTY27JAN2624700PE,0.1639165504530326
22-01-2026 10:00||NIFTY27JAN2625100PE,0.1298529921319817
22-01-2026 10:00||NIFTY27JAN2625400CE,0.1050655734538835
22-01-2026 10:00||NIFTY27JAN2625600CE,0.1050711318659154
22-01-2026 10:00||NIFTY27JAN2626100CE,0.1282666880761305
22-01-2026 10:00||NIFTY27JAN2626500CE,0.1580383903583512
22-01-2026 10:05||NIFTY27JAN2624500PE,0.1851801725275262
22-01-2026 10:05||NIFTY27JAN2624800PE,0.1527781517727683
22-01-2026 10:05||NIFTY27JAN2625000PE,0.1344757347152977
22-01-2026 10:05||NIFTY27JAN2625400CE,0.1103127966506709
22-01-2026 10:05||NIFTY27JAN2625700CE,0.1102434138401415
22-01-2026 10:05||NIFTY27JAN2625800CE,0.1133519865867396
22-01-2026 10:05||NIFTY27JAN2626100CE,0.1302694625002307
22-01-2026 10:05||NIFTY27JAN2626400CE,0.1528284454697066
22-01-2026 10:10||NIFTY27JAN2623800PE,0.258431712170975
22-01-2026 10:10||NIFTY27JAN2624200PE,0.2145133310456621
22-01-2026 10:10||NIFTY27JAN2624300PE,0.2036629687104005
22-01-2026 10:10||NIFTY27JAN2624500PE,0.1812759096922648
22-01-2026 10:10||NIFTY27JAN2624800PE,0.1485462591107778
22-01-2026 10:10||NIFTY27JAN2625300CE,0.1267224730632463
22-01-2026 10:10||NIFTY27JAN2625500CE,0.1163753720796208
22-01-2026 10:10||NIFTY27JAN2626200CE,0.1417964996103772
22-01-2026 10:10||NIFTY27JAN2626300CE,0.1491438991548636
22-01-2026 10:15||NIFTY27JAN2623900PE,0.2480290706976026
22-01-2026 10:15||NIFTY27JAN2624400PE,0.1970405484638312
22-01-2026 10:15||NIFTY27JAN2625000PE,0.1390206624836499
22-01-2026 10:15||NIFTY27JAN2625300CE,0.0983630682178394
22-01-2026 10:15||NIFTY27JAN2625400CE,0.0982975939357205
22-01-2026 10:20||NIFTY27JAN2624000PE,0.2259969074300345
22-01-2026 10:20||NIFTY27JAN2625000PE,0.1251305060834897
22-01-2026 10:20||NIFTY27JAN2625100PE,0.1174629291890108
22-01-2026 10:20||NIFTY27JAN2625400CE,0.1206884878925775
22-01-2026 10:20||NIFTY27JAN2625500CE,0.1170770879505674
22-01-2026 10:20||NIFTY27JAN2625600CE,0.1159982986380145
22-01-2026 10:20||NIFTY27JAN2625900CE,0.1248601982078256
22-01-2026 10:25||NIFTY27JAN2623900PE,0.2298679446017499
22-01-2026 10:25||NIFTY27JAN2624000PE,0.2197017012631498
22-01-2026 10:25||NIFTY27JAN2624200PE,0.198995780012812
22-01-2026 10:25||NIFTY27JAN2625100PE,0.1280180597843752
22-01-2026 10:25||NIFTY27JAN2625900CE,0.1189491883067236
22-01-2026 10:25||NIFTY27JAN2626300CE,0.1496482460529638
22-01-2026 10:30||NIFTY27JAN2624300PE,0.1832810688854947
22-01-2026 10:30||NIFTY27JAN2625800CE,0.1250644211258199
22-01-2026 10:30||NIFTY27JAN2626100CE,0.1432482266438006
22-01-2026 10:35||NIFTY27JAN2625100PE,0.123962567539092
22-01-2026 10:35||NIFTY27JAN2625200CE,0.1026699488443448
22-01-2026 10:35||NIFTY27JAN2625300CE,0.1024305585606273
22-01-2026 10:35||NIFTY27JAN2625400CE,0.1032689518088862
22-01-2026 10:35||NIFTY27JAN2625800CE,0.1163841927620924
22-01-2026 10:40||NIFTY27JAN2624300PE,0.1829569528851461
22-01-2026 10:40||NIFTY27JAN2624600PE,0.153851988917114
22-01-2026 10:40||NIFTY27JAN2625000PE,0.1236623579534524
22-01-2026 10:40||NIFTY27JAN2625800CE,0.1213445120178348
22-01-2026 10:40||NIFTY27JAN2625900CE,0.1269061528914064
22-01-2026 10:40||NIFTY27JAN2626000CE,0.1335758407736146
22-01-2026 10:45||NIFTY27JAN2623900PE,0.2266432971545106
22-01-2026 10:45||NIFTY27JAN2625000PE,0.1266046044206432
22-01-2026 10:45||NIFTY27JAN2625400CE,0.1111067458285553
22-01-2026 10:45||NIFTY27JAN2625500CE,0.1112763691343167
22-01-2026 10:45||NIFTY27JAN2625700CE,0.1162841321576091
22-01-2026 10:45||NIFTY27JAN2625900CE,0.1270026397682952
22-01-2026 10:45||NIFTY27JAN2626400CE,0.1663711357696464
22-01-2026 10:45||NIFTY27JAN2626500CE,0.1748304559791508
22-01-2026 10:50||NIFTY27JAN2623900PE,0.2258919904414484
22-01-2026 10:50||NIFTY27JAN2624400PE,0.1738290155824142
22-01-2026 10:50||NIFTY27JAN2624500PE,0.1641617780952828
22-01-2026 10:50||NIFTY27JAN2624600PE,0.1547283773791712
22-01-2026 10:50||NIFTY27JAN2624900PE,0.1310710276930611
22-01-2026 10:50||NIFTY27JAN2625000PE,0.1249271746795181
22-01-2026 10:50||NIFTY27JAN2625300CE,0.1155048707251434
22-01-2026 10:50||NIFTY27JAN2625700CE,0.119217549243581
22-01-2026 10:50||NIFTY27JAN2625900CE,0.1299800092886117
22-01-2026 10:50||NIFTY27JAN2626000CE,0.1366590044108086
22-01-2026 10:50||NIFTY27JAN2626300CE,0.1603976312165767
22-01-2026 10:55||NIFTY27JAN2624000PE,0.2189575278705539
22-01-2026 10:55||NIFTY27JAN2624200PE,0.1993069897886957
22-01-2026 10:55||NIFTY27JAN2624600PE,0.1632462800468496
22-01-2026 10:55||NIFTY27JAN2625900CE,0.1278537994054659
22-01-2026 11:00||NIFTY27JAN2624400PE,0.1739518676612929
22-01-2026 11:00||NIFTY27JAN2624800PE,0.1409612816738095
22-01-2026 11:00||NIFTY27JAN2626300CE,0.1639400940992277
22-01-2026 11:05||NIFTY27JAN2624500PE,0.1631023652129933
22-01-2026 11:05||NIFTY27JAN2624800PE,0.1390218113733231
22-01-2026 11:05||NIFTY27JAN2625500CE,0.1201022224426223
22-01-2026 11:05||NIFTY27JAN2625600CE,0.1221796560248586
22-01-2026 11:05||NIFTY27JAN2625900CE,0.136304673491165
22-01-2026 11:05||NIFTY27JAN2626200CE,0.1578662552898661
22-01-2026 11:10||NIFTY27JAN2623800PE,0.2332914079994727
22-01-2026 11:10||NIFTY27JAN2624300PE,0.1835971989468433
22-01-2026 11:10||NIFTY27JAN2624600PE,0.1583431663815248
22-01-2026 11:10||NIFTY27JAN2624700PE,0.1506805788037023
22-01-2026 11:10||NIFTY27JAN2625000PE,0.1303805105523797
22-01-2026 11:10||NIFTY27JAN2625100PE,0.1241772087014882
22-01-2026 11:10||NIFTY27JAN2625400CE,0.1157367609096323
22-01-2026 11:10||NIFTY27JAN2625800CE,0.1287900447021545
22-01-2026 11:10||NIFTY27JAN2626100CE,0.1487423439539449
22-01-2026 11:15||NIFTY27JAN2623900PE,0.2226248652951093
22-01-2026 11:15||NIFTY27JAN2624300PE,0.1822770516178428
22-01-2026 11:15||NIFTY27JAN2625600CE,0.1198819939879012
22-01-2026 11:15||NIFTY27JAN2625800CE,0.1293782804539711
22-01-2026 11:15||NIFTY27JAN2626100CE,0.1501499165964407
22-01-2026 11:15||NIFTY27JAN2626200CE,0.1579135774713079
22-01-2026 11:15||NIFTY27JAN2626400CE,0.1730679416628316
22-01-2026 11:15||NIFTY27JAN2626500CE,0.1805099019721964
22-01-2026 11:20||NIFTY27JAN2623900PE,0.2193018947980581
22-01-2026 11:20||NIFTY27JAN2624700PE,0.1414641553961114
22-01-2026 11:20||NIFTY27JAN2624800PE,0.1337310440942548
22-01-2026 11:20||NIFTY27JAN2625600CE,0.12668650269802
22-01-2026 11:20||NIFTY27JAN2625900CE,0.1386353252806227
22-01-2026 11:25||NIFTY27JAN2623800PE,0.2380544261202361
22-01-2026 11:25||NIFTY27JAN2623900PE,0.2275296503706668
22-01-2026 11:25||NIFTY27JAN2624000PE,0.2164731950420925
22-01-2026 11:25||NIFTY27JAN2624500PE,0.1670562053112675
22-01-2026 11:25||NIFTY27JAN2624600PE,0.1584631395599239
22-01-2026 11:25||NIFTY27JAN2625800CE,0.1246505486953563
22-01-2026 11:25||NIFTY27JAN2625900CE,0.1304890862458084
22-01-2026 11:25||NIFTY27JAN2626500CE,0.1757655403256279
22-01-2026 11:30||NIFTY27JAN2624300PE,0.1799519312667645
22-01-2026 11:30||NIFTY27JAN2625800CE,0.1307948257492935
22-01-2026 11:30||NIFTY27JAN2626000CE,0.1425029531756335
22-01-2026 11:35||NIFTY27JAN2624200PE,0.1922703824496374
22-01-2026 11:35||NIFTY27JAN2625500CE,0.1161112476939365
22-01-2026 11:35||NIFTY27JAN2625900CE,0.1334359034863543
22-01-2026 11:40||NIFTY27JAN2624200PE,0.1922854913626737
22-01-2026 11:40||NIFTY27JAN2624700PE,0.1500298681864503
22-01-2026 11:40||NIFTY27JAN2625200CE,0.1104355005328556
22-01-2026 11:40||NIFTY27JAN2626300CE,0.1671564618562099
22-01-2026 11:45||NIFTY27JAN2623900PE,0.2183841791250819
22-01-2026 11:45||NIFTY27JAN2624400PE,0.1676074471466695
22-01-2026 11:45||NIFTY27JAN2625000PE,0.1239309981297626
22-01-2026 11:45||NIFTY27JAN2626500CE,0.186638198028789
22-01-2026 11:50||NIFTY27JAN2624500PE,0.163334882091421
22-01-2026 11:50||NIFTY27JAN2624800PE,0.1412206473179185
22-01-2026 11:50||NIFTY27JAN2625200CE,0.1187672988993102
22-01-2026 11:50||NIFTY27JAN2625700CE,0.1270027435250886
22-01-2026 11:50||NIFTY27JAN2626200CE,0.1603623051579772
22-01-2026 11:50||NIFTY27JAN2626300CE,0.1684352215321441
22-01-2026 11:55||NIFTY27JAN2624000PE,0.2094572117760009
22-01-2026 11:55||NIFTY27JAN2625000PE,0.1315841689192996
22-01-2026 12:00||NIFTY27JAN2623800PE,0.2283923869445193
22-01-2026 12:00||NIFTY27JAN2624300PE,0.1759067500900163
22-01-2026 12:00||NIFTY27JAN2625600CE,0.1310801996464918
22-01-2026 12:00||NIFTY27JAN2625700CE,0.1342428736918282
22-01-2026 12:00||NIFTY27JAN2626100CE,0.1590287538481656
22-01-2026 12:00||NIFTY27JAN2626400CE,0.1837103214104233
22-01-2026 12:05||NIFTY27JAN2624300PE,0.1788954120699197
22-01-2026 12:05||NIFTY27JAN2625600CE,0.1264069265013956
22-01-2026 12:05||NIFTY27JAN2625700CE,0.1295714720250874
22-01-2026 12:05||NIFTY27JAN2626000CE,0.1466475935954368
22-01-2026 12:05||NIFTY27JAN2626300CE,0.1701520272348204
22-01-2026 12:10||NIFTY27JAN2624000PE,0.2086364843466378
22-01-2026 12:10||NIFTY27JAN2624500PE,0.1591300484677935
22-01-2026 12:10||NIFTY27JAN2625500CE,0.123495086966809
22-01-2026 12:10||NIFTY27JAN2625800CE,0.1333345590585987
22-01-2026 12:10||NIFTY27JAN2626100CE,0.1527157238049273
22-01-2026 12:15||NIFTY27JAN2623800PE,0.2288936420379772
22-01-2026 12:15||NIFTY27JAN2624000PE,0.2077272936164245
22-01-2026 12:15||NIFTY27JAN2624500PE,0.1577767092908697
22-01-2026 12:15||NIFTY27JAN2626100CE,0.1531510176140851
22-01-2026 12:15||NIFTY27JAN2626400CE,0.1768389389809505
22-01-2026 12:15||NIFTY27JAN2626500CE,0.1846368112895443
22-01-2026 12:20||NIFTY27JAN2624800PE,0.1439841651109959
22-01-2026 12:20||NIFTY27JAN2624900PE,0.1384300928643884
22-01-2026 12:20||NIFTY27JAN2625900CE,0.1316939329927529
22-01-2026 12:20||NIFTY27JAN2626000CE,0.1387146859163681
22-01-2026 12:20||NIFTY27JAN2626500CE,0.1794010327222206
22-01-2026 12:25||NIFTY27JAN2623900PE,0.2207828849198835
22-01-2026 12:25||NIFTY27JAN2624200PE,0.1889601447744556
22-01-2026 12:25||NIFTY27JAN2624700PE,0.1424238455983556
22-01-2026 12:25||NIFTY27JAN2624800PE,0.1346620117128798
22-01-2026 12:25||NIFTY27JAN2625300CE,0.1255460357055669
22-01-2026 12:30||NIFTY27JAN2624200PE,0.1893658036764005
22-01-2026 12:30||NIFTY27JAN2624400PE,0.1691644052749512
22-01-2026 12:30||NIFTY27JAN2624500PE,0.1598242355462587
22-01-2026 12:30||NIFTY27JAN2625100PE,0.1157465267891709
22-01-2026 12:30||NIFTY27JAN2625700CE,0.1252102030803398
22-01-2026 12:30||NIFTY27JAN2625800CE,0.1293017334041869
22-01-2026 12:30||NIFTY27JAN2625900CE,0.1346458001031296
22-01-2026 12:30||NIFTY27JAN2626400CE,0.1729103470651254
22-01-2026 12:35||NIFTY27JAN2623800PE,0.2333096474403768
22-01-2026 12:35||NIFTY27JAN2624400PE,0.1716725406427439
22-01-2026 12:35||NIFTY27JAN2626100CE,0.1464176088395717
22-01-2026 12:35||NIFTY27JAN2626300CE,0.1633995683899078
22-01-2026 12:40||NIFTY27JAN2624100PE,0.1981646131419256
22-01-2026 12:40||NIFTY27JAN2626200CE,0.1573956598437203
22-01-2026 12:45||NIFTY27JAN2624700PE,0.1434630475805679
22-01-2026 12:45||NIFTY27JAN2624900PE,0.1298612877412436
22-01-2026 12:45||NIFTY27JAN2625200CE,0.1150365796067646
22-01-2026 12:45||NIFTY27JAN2625700CE,0.1204367795191256
22-01-2026 12:45||NIFTY27JAN2625800CE,0.1254160362138566
22-01-2026 12:45||NIFTY27JAN2626000CE,0.1383453878871616
22-01-2026 12:45||NIFTY27JAN2626100CE,0.1459710178262012
22-01-2026 12:45||NIFTY27JAN2626200CE,0.1542873693050867
22-01-2026 12:45||NIFTY27JAN2626300CE,0.1630293709094755
22-01-2026 12:45||NIFTY27JAN2626400CE,0.1719660879911216
22-01-2026 12:50||NIFTY27JAN2624200PE,0.1890542256701248
22-01-2026 12:50||NIFTY27JAN2624300PE,0.1790202447747981
22-01-2026 12:50||NIFTY27JAN2624900PE,0.1322430122076584
22-01-2026 12:50||NIFTY27JAN2625900CE,0.1309845138253568
22-01-2026 12:50||NIFTY27JAN2626200CE,0.1549698071431642
22-01-2026 12:50||NIFTY27JAN2626300CE,0.1637463588999312
22-01-2026 12:55||NIFTY27JAN2624400PE,0.1645789076621214
22-01-2026 12:55||NIFTY27JAN2625100PE,0.1198851668647152
22-01-2026 12:55||NIFTY27JAN2626100CE,0.1523226782839222
22-01-2026 12:55||NIFTY27JAN2626400CE,0.1788845509018382
22-01-2026 13:00||NIFTY27JAN2624000PE,0.2043031834862589
22-01-2026 13:00||NIFTY27JAN2624400PE,0.1631303431538691
22-01-2026 13:00||NIFTY27JAN2624900PE,0.1254794587697439
22-01-2026 13:00||NIFTY27JAN2625700CE,0.1251657795025784
22-01-2026 13:05||NIFTY27JAN2623800PE,0.2266776740385985
22-01-2026 13:05||NIFTY27JAN2624100PE,0.1935827599024546
22-01-2026 13:05||NIFTY27JAN2624400PE,0.1632805007503381
22-01-2026 13:05||NIFTY27JAN2625000PE,0.1228634841179055
22-01-2026 13:05||NIFTY27JAN2625300CE,0.1151741465558354
22-01-2026 13:05||NIFTY27JAN2625400CE,0.1151431203338321
22-01-2026 13:05||NIFTY27JAN2625700CE,0.1246780856708066
22-01-2026 13:10||NIFTY27JAN2624200PE,0.1841468438826584
22-01-2026 13:10||NIFTY27JAN2625300CE,0.1116777043871401
22-01-2026 13:10||NIFTY27JAN2625500CE,0.1147024793971276
22-01-2026 13:10||NIFTY27JAN2626000CE,0.1443910046340309
22-01-2026 13:10||NIFTY27JAN2626500CE,0.1896723411100563
22-01-2026 13:15||NIFTY27JAN2624200PE,0.1810672605131558
22-01-2026 13:15||NIFTY27JAN2624600PE,0.1427285310971818
22-01-2026 13:15||NIFTY27JAN2624700PE,0.1347491500260864
22-01-2026 13:15||NIFTY27JAN2625200CE,0.1270519896985374
22-01-2026 13:15||NIFTY27JAN2625600CE,0.1233489160669972
22-01-2026 13:20||NIFTY27JAN2623900PE,0.2146235812124191
22-01-2026 13:20||NIFTY27JAN2624700PE,0.1373042805688727
22-01-2026 13:20||NIFTY27JAN2624900PE,0.1240081239884772
22-01-2026 13:20||NIFTY27JAN2625200CE,0.1191931042846408
22-01-2026 13:20||NIFTY27JAN2625500CE,0.1179502981621954
22-01-2026 13:20||NIFTY27JAN2626100CE,0.1535372711460617
22-01-2026 13:25||NIFTY27JAN2624900PE,0.1282417705201527
22-01-2026 13:25||NIFTY27JAN2625100PE,0.1211107523622991
22-01-2026 13:25||NIFTY27JAN2625800CE,0.1300529004365867
22-01-2026 13:25||NIFTY27JAN2626100CE,0.1543185432812663
22-01-2026 13:25||NIFTY27JAN2626300CE,0.1726482153720779
22-01-2026 13:30||NIFTY27JAN2623800PE,0.222226300708152
22-01-2026 13:30||NIFTY27JAN2624000PE,0.1998169816033122
22-01-2026 13:30||NIFTY27JAN2624100PE,0.1889839461138097
22-01-2026 13:30||NIFTY27JAN2624600PE,0.1390235264851922
22-01-2026 13:30||NIFTY27JAN2625100PE,0.1005885889682656
22-01-2026 13:30||NIFTY27JAN2625800CE,0.1362819038171389
22-01-2026 13:30||NIFTY27JAN2625900CE,0.1421774622374825
22-01-2026 13:35||NIFTY27JAN2623800PE,0.2252742912438512
22-01-2026 13:35||NIFTY27JAN2623900PE,0.2154615505467215
22-01-2026 13:35||NIFTY27JAN2624400PE,0.166313321386207
22-01-2026 13:35||NIFTY27JAN2624600PE,0.1499366486420429
22-01-2026 13:35||NIFTY27JAN2624700PE,0.142540068922129
22-01-2026 13:35||NIFTY27JAN2625300CE,0.1068824998553496
22-01-2026 13:35||NIFTY27JAN2625500CE,0.1109503900094838
22-01-2026 13:35||NIFTY27JAN2625700CE,0.1197653240275412
22-01-2026 13:35||NIFTY27JAN2626000CE,0.141147897768895
22-01-2026 13:35||NIFTY27JAN2626100CE,0.1496533097736141
22-01-2026 13:35||NIFTY27JAN2626400CE,0.1767668990875054
22-01-2026 13:40||NIFTY27JAN2624000PE,0.2023939199067664
22-01-2026 13:40||NIFTY27JAN2624200PE,0.1811653321915743
22-01-2026 13:40||NIFTY27JAN2624300PE,0.1710070501647918
22-01-2026 13:40||NIFTY27JAN2624400PE,0.1609884771196937
22-01-2026 13:40||NIFTY27JAN2624900PE,0.1216805735026104
22-01-2026 13:40||NIFTY27JAN2625100PE,0.1103810608827075
22-01-2026 13:40||NIFTY27JAN2625300CE,0.1206805085024505
22-01-2026 13:40||NIFTY27JAN2625400CE,0.1188169222092199
22-01-2026 13:40||NIFTY27JAN2625600CE,0.122026721151959
22-01-2026 13:40||NIFTY27JAN2626000CE,0.1459940150499696
22-01-2026 13:40||NIFTY27JAN2626300CE,0.171581033041522
22-01-2026 13:45||NIFTY27JAN2624400PE,0.159002821072989
22-01-2026 13:45||NIFTY27JAN2625200CE,0.12851316628549
22-01-2026 13:45||NIFTY27JAN2625800CE,0.1335238140151023
22-01-2026 13:45||NIFTY27JAN2626100CE,0.1554241357485505
22-01-2026 13:45||NIFTY27JAN2626300CE,0.1723642928505419
22-01-2026 13:50||NIFTY27JAN2623800PE,0.2253324396747081
22-01-2026 13:50||NIFTY27JAN2625200CE,0.1295139650053189
22-01-2026 13:50||NIFTY27JAN2626300CE,0.1705878974032824
22-01-2026 13:55||NIFTY27JAN2624500PE,0.1535981392313768
22-01-2026 13:55||NIFTY27JAN2624600PE,0.1443593349815237
22-01-2026 13:55||NIFTY27JAN2624800PE,0.1282174060155138
22-01-2026 13:55||NIFTY27JAN2625400CE,0.1129376426504304
22-01-2026 13:55||NIFTY27JAN2625500CE,0.1139156011426957
22-01-2026 13:55||NIFTY27JAN2625900CE,0.1328233362252728
22-01-2026 13:55||NIFTY27JAN2626000CE,0.1405512117957519
22-01-2026 13:55||NIFTY27JAN2626400CE,0.1766112601690476
22-01-2026 14:00||NIFTY27JAN2623800PE,0.2284274292049701
22-01-2026 14:00||NIFTY27JAN2623900PE,0.2162148775828299
22-01-2026 14:00||NIFTY27JAN2624300PE,0.1707381283478786
22-01-2026 14:00||NIFTY27JAN2625000PE,0.1167361472592586
22-01-2026 14:00||NIFTY27JAN2625300CE,0.1106332738953252
22-01-2026 14:00||NIFTY27JAN2625500CE,0.1117333671365388
22-01-2026 14:00||NIFTY27JAN2625600CE,0.1144511639418803
22-01-2026 14:00||NIFTY27JAN2626500CE,0.184973887315417
22-01-2026 14:05||NIFTY27JAN2623800PE,0.2253034981675281
22-01-2026 14:05||NIFTY27JAN2624000PE,0.2027366254460254
22-01-2026 14:05||NIFTY27JAN2624200PE,0.1806815669601255
22-01-2026 14:05||NIFTY27JAN2624300PE,0.1704590600713701
22-01-2026 14:05||NIFTY27JAN2625200CE,0.1077857876524074
22-01-2026 14:05||NIFTY27JAN2626200CE,0.1582815045694183
22-01-2026 14:05||NIFTY27JAN2626400CE,0.1774201266579539
22-01-2026 14:10||NIFTY27JAN2623900PE,0.2124735557460361
22-01-2026 14:10||NIFTY27JAN2624200PE,0.1810677885049378
22-01-2026 14:10||NIFTY27JAN2625100PE,0.1203767486270881
22-01-2026 14:10||NIFTY27JAN2625900CE,0.1332611659568909
22-01-2026 14:15||NIFTY27JAN2623800PE,0.2215774249657853
22-01-2026 14:15||NIFTY27JAN2624600PE,0.1380434085331661
22-01-2026 14:15||NIFTY27JAN2625000PE,0.1128230001431694
22-01-2026 14:15||NIFTY27JAN2625100PE,0.1078734769118269
22-01-2026 14:15||NIFTY27JAN2626500CE,0.192216310089427
22-01-2026 14:20||NIFTY27JAN2623800PE,0.2133737878241782
22-01-2026 14:20||NIFTY27JAN2623900PE,0.2037694372499255
22-01-2026 14:20||NIFTY27JAN2624000PE,0.1943090593086609
22-01-2026 14:20||NIFTY27JAN2624100PE,0.1849954622708177
22-01-2026 14:20||NIFTY27JAN2624400PE,0.1552798629519356
22-01-2026 14:20||NIFTY27JAN2624900PE,0.1159753781449794
22-01-2026 14:20||NIFTY27JAN2625400CE,0.1141981277587537
22-01-2026 14:20||NIFTY27JAN2625700CE,0.1233963794573546
22-01-2026 14:20||NIFTY27JAN2625800CE,0.1297331595415615
22-01-2026 14:20||NIFTY27JAN2625900CE,0.1371509657051686
22-01-2026 14:20||NIFTY27JAN2626100CE,0.1539695200482952
22-01-2026 14:20||NIFTY27JAN2626200CE,0.1628863294204222
22-01-2026 14:25||NIFTY27JAN2624200PE,0.1761009038781476
22-01-2026 14:25||NIFTY27JAN2624300PE,0.164818784416649
22-01-2026 14:25||NIFTY27JAN2624600PE,0.1339666817553621
22-01-2026 14:25||NIFTY27JAN2624700PE,0.1250572591728239
22-01-2026 14:25||NIFTY27JAN2626500CE,0.1870792420384822
22-01-2026 14:30||NIFTY27JAN2623800PE,0.2254375491166843
22-01-2026 14:30||NIFTY27JAN2624300PE,0.1683533200693058
22-01-2026 14:30||NIFTY27JAN2625600CE,0.121658532814809
22-01-2026 14:30||NIFTY27JAN2625700CE,0.1234833777830132
22-01-2026 14:30||NIFTY27JAN2625900CE,0.1331678717687762
22-01-2026 14:30||NIFTY27JAN2626500CE,0.1803647794840451
22-01-2026 14:35||NIFTY27JAN2624000PE,0.2057791341791065
22-01-2026 14:35||NIFTY27JAN2624800PE,0.1233573876107174
22-01-2026 14:35||NIFTY27JAN2625500CE,0.1164841141641439
22-01-2026 14:40||NIFTY27JAN2623800PE,0.2301547711955837
22-01-2026 14:40||NIFTY27JAN2625200CE,0.1207273232332125
22-01-2026 14:40||NIFTY27JAN2625400CE,0.111731716697927
22-01-2026 14:40||NIFTY27JAN2626100CE,0.1403295418261154
22-01-2026 14:40||NIFTY27JAN2626500CE,0.1717965139036967
22-01-2026 14:45||NIFTY27JAN2624000PE,0.2050524650450021
22-01-2026 14:45||NIFTY27JAN2626100CE,0.1383423298719476
22-01-2026 14:50||NIFTY27JAN2624400PE,0.1604923491355845
22-01-2026 14:50||NIFTY27JAN2624500PE,0.1502685465531832
22-01-2026 14:50||NIFTY27JAN2625400CE,0.1064406425111361
22-01-2026 14:50||NIFTY27JAN2625500CE,0.105486850692067
22-01-2026 14:50||NIFTY27JAN2625600CE,0.1064645892427176
22-01-2026 14:50||NIFTY27JAN2626200CE,0.1445524378840156
22-01-2026 14:55||NIFTY27JAN2624300PE,0.1681772504258376
22-01-2026 14:55||NIFTY27JAN2625000PE,0.108906210377647
22-01-2026 14:55||NIFTY27JAN2626100CE,0.1355547574485881
22-01-2026 14:55||NIFTY27JAN2626500CE,0.1694979189310121
22-01-2026 15:00||NIFTY27JAN2624300PE,0.1673419193145575
22-01-2026 15:00||NIFTY27JAN2624600PE,0.1378856983851514
22-01-2026 15:00||NIFTY27JAN2624900PE,0.1166743151764003
22-01-2026 15:00||NIFTY27JAN2625600CE,0.1056878306515911
22-01-2026 15:00||NIFTY27JAN2626400CE,0.1630244604907291
22-01-2026 15:05||NIFTY27JAN2625300CE,0.1285529320379418
22-01-2026 15:05||NIFTY27JAN2625400CE,0.1215380866097833
22-01-2026 15:05||NIFTY27JAN2625600CE,0.1156009941018892
22-01-2026 15:10||NIFTY27JAN2623800PE,0.22702163407588
22-01-2026 15:10||NIFTY27JAN2624000PE,0.2038455774694439
22-01-2026 15:10||NIFTY27JAN2624200PE,0.1807063447848
22-01-2026 15:10||NIFTY27JAN2625100PE,0.1034044602502112
22-01-2026 15:10||NIFTY27JAN2625600CE,0.1074994069494924
22-01-2026 15:10||NIFTY27JAN2626100CE,0.1312261948204412
22-01-2026 15:15||NIFTY27JAN2623800PE,0.2246725410102215
22-01-2026 15:15||NIFTY27JAN2624200PE,0.17801901183694
22-01-2026 15:15||NIFTY27JAN2624600PE,0.1343123330451727
22-01-2026 15:15||NIFTY27JAN2625400CE,0.1164182195111194
22-01-2026 15:15||NIFTY27JAN2625800CE,0.1129332958763427
22-01-2026 15:15||NIFTY27JAN2625900CE,0.1175095825317023
22-01-2026 15:15||NIFTY27JAN2626200CE,0.1387144665515041
22-01-2026 15:15||NIFTY27JAN2626300CE,0.1472167886757125
22-01-2026 15:20||NIFTY27JAN2624800PE,0.1175549887368935
22-01-2026 15:20||NIFTY27JAN2625200CE,0.1382093905654725
22-01-2026 15:20||NIFTY27JAN2626400CE,0.1562834930514679
22-01-2026 15:25||NIFTY27JAN2623800PE,0.2252909570379085
22-01-2026 15:25||NIFTY27JAN2624300PE,0.1675442970714742
22-01-2026 15:25||NIFTY27JAN2624700PE,0.1243540482830583
22-01-2026 15:25||NIFTY27JAN2625100PE,0.0976973953235534
22-01-2026 15:25||NIFTY27JAN2625200CE,0.1333470689044704
22-01-2026 15:25||NIFTY27JAN2625300CE,0.1196150521313531
22-01-2026 15:25||NIFTY27JAN2625600CE,0.1078171854558913
22-01-2026 15:25||NIFTY27JAN2625900CE,0.114753190005275
22-01-2026 15:25||NIFTY27JAN2626000CE,0.1209402889216727
22-01-2026 15:25||NIFTY27JAN2626400CE,0.1583290747108099
23-01-2026 09:15||NIFTY27JAN2624100PE,0.2100031090103034
23-01-2026 09:15||NIFTY27JAN2624200PE,0.1974323656561247
23-01-2026 09:15||NIFTY27JAN2624300PE,0.1848460543625351
23-01-2026 09:15||NIFTY27JAN2625500CE,0.1119982564824599
23-01-2026 09:15||NIFTY27JAN2626000CE,0.1332516174865682
23-01-2026 09:15||NIFTY27JAN2626100CE,0.141814969427639
23-01-2026 09:15||NIFTY27JAN2626200CE,0.1524360551637176
23-01-2026 09:15||NIFTY27JAN2626300CE,0.1627373631433312
23-01-2026 09:15||NIFTY27JAN2626500CE,0.186693011729626
23-01-2026 09:20||NIFTY27JAN2623900PE,0.2330280798891432
23-01-2026 09:20||NIFTY27JAN2624400PE,0.1700018704441935
23-01-2026 09:20||NIFTY27JAN2625500CE,0.125695649571688
23-01-2026 09:20||NIFTY27JAN2626200CE,0.1541161107258792
23-01-2026 09:20||NIFTY27JAN2626400CE,0.1747047584060582
23-01-2026 09:25||NIFTY27JAN2623800PE,0.2531661655650491
23-01-2026 09:25||NIFTY27JAN2625100PE,0.1129215332336145
23-01-2026 09:25||NIFTY27JAN2626100CE,0.1346299880497961
23-01-2026 09:25||NIFTY27JAN2626200CE,0.1447515914062569
23-01-2026 09:25||NIFTY27JAN2626400CE,0.1667085639811845
23-01-2026 09:30||NIFTY27JAN2623900PE,0.241820155874138
23-01-2026 09:30||NIFTY27JAN2624000PE,0.2297085941131267
23-01-2026 09:30||NIFTY27JAN2624400PE,0.1807531239983843
23-01-2026 09:30||NIFTY27JAN2624500PE,0.1688317287146768
23-01-2026 09:30||NIFTY27JAN2624600PE,0.1576712049808786
23-01-2026 09:30||NIFTY27JAN2624700PE,0.1475035547485879
23-01-2026 09:30||NIFTY27JAN2625200CE,0.1078141003073784
23-01-2026 09:30||NIFTY27JAN2626300CE,0.1568757500312612
23-01-2026 09:35||NIFTY27JAN2623900PE,0.2388308564947472
23-01-2026 09:35||NIFTY27JAN2624000PE,0.2267757004053034
23-01-2026 09:35||NIFTY27JAN2624400PE,0.1765177643569875
23-01-2026 09:35||NIFTY27JAN2625500CE,0.1076819706556314
23-01-2026 09:35||NIFTY27JAN2626100CE,0.1381556193687429
23-01-2026 09:40||NIFTY27JAN2625400CE,0.1051410042662266
23-01-2026 09:40||NIFTY27JAN2625500CE,0.1034956984245244
23-01-2026 09:40||NIFTY27JAN2626000CE,0.1274730350021729
23-01-2026 09:45||NIFTY27JAN2623900PE,0.2358397995602409
23-01-2026 09:45||NIFTY27JAN2624100PE,0.210546400098525
23-01-2026 09:45||NIFTY27JAN2624300PE,0.1848327834260316
23-01-2026 09:45||NIFTY27JAN2624800PE,0.1277706764868537
23-01-2026 09:45||NIFTY27JAN2624900PE,0.119356200888728
23-01-2026 09:45||NIFTY27JAN2626100CE,0.1425826731244862
23-01-2026 09:45||NIFTY27JAN2626400CE,0.1757151546347034
23-01-2026 09:50||NIFTY27JAN2623900PE,0.2385381072992959
23-01-2026 09:50||NIFTY27JAN2624200PE,0.201796150568155
23-01-2026 09:50||NIFTY27JAN2624400PE,0.1770582674270752
23-01-2026 09:50||NIFTY27JAN2624700PE,0.1441123737874283
23-01-2026 09:50||NIFTY27JAN2625200CE,0.1096449967250461
23-01-2026 09:50||NIFTY27JAN2625300CE,0.1048066675273679
23-01-2026 09:50||NIFTY27JAN2625700CE,0.10372510017014
23-01-2026 09:50||NIFTY27JAN2625800CE,0.1089943851864702
23-01-2026 09:55||NIFTY27JAN2623800PE,0.2491861086660586
23-01-2026 09:55||NIFTY27JAN2624200PE,0.1983756951868436
23-01-2026 09:55||NIFTY27JAN2624800PE,0.1296482128201967
23-01-2026 09:55||NIFTY27JAN2625000PE,0.1149814219584042
23-01-2026 09:55||NIFTY27JAN2625200CE,0.1211917094093686
23-01-2026 09:55||NIFTY27JAN2625700CE,0.1076215257502488
23-01-2026 09:55||NIFTY27JAN2626300CE,0.1624022431269665
23-01-2026 10:00||NIFTY27JAN2624700PE,0.1413521128840539
23-01-2026 10:00||NIFTY27JAN2625900CE,0.1165890909877945
23-01-2026 10:00||NIFTY27JAN2626000CE,0.1260105735123033
23-01-2026 10:00||NIFTY27JAN2626100CE,0.1366410660856204
23-01-2026 10:00||NIFTY27JAN2626300CE,0.1594161215966329
23-01-2026 10:05||NIFTY27JAN2623800PE,0.2497224654779017
23-01-2026 10:05||NIFTY27JAN2624100PE,0.2122407759107787
23-01-2026 10:05||NIFTY27JAN2624600PE,0.1510229761913424
23-01-2026 10:05||NIFTY27JAN2624800PE,0.1315186654926824
23-01-2026 10:05||NIFTY27JAN2626200CE,0.1500332793333335
23-01-2026 10:10||NIFTY27JAN2623800PE,0.2489212537240809
23-01-2026 10:10||NIFTY27JAN2624000PE,0.2237825330453162
23-01-2026 10:10||NIFTY27JAN2624400PE,0.1729880293974554
23-01-2026 10:10||NIFTY27JAN2624600PE,0.1493941763152892
23-01-2026 10:10||NIFTY27JAN2624800PE,0.1298994069871763
23-01-2026 10:10||NIFTY27JAN2625300CE,0.1048377839571344
23-01-2026 10:15||NIFTY27JAN2624700PE,0.1416142016857981
23-01-2026 10:15||NIFTY27JAN2625700CE,0.1029003307111733
23-01-2026 10:15||NIFTY27JAN2625900CE,0.1184352227173917
23-01-2026 10:15||NIFTY27JAN2626000CE,0.1289329324227695
23-01-2026 10:15||NIFTY27JAN2626400CE,0.1745978920740094
23-01-2026 10:20||NIFTY27JAN2625700CE,0.1068263160492441
23-01-2026 10:20||NIFTY27JAN2625800CE,0.11282599850837
23-01-2026 10:20||NIFTY27JAN2626100CE,0.1430274378232293
23-01-2026 10:20||NIFTY27JAN2626500CE,0.1854686964041758
23-01-2026 10:25||NIFTY27JAN2623800PE,0.2479728528968891
23-01-2026 10:25||NIFTY27JAN2624400PE,0.1692858762700455
23-01-2026 10:25||NIFTY27JAN2624600PE,0.144478005021405
23-01-2026 10:25||NIFTY27JAN2625100PE,0.1004508132843348
23-01-2026 10:25||NIFTY27JAN2625400CE,0.1125010226258669
23-01-2026 10:25||NIFTY27JAN2626000CE,0.1307021081899581
23-01-2026 10:30||NIFTY27JAN2624100PE,0.2132608701144497
23-01-2026 10:30||NIFTY27JAN2624400PE,0.1746908071918023
23-01-2026 10:30||NIFTY27JAN2624600PE,0.1496544076182834
23-01-2026 10:30||NIFTY27JAN2625100PE,0.1067008154619859
23-01-2026 10:35||NIFTY27JAN2624000PE,0.2279670437940274
23-01-2026 10:35||NIFTY27JAN2624100PE,0.2153772778517164
23-01-2026 10:35||NIFTY27JAN2624200PE,0.2027120701871217
23-01-2026 10:35||NIFTY27JAN2624500PE,0.1639695399997022
23-01-2026 10:35||NIFTY27JAN2624900PE,0.1233073976465853
23-01-2026 10:35||NIFTY27JAN2625100PE,0.1100052365529901
23-01-2026 10:35||NIFTY27JAN2625600CE,0.0975832258633665
23-01-2026 10:40||NIFTY27JAN2624000PE,0.2258100297827438
23-01-2026 10:40||NIFTY27JAN2624600PE,0.1504488033856338
23-01-2026 10:40||NIFTY27JAN2624800PE,0.1297916505412269
23-01-2026 10:40||NIFTY27JAN2625300CE,0.1047280203093458
23-01-2026 10:40||NIFTY27JAN2625800CE,0.10722048142446
23-01-2026 10:45||NIFTY27JAN2624100PE,0.2134217285749544
23-01-2026 10:45||NIFTY27JAN2625100PE,0.1113745846634151
23-01-2026 10:45||NIFTY27JAN2625900CE,0.1138732047752968
23-01-2026 10:45||NIFTY27JAN2626200CE,0.148211497049514
23-01-2026 10:45||NIFTY27JAN2626500CE,0.1794031484558162
23-01-2026 10:50||NIFTY27JAN2623900PE,0.2374263083418114
23-01-2026 10:50||NIFTY27JAN2625400CE,0.0988062914904912
23-01-2026 10:50||NIFTY27JAN2625700CE,0.1012920880880784
23-01-2026 10:50||NIFTY27JAN2626200CE,0.1497573495054793
23-01-2026 10:50||NIFTY27JAN2626300CE,0.1613267923834122
23-01-2026 10:50||NIFTY27JAN2626400CE,0.1719284994489343
23-01-2026 10:55||NIFTY27JAN2623800PE,0.2495202274562187
23-01-2026 10:55||NIFTY27JAN2624600PE,0.1474007097554849
23-01-2026 10:55||NIFTY27JAN2624900PE,0.1174062675072016
23-01-2026 10:55||NIFTY27JAN2626200CE,0.1505600729888141
23-01-2026 11:00||NIFTY27JAN2625100PE,0.1077325301581105
23-01-2026 11:00||NIFTY27JAN2625400CE,0.0941603094708355
23-01-2026 11:00||NIFTY27JAN2625800CE,0.1074802974396225
23-01-2026 11:00||NIFTY27JAN2626100CE,0.1391375368288264
23-01-2026 11:05||NIFTY27JAN2624200PE,0.1966279134168936
23-01-2026 11:05||NIFTY27JAN2625600CE,0.0998579552378154
23-01-2026 11:05||NIFTY27JAN2625700CE,0.1031973000857592
23-01-2026 11:05||NIFTY27JAN2626200CE,0.1525002546632321
23-01-2026 11:05||NIFTY27JAN2626500CE,0.1855546411729911
23-01-2026 11:10||NIFTY27JAN2624000PE,0.2233994115784109
23-01-2026 11:10||NIFTY27JAN2624100PE,0.2106517400720032
23-01-2026 11:10||NIFTY27JAN2625300CE,0.1008653324968447
23-01-2026 11:10||NIFTY27JAN2626300CE,0.1627036172974474
23-01-2026 11:15||NIFTY27JAN2624200PE,0.1962899920068117
23-01-2026 11:15||NIFTY27JAN2624800PE,0.1272536686510732
23-01-2026 11:15||NIFTY27JAN2624900PE,0.1191025172506815
23-01-2026 11:15||NIFTY27JAN2625300CE,0.0913760252867392
23-01-2026 11:15||NIFTY27JAN2625400CE,0.0894837995307533
23-01-2026 11:15||NIFTY27JAN2625500CE,0.0901799216419228
23-01-2026 11:15||NIFTY27JAN2625700CE,0.0987835629594614
23-01-2026 11:15||NIFTY27JAN2626300CE,0.1629932313369775
23-01-2026 11:20||NIFTY27JAN2624100PE,0.2076356173973868
23-01-2026 11:20||NIFTY27JAN2624400PE,0.1688505128668592
23-01-2026 11:20||NIFTY27JAN2624800PE,0.1229897353740914
23-01-2026 11:20||NIFTY27JAN2625100PE,0.1007835088355836
23-01-2026 11:20||NIFTY27JAN2626000CE,0.1292627715694188
23-01-2026 11:20||NIFTY27JAN2626300CE,0.1649790456613024
23-01-2026 11:25||NIFTY27JAN2623800PE,0.245108176462561
23-01-2026 11:25||NIFTY27JAN2623900PE,0.2334048108943219
23-01-2026 11:25||NIFTY27JAN2624900PE,0.1139640032836122
23-01-2026 11:25||NIFTY27JAN2625200CE,0.1073884490515045
23-01-2026 11:25||NIFTY27JAN2625800CE,0.1082970148369936
23-01-2026 11:25||NIFTY27JAN2626400CE,0.175106671405028
23-01-2026 11:30||NIFTY27JAN2624700PE,0.1370765253549251
23-01-2026 11:30||NIFTY27JAN2624900PE,0.1192718075979667
23-01-2026 11:30||NIFTY27JAN2625000PE,0.1125292570177981
23-01-2026 11:30||NIFTY27JAN2625500CE,0.0899060260716898
23-01-2026 11:30||NIFTY27JAN2625800CE,0.1064382876575018
23-01-2026 11:30||NIFTY27JAN2626000CE,0.1273937827750941
23-01-2026 11:30||NIFTY27JAN2626200CE,0.1514223655427533
23-01-2026 11:30||NIFTY27JAN2626400CE,0.1746168840575799
23-01-2026 11:35||NIFTY27JAN2624900PE,0.1205465238530932
23-01-2026 11:35||NIFTY27JAN2625400CE,0.0904213239587437
23-01-2026 11:35||NIFTY27JAN2626000CE,0.1313012833644039
23-01-2026 11:40||NIFTY27JAN2623900PE,0.2271590999536509
23-01-2026 11:40||NIFTY27JAN2624300PE,0.1761054604927326
23-01-2026 11:40||NIFTY27JAN2624900PE,0.1155208579013164
23-01-2026 11:40||NIFTY27JAN2625500CE,0.0970120120539202
23-01-2026 11:40||NIFTY27JAN2626300CE,0.174296605503387
23-01-2026 11:40||NIFTY27JAN2626500CE,0.1927075315802889
23-01-2026 11:45||NIFTY27JAN2625300CE,0.0958988268935323
23-01-2026 11:45||NIFTY27JAN2626100CE,0.153576152502955
23-01-2026 11:45||NIFTY27JAN2626400CE,0.186945285451159
23-01-2026 11:50||NIFTY27JAN2624100PE,0.1951617520197169
23-01-2026 11:50||NIFTY27JAN2624500PE,0.146796785430651
23-01-2026 11:50||NIFTY27JAN2625400CE,0.104182101557936
23-01-2026 11:50||NIFTY27JAN2625500CE,0.1048496896554343
23-01-2026 11:50||NIFTY27JAN2625700CE,0.1144486360573104
23-01-2026 11:55||NIFTY27JAN2624800PE,0.1196326298758354
23-01-2026 11:55||NIFTY27JAN2625100PE,0.1024519493103621
23-01-2026 11:55||NIFTY27JAN2625700CE,0.1124088428851002
23-01-2026 11:55||NIFTY27JAN2626200CE,0.1649631187628521
23-01-2026 11:55||NIFTY27JAN2626500CE,0.1946147070832733
23-01-2026 12:00||NIFTY27JAN2624000PE,0.2109834984477434
23-01-2026 12:00||NIFTY27JAN2624300PE,0.1720783158192565
23-01-2026 12:00||NIFTY27JAN2624800PE,0.1183894559764149
23-01-2026 12:00||NIFTY27JAN2625200CE,0.108022347251945
23-01-2026 12:00||NIFTY27JAN2625800CE,0.1205580217298744
23-01-2026 12:00||NIFTY27JAN2625900CE,0.1306253877264235
23-01-2026 12:00||NIFTY27JAN2626400CE,0.1864648334596828
23-01-2026 12:05||NIFTY27JAN2624600PE,0.1389996392936231
23-01-2026 12:05||NIFTY27JAN2625300CE,0.0957416690964509
23-01-2026 12:05||NIFTY27JAN2625400CE,0.0961653728134221
23-01-2026 12:05||NIFTY27JAN2626400CE,0.1874921539765202
23-01-2026 12:10||NIFTY27JAN2623900PE,0.2202111163058821
23-01-2026 12:10||NIFTY27JAN2624000PE,0.2075551453362994
23-01-2026 12:10||NIFTY27JAN2625000PE,0.1062733035393667
23-01-2026 12:10||NIFTY27JAN2625700CE,0.114721621134541
23-01-2026 12:10||NIFTY27JAN2626200CE,0.1684366233452364
23-01-2026 12:10||NIFTY27JAN2626500CE,0.1978554006732612
23-01-2026 12:15||NIFTY27JAN2625500CE,0.1073753918216498
23-01-2026 12:15||NIFTY27JAN2626100CE,0.1557052975077482
23-01-2026 12:15||NIFTY27JAN2626300CE,0.1780835338837061
23-01-2026 12:20||NIFTY27JAN2624200PE,0.1855812722748295
23-01-2026 12:20||NIFTY27JAN2625200CE,0.1020365470169643
23-01-2026 12:20||NIFTY27JAN2625300CE,0.0994390725609512
23-01-2026 12:20||NIFTY27JAN2625400CE,0.0990032134095662
23-01-2026 12:20||NIFTY27JAN2625800CE,0.1184355600197112
23-01-2026 12:20||NIFTY27JAN2626100CE,0.1525133144484127
23-01-2026 12:25||NIFTY27JAN2624300PE,0.1706698930182675
23-01-2026 12:25||NIFTY27JAN2624500PE,0.1461576642999709
23-01-2026 12:25||NIFTY27JAN2624600PE,0.1348796663715539
23-01-2026 12:25||NIFTY27JAN2624900PE,0.1079020047271506
23-01-2026 12:25||NIFTY27JAN2625400CE,0.1024793879728892
23-01-2026 12:25||NIFTY27JAN2625600CE,0.1062541923301777
23-01-2026 12:25||NIFTY27JAN2626400CE,0.1877101672058687
23-01-2026 12:30||NIFTY27JAN2623800PE,0.2353072077055791
23-01-2026 12:30||NIFTY27JAN2624100PE,0.1964866703653322
23-01-2026 12:30||NIFTY27JAN2624200PE,0.1837813301140276
23-01-2026 12:30||NIFTY27JAN2624500PE,0.1454297752802795
23-01-2026 12:30||NIFTY27JAN2625900CE,0.1309290123445074
23-01-2026 12:30||NIFTY27JAN2626100CE,0.1537790942235437
23-01-2026 12:30||NIFTY27JAN2626200CE,0.1653625294113724
23-01-2026 12:35||NIFTY27JAN2624100PE,0.1967514919697094
23-01-2026 12:35||NIFTY27JAN2624400PE,0.1574596161141751
23-01-2026 12:35||NIFTY27JAN2625100PE,0.0909388564679981
23-01-2026 12:35||NIFTY27JAN2625300CE,0.1070854355414614
23-01-2026 12:35||NIFTY27JAN2626100CE,0.1535144383647841
23-01-2026 12:40||NIFTY27JAN2624500PE,0.1442596392266397
23-01-2026 12:40||NIFTY27JAN2624600PE,0.1321996987295459
23-01-2026 12:40||NIFTY27JAN2624900PE,0.1030059248334427
23-01-2026 12:40||NIFTY27JAN2625300CE,0.1077293023303972
23-01-2026 12:45||NIFTY27JAN2623800PE,0.2346495859911748
23-01-2026 12:45||NIFTY27JAN2623900PE,0.2231181433875838
23-01-2026 12:45||NIFTY27JAN2624600PE,0.1378071082523117
23-01-2026 12:45||NIFTY27JAN2625900CE,0.1241251623961973
23-01-2026 12:50||NIFTY27JAN2623800PE,0.2346256930160073
23-01-2026 12:50||NIFTY27JAN2624400PE,0.1568393376636524
23-01-2026 12:50||NIFTY27JAN2624800PE,0.1104971450441442
23-01-2026 12:50||NIFTY27JAN2625300CE,0.1091216546526829
23-01-2026 12:50||NIFTY27JAN2625600CE,0.1068983480208823
23-01-2026 12:50||NIFTY27JAN2625700CE,0.1118084082830942
23-01-2026 12:50||NIFTY27JAN2626000CE,0.1394826505412821
23-01-2026 12:50||NIFTY27JAN2626400CE,0.1861806572504475
23-01-2026 12:55||NIFTY27JAN2624200PE,0.1866290144567454
23-01-2026 12:55||NIFTY27JAN2625400CE,0.0915772361793342
23-01-2026 12:55||NIFTY27JAN2625600CE,0.099216068473795
23-01-2026 12:55||NIFTY27JAN2625800CE,0.1159747108800017
23-01-2026 12:55||NIFTY27JAN2626400CE,0.1848588065261669
23-01-2026 13:00||NIFTY27JAN2624900PE,0.1034622437592024
23-01-2026 13:00||NIFTY27JAN2625700CE,0.112778635735434
23-01-2026 13:00||NIFTY27JAN2626000CE,0.1435724833389105
23-01-2026 13:05||NIFTY27JAN2623800PE,0.2309570211979018
23-01-2026 13:05||NIFTY27JAN2625200CE,0.1040349697176864
23-01-2026 13:05||NIFTY27JAN2625900CE,0.1322369788914117
23-01-2026 13:10||NIFTY27JAN2623900PE,0.2218373556581044
23-01-2026 13:10||NIFTY27JAN2624000PE,0.2096992476796269
23-01-2026 13:10||NIFTY27JAN2624100PE,0.1967353755994718
23-01-2026 13:10||NIFTY27JAN2624700PE,0.1206620732893501
23-01-2026 13:10||NIFTY27JAN2625100PE,0.0921899776066457
23-01-2026 13:10||NIFTY27JAN2625800CE,0.1210031949481675
23-01-2026 13:10||NIFTY27JAN2626000CE,0.1434582336945084
23-01-2026 13:15||NIFTY27JAN2623800PE,0.2271295136091144
23-01-2026 13:15||NIFTY27JAN2624200PE,0.1795608632865546
23-01-2026 13:15||NIFTY27JAN2625300CE,0.0940938133143618
23-01-2026 13:15||NIFTY27JAN2625600CE,0.1076130491491925
23-01-2026 13:15||NIFTY27JAN2625900CE,0.1371590610711774
23-01-2026 13:15||NIFTY27JAN2626000CE,0.1489508650523306
23-01-2026 13:20||NIFTY27JAN2624700PE,0.1217169518053195
23-01-2026 13:20||NIFTY27JAN2624800PE,0.1147147262460153
23-01-2026 13:20||NIFTY27JAN2625700CE,0.1221606484359058
23-01-2026 13:20||NIFTY27JAN2626200CE,0.1773959757648278
23-01-2026 13:20||NIFTY27JAN2626500CE,0.2098077467236174
23-01-2026 13:25||NIFTY27JAN2624100PE,0.1875740163024287
23-01-2026 13:25||NIFTY27JAN2624500PE,0.1387878920609071
23-01-2026 13:25||NIFTY27JAN2625000PE,0.1020857336276435
23-01-2026 13:25||NIFTY27JAN2625400CE,0.1024182669245148
23-01-2026 13:30||NIFTY27JAN2624700PE,0.1275117232241498
23-01-2026 13:30||NIFTY27JAN2624800PE,0.121795598067906
23-01-2026 13:30||NIFTY27JAN2625000PE,0.1149533391044074
23-01-2026 13:30||NIFTY27JAN2625400CE,0.1091274389329916
23-01-2026 13:30||NIFTY27JAN2625700CE,0.1318609770318437
23-01-2026 13:30||NIFTY27JAN2626000CE,0.1651531888414355
23-01-2026 13:35||NIFTY27JAN2623900PE,0.209063285769761
23-01-2026 13:35||NIFTY27JAN2624100PE,0.1839451021166974
23-01-2026 13:35||NIFTY27JAN2624900PE,0.1105050045605629
23-01-2026 13:35||NIFTY27JAN2625600CE,0.1241904452916937
23-01-2026 13:35||NIFTY27JAN2626000CE,0.1666583259535314
23-01-2026 13:35||NIFTY27JAN2626200CE,0.1900462101261623
23-01-2026 13:35||NIFTY27JAN2626500CE,0.2214524532562513
23-01-2026 13:40||NIFTY27JAN2623900PE,0.213147716723665
23-01-2026 13:40||NIFTY27JAN2624600PE,0.1358660104778703
23-01-2026 13:40||NIFTY27JAN2624900PE,0.1205882987908359
23-01-2026 13:40||NIFTY27JAN2625700CE,0.1343062486357819
23-01-2026 13:40||NIFTY27JAN2625800CE,0.1449142788082403
23-01-2026 13:40||NIFTY27JAN2626300CE,0.2011714570747584
23-01-2026 13:45||NIFTY27JAN2623900PE,0.2068493485159842
23-01-2026 13:45||NIFTY27JAN2624000PE,0.1944178149067265
23-01-2026 13:45||NIFTY27JAN2624500PE,0.1354573077120024
23-01-2026 13:45||NIFTY27JAN2624600PE,0.1259510720493264
23-01-2026 13:45||NIFTY27JAN2625000PE,0.1015649706712915
23-01-2026 13:45||NIFTY27JAN2625300CE,0.1126893818462265
23-01-2026 13:45||NIFTY27JAN2626100CE,0.1829223471103751
23-01-2026 13:45||NIFTY27JAN2626300CE,0.2056133249821835
23-01-2026 13:50||NIFTY27JAN2624000PE,0.1947034072099197
23-01-2026 13:50||NIFTY27JAN2624500PE,0.1349700938393164
23-01-2026 13:50||NIFTY27JAN2625100PE,0.0976499187905543
23-01-2026 13:50||NIFTY27JAN2626400CE,0.2176833330829717
23-01-2026 13:55||NIFTY27JAN2625500CE,0.1221312397878037
23-01-2026 13:55||NIFTY27JAN2625700CE,0.1381027096844756
23-01-2026 13:55||NIFTY27JAN2625800CE,0.1482192222822729
23-01-2026 13:55||NIFTY27JAN2626400CE,0.2155576262372376
23-01-2026 13:55||NIFTY27JAN2626500CE,0.2259459965712167
23-01-2026 14:00||NIFTY27JAN2624200PE,0.1689006602905221
23-01-2026 14:00||NIFTY27JAN2624300PE,0.1564406626595733
23-01-2026 14:00||NIFTY27JAN2625300CE,0.1141022966128534
23-01-2026 14:00||NIFTY27JAN2625400CE,0.1166632804396096
23-01-2026 14:00||NIFTY27JAN2625500CE,0.1215843411957163
23-01-2026 14:00||NIFTY27JAN2625800CE,0.1472095177019986
23-01-2026 14:05||NIFTY27JAN2624200PE,0.170783584750085
23-01-2026 14:05||NIFTY27JAN2624800PE,0.1111726860890598
23-01-2026 14:05||NIFTY27JAN2626300CE,0.200984169059419
23-01-2026 14:10||NIFTY27JAN2623900PE,0.20895594701578
23-01-2026 14:10||NIFTY27JAN2625800CE,0.1464251713059851
23-01-2026 14:10||NIFTY27JAN2626400CE,0.2130591964847418
23-01-2026 14:15||NIFTY27JAN2625000PE,0.1123601056330746
23-01-2026 14:15||NIFTY27JAN2625400CE,0.1077944864673562
23-01-2026 14:15||NIFTY27JAN2626400CE,0.2069498968971477
23-01-2026 14:20||NIFTY27JAN2624100PE,0.1848388274053254
23-01-2026 14:20||NIFTY27JAN2624800PE,0.1148158284729845
23-01-2026 14:20||NIFTY27JAN2625400CE,0.1121021255376981
23-01-2026 14:20||NIFTY27JAN2625600CE,0.1251214873529638
23-01-2026 14:20||NIFTY27JAN2625800CE,0.1445094460906485
23-01-2026 14:20||NIFTY27JAN2626400CE,0.2097719154672434
23-01-2026 14:20||NIFTY27JAN2626500CE,0.2201418042197807
23-01-2026 14:25||NIFTY27JAN2624200PE,0.166992459867276
23-01-2026 14:25||NIFTY27JAN2624400PE,0.1417167730812198
23-01-2026 14:25||NIFTY27JAN2624500PE,0.1303173724501825
23-01-2026 14:25||NIFTY27JAN2625200CE,0.1141287742285075
23-01-2026 14:25||NIFTY27JAN2626200CE,0.1878253115086386
23-01-2026 14:25||NIFTY27JAN2626300CE,0.1988461684102026
23-01-2026 14:25||NIFTY27JAN2626400CE,0.2098229723458134
23-01-2026 14:30||NIFTY27JAN2624600PE,0.1226683674136316
23-01-2026 14:30||NIFTY27JAN2625700CE,0.1331895684415288
23-01-2026 14:35||NIFTY27JAN2623900PE,0.2112507733640163
23-01-2026 14:35||NIFTY27JAN2624500PE,0.1339902759419661
23-01-2026 14:35||NIFTY27JAN2624700PE,0.1152460286565032
23-01-2026 14:35||NIFTY27JAN2625400CE,0.1096477750629662
23-01-2026 14:35||NIFTY27JAN2625600CE,0.1208329125817822
23-01-2026 14:35||NIFTY27JAN2625800CE,0.1384615065209819
23-01-2026 14:35||NIFTY27JAN2625900CE,0.1487969101240703
23-01-2026 14:35||NIFTY27JAN2626000CE,0.1598568062037015
23-01-2026 14:35||NIFTY27JAN2626300CE,0.1945443616173417
23-01-2026 14:40||NIFTY27JAN2623900PE,0.2131817403211921
23-01-2026 14:40||NIFTY27JAN2624300PE,0.1606608776641025
23-01-2026 14:40||NIFTY27JAN2624400PE,0.1480517217207807
23-01-2026 14:40||NIFTY27JAN2625000PE,0.1013335481392891
23-01-2026 14:40||NIFTY27JAN2625100PE,0.0976352231921778
23-01-2026 14:40||NIFTY27JAN2625200CE,0.1025144633144982
23-01-2026 14:40||NIFTY27JAN2625700CE,0.1313560146282293
23-01-2026 14:40||NIFTY27JAN2625800CE,0.1413191677160581
23-01-2026 14:40||NIFTY27JAN2626400CE,0.2060032244632072
23-01-2026 14:45||NIFTY27JAN2624400PE,0.1485291225983054
23-01-2026 14:45||NIFTY27JAN2624700PE,0.1203466627174996
23-01-2026 14:45||NIFTY27JAN2625100PE,0.1038553770450224
23-01-2026 14:45||NIFTY27JAN2625400CE,0.1083774675543724
23-01-2026 14:45||NIFTY27JAN2625600CE,0.1228209620458216
23-01-2026 14:45||NIFTY27JAN2626000CE,0.1629805114909951
23-01-2026 14:45||NIFTY27JAN2626200CE,0.1850297638400166
23-01-2026 14:50||NIFTY27JAN2623800PE,0.2178518330258688
23-01-2026 14:50||NIFTY27JAN2624500PE,0.1304425697222755
23-01-2026 14:50||NIFTY27JAN2624800PE,0.1034778269941348
23-01-2026 14:50||NIFTY27JAN2625200CE,0.1108704978940584
23-01-2026 14:50||NIFTY27JAN2625300CE,0.1130659672119542
23-01-2026 14:50||NIFTY27JAN2625500CE,0.1212012754778396
23-01-2026 14:55||NIFTY27JAN2623900PE,0.2110599702466218
23-01-2026 14:55||NIFTY27JAN2624400PE,0.1463628655462429
23-01-2026 14:55||NIFTY27JAN2625200CE,0.1028558181579
23-01-2026 14:55||NIFTY27JAN2625900CE,0.1498160879694048
23-01-2026 14:55||NIFTY27JAN2626200CE,0.1833427029138171
23-01-2026 15:00||NIFTY27JAN2623900PE,0.2101994248145713
23-01-2026 15:00||NIFTY27JAN2624100PE,0.1847736364031134
23-01-2026 15:00||NIFTY27JAN2624300PE,0.1587917853578191
23-01-2026 15:00||NIFTY27JAN2624600PE,0.1254236779173943
23-01-2026 15:05||NIFTY27JAN2623900PE,0.207564975678241
23-01-2026 15:05||NIFTY27JAN2624800PE,0.1182951550937024
23-01-2026 15:05||NIFTY27JAN2626200CE,0.1933872863109222
23-01-2026 15:10||NIFTY27JAN2623800PE,0.2180013214898516
23-01-2026 15:10||NIFTY27JAN2624000PE,0.1930685993522582
23-01-2026 15:10||NIFTY27JAN2624200PE,0.1675432031620265
23-01-2026 15:10||NIFTY27JAN2624600PE,0.1228020549273948
23-01-2026 15:10||NIFTY27JAN2625000PE,0.0994793176138354
23-01-2026 15:10||NIFTY27JAN2625300CE,0.1118468333800555
23-01-2026 15:10||NIFTY27JAN2625700CE,0.1394679444985105
23-01-2026 15:10||NIFTY27JAN2626100CE,0.1839456069976541
23-01-2026 15:10||NIFTY27JAN2626200CE,0.1952939726555382
23-01-2026 15:10||NIFTY27JAN2626300CE,0.2064974218832134
23-01-2026 15:15||NIFTY27JAN2624100PE,0.1816828937349523
23-01-2026 15:15||NIFTY27JAN2624200PE,0.1683132660869519
23-01-2026 15:15||NIFTY27JAN2625000PE,0.102868751223164
23-01-2026 15:20||NIFTY27JAN2623800PE,0.2196118342075431
23-01-2026 15:20||NIFTY27JAN2623900PE,0.2064306099653179
23-01-2026 15:20||NIFTY27JAN2624800PE,0.1030942392548872
23-01-2026 15:20||NIFTY27JAN2625400CE,0.119433565406726
23-01-2026 15:20||NIFTY27JAN2625500CE,0.1252964212516673
23-01-2026 15:20||NIFTY27JAN2625700CE,0.1423293368889539
23-01-2026 15:20||NIFTY27JAN2625900CE,0.1629814278952024
23-01-2026 15:20||NIFTY27JAN2626200CE,0.1965568158322635
23-01-2026 15:25||NIFTY27JAN2624500PE,0.127511815725943
23-01-2026 15:25||NIFTY27JAN2624600PE,0.1174267638549951
23-01-2026 15:25||NIFTY27JAN2625700CE,0.1404751770703535
27-01-2026 09:15||NIFTY27JAN2626200CE,0.6731490244431374
27-01-2026 09:15||NIFTY27JAN2626400CE,0.7562520171424577
27-01-2026 09:15||NIFTY27JAN2626500CE,0.8276830110489121
27-01-2026 09:20||NIFTY27JAN2624400PE,0.4362623576571389
27-01-2026 09:20||NIFTY27JAN2624900PE,0.3935232221815073
27-01-2026 09:20||NIFTY27JAN2625100PE,0.4259054454555523
27-01-2026 09:20||NIFTY27JAN2625400CE,0.4007083696381636
27-01-2026 09:20||NIFTY27JAN2625500CE,0.4300116441207711
27-01-2026 09:20||NIFTY27JAN2625600CE,0.4682834283071323
27-01-2026 09:20||NIFTY27JAN2625700CE,0.51126069745694
27-01-2026 09:20||NIFTY27JAN2626500CE,0.9116968476561318
27-01-2026 09:25||NIFTY27JAN2623900PE,0.6560271173823056
27-01-2026 09:25||NIFTY27JAN2624600PE,0.3456162753354276
27-01-2026 09:25||NIFTY27JAN2625100PE,0.2648848986713875
27-01-2026 09:25||NIFTY27JAN2625500CE,0.4557905849503136
27-01-2026 09:25||NIFTY27JAN2625900CE,0.6339459732752073
27-01-2026 09:25||NIFTY27JAN2626500CE,0.9282341512528892
27-01-2026 09:30||NIFTY27JAN2624400PE,0.4083546802398675
27-01-2026 09:30||NIFTY27JAN2624800PE,0.2778877841760687
27-01-2026 09:30||NIFTY27JAN2624900PE,0.2555077907160054
27-01-2026 09:30||NIFTY27JAN2625400CE,0.4360376573950333
27-01-2026 09:30||NIFTY27JAN2625600CE,0.4931935355621744
27-01-2026 09:30||NIFTY27JAN2625800CE,0.5820036799013202
27-01-2026 09:30||NIFTY27JAN2626100CE,0.736904577291488
27-01-2026 09:30||NIFTY27JAN2626400CE,0.8807219970240503
27-01-2026 09:35||NIFTY27JAN2623800PE,0.742188952692768
27-01-2026 09:35||NIFTY27JAN2624500PE,0.4034216748358299
27-01-2026 09:35||NIFTY27JAN2625700CE,0.4853741099340106
27-01-2026 09:35||NIFTY27JAN2626200CE,0.7261080280574491
27-01-2026 09:45||NIFTY27JAN2623800PE,0.817080452495125
27-01-2026 09:45||NIFTY27JAN2624000PE,0.7248746905064913
27-01-2026 09:45||NIFTY27JAN2624500PE,0.4831779191326741
27-01-2026 09:45||NIFTY27JAN2625000PE,0.3200460805478925
27-01-2026 09:45||NIFTY27JAN2625600CE,0.369294314173768
27-01-2026 09:45||NIFTY27JAN2626200CE,0.6466778336428582
27-01-2026 09:45||NIFTY27JAN2626300CE,0.6975652774414742
27-01-2026 09:50||NIFTY27JAN2623800PE,0.8203977000024033
27-01-2026 09:50||NIFTY27JAN2624200PE,0.6278256509022319
27-01-2026 09:50||NIFTY27JAN2624800PE,0.3795103218907807
27-01-2026 09:50||NIFTY27JAN2624900PE,0.3581181383095622
27-01-2026 09:50||NIFTY27JAN2626300CE,0.7002858341213742
27-01-2026 09:55||NIFTY27JAN2624100PE,0.6766571642627631
27-01-2026 09:55||NIFTY27JAN2624700PE,0.4038921608202382
27-01-2026 09:55||NIFTY27JAN2624800PE,0.3820190229851762
27-01-2026 09:55||NIFTY27JAN2625000PE,0.3502972053277968
27-01-2026 09:55||NIFTY27JAN2625700CE,0.4046530998633508
27-01-2026 09:55||NIFTY27JAN2626000CE,0.5607454886061629
27-01-2026 09:55||NIFTY27JAN2626200CE,0.6647988883341225
27-01-2026 10:00||NIFTY27JAN2624000PE,0.7361178922201304
27-01-2026 10:00||NIFTY27JAN2625300CE,0.3039313464342078
27-01-2026 10:00||NIFTY27JAN2625400CE,0.3057156348478246
27-01-2026 10:00||NIFTY27JAN2625600CE,0.3594064533582062
27-01-2026 10:00||NIFTY27JAN2625800CE,0.4545003037702778
27-01-2026 10:00||NIFTY27JAN2626100CE,0.6148569609384535
27-01-2026 10:00||NIFTY27JAN2626400CE,0.7501168333631512
27-01-2026 10:00||NIFTY27JAN2626500CE,0.7844424099299887
27-01-2026 10:05||NIFTY27JAN2623800PE,0.8219665304137436
27-01-2026 10:05||NIFTY27JAN2623900PE,0.7782795617104404
27-01-2026 10:05||NIFTY27JAN2624100PE,0.6838646844547726
27-01-2026 10:05||NIFTY27JAN2626400CE,0.7662243742312236
27-01-2026 10:10||NIFTY27JAN2624200PE,0.6092103871697618
27-01-2026 10:10||NIFTY27JAN2624900PE,0.3021322896959472
27-01-2026 10:10||NIFTY27JAN2625300CE,0.3667357364114781
27-01-2026 10:10||NIFTY27JAN2625600CE,0.3887216995872704
27-01-2026 10:15||NIFTY27JAN2625800CE,0.4595130737546077
27-01-2026 10:20||NIFTY27JAN2623900PE,0.827929875068998
27-01-2026 10:20||NIFTY27JAN2624500PE,0.5152235883518564
27-01-2026 10:20||NIFTY27JAN2624600PE,0.4654912557146569
27-01-2026 10:20||NIFTY27JAN2624800PE,0.387469045189935
27-01-2026 10:20||NIFTY27JAN2625000PE,0.3283534657583867
27-01-2026 10:20||NIFTY27JAN2625400CE,0.3003048815691124
27-01-2026 10:20||NIFTY27JAN2625800CE,0.4384528633816965
27-01-2026 10:25||NIFTY27JAN2624600PE,0.4661166362617941
27-01-2026 10:25||NIFTY27JAN2624900PE,0.383284828277309
27-01-2026 10:25||NIFTY27JAN2626000CE,0.5580458689013859
27-01-2026 10:25||NIFTY27JAN2626300CE,0.717289511272786
27-01-2026 10:25||NIFTY27JAN2626400CE,0.7629241854281449
27-01-2026 10:30||NIFTY27JAN2624100PE,0.700238165754284
27-01-2026 10:30||NIFTY27JAN2624800PE,0.370470706161358
27-01-2026 10:30||NIFTY27JAN2625400CE,0.3159256921379327
27-01-2026 10:30||NIFTY27JAN2625600CE,0.3759046992609482
27-01-2026 10:30||NIFTY27JAN2625900CE,0.5289018424171412
27-01-2026 10:30||NIFTY27JAN2626200CE,0.6943069604018023
27-01-2026 10:35||NIFTY27JAN2624300PE,0.5943049806474254
27-01-2026 10:35||NIFTY27JAN2624400PE,0.5394173243322926
27-01-2026 10:35||NIFTY27JAN2624800PE,0.3816738028624153
27-01-2026 10:35||NIFTY27JAN2625200CE,0.2773492911508525
27-01-2026 10:35||NIFTY27JAN2625300CE,0.2861732452307108
27-01-2026 10:35||NIFTY27JAN2625700CE,0.4319900764036903
27-01-2026 10:40||NIFTY27JAN2624400PE,0.5110419680690644
27-01-2026 10:40||NIFTY27JAN2625200CE,0.2611570688716711
27-01-2026 10:40||NIFTY27JAN2625700CE,0.4547759813570293
27-01-2026 10:40||NIFTY27JAN2626100CE,0.6779246794366318
27-01-2026 10:40||NIFTY27JAN2626200CE,0.7279977064642565
27-01-2026 10:45||NIFTY27JAN2624000PE,0.7045173311711731
27-01-2026 10:45||NIFTY27JAN2624700PE,0.3574184301755522
27-01-2026 10:45||NIFTY27JAN2624900PE,0.3181555366353144
27-01-2026 10:45||NIFTY27JAN2625500CE,0.3930836374542008
27-01-2026 10:45||NIFTY27JAN2626200CE,0.7773486084145073
27-01-2026 10:45||NIFTY27JAN2626400CE,0.869783543746731
27-01-2026 10:50||NIFTY27JAN2623900PE,0.7709887108235719
27-01-2026 10:50||NIFTY27JAN2624000PE,0.7133021659905153
27-01-2026 10:50||NIFTY27JAN2624600PE,0.3968341858782728
27-01-2026 10:50||NIFTY27JAN2625000PE,0.3729018178434168
27-01-2026 10:50||NIFTY27JAN2625200CE,0.2986912149705441
27-01-2026 10:50||NIFTY27JAN2625400CE,0.3701307768509632
27-01-2026 10:50||NIFTY27JAN2625700CE,0.5220447828815491
27-01-2026 10:55||NIFTY27JAN2623900PE,0.7578673745124547
27-01-2026 10:55||NIFTY27JAN2624400PE,0.4666888609432519
27-01-2026 10:55||NIFTY27JAN2624900PE,0.3464664152275568
27-01-2026 10:55||NIFTY27JAN2625000PE,0.3524225616254632
27-01-2026 10:55||NIFTY27JAN2625300CE,0.3499891988016469
27-01-2026 10:55||NIFTY27JAN2625400CE,0.3868470821857104
27-01-2026 10:55||NIFTY27JAN2625600CE,0.4823600093974039
27-01-2026 10:55||NIFTY27JAN2626400CE,0.9251531837162568
27-01-2026 11:00||NIFTY27JAN2623800PE,0.849064670203165
27-01-2026 11:00||NIFTY27JAN2623900PE,0.775258658084094
27-01-2026 11:00||NIFTY27JAN2624300PE,0.5144945891025717
27-01-2026 11:00||NIFTY27JAN2625200CE,0.3094833669726898
27-01-2026 11:00||NIFTY27JAN2625300CE,0.3483654309646197
27-01-2026 11:00||NIFTY27JAN2625400CE,0.3939172535560945
27-01-2026 11:00||NIFTY27JAN2626300CE,0.888869803129785
27-01-2026 11:05||NIFTY27JAN2623800PE,0.8025948060965682
27-01-2026 11:05||NIFTY27JAN2624100PE,0.6659302915931625
27-01-2026 11:05||NIFTY27JAN2624200PE,0.6019824484749907
27-01-2026 11:05||NIFTY27JAN2624900PE,0.3073550583684579
27-01-2026 11:05||NIFTY27JAN2625300CE,0.3689925842050235
27-01-2026 11:05||NIFTY27JAN2625700CE,0.5416902323088847
27-01-2026 11:10||NIFTY27JAN2624200PE,0.6090408534215718
27-01-2026 11:10||NIFTY27JAN2624400PE,0.4850393207253816
27-01-2026 11:10||NIFTY27JAN2624900PE,0.2996430435658913
27-01-2026 11:10||NIFTY27JAN2625300CE,0.3655429672739803
27-01-2026 11:10||NIFTY27JAN2625500CE,0.4350801581383789
27-01-2026 11:10||NIFTY27JAN2625800CE,0.5990094430784604
27-01-2026 11:10||NIFTY27JAN2626500CE,0.9879006627423306
27-01-2026 11:15||NIFTY27JAN2624300PE,0.5492684803967781
27-01-2026 11:15||NIFTY27JAN2625000PE,0.2935699708147447
27-01-2026 11:15||NIFTY27JAN2625100PE,0.2932552369348223
27-01-2026 11:15||NIFTY27JAN2626400CE,0.9361558324440342
27-01-2026 11:20||NIFTY27JAN2625300CE,0.3397983255801001
27-01-2026 11:20||NIFTY27JAN2626100CE,0.7595015115648495
27-01-2026 11:25||NIFTY27JAN2623800PE,0.8609075846340268
27-01-2026 11:25||NIFTY27JAN2624000PE,0.7554043885530581
27-01-2026 11:25||NIFTY27JAN2624200PE,0.6388110711327439
27-01-2026 11:25||NIFTY27JAN2624900PE,0.2875353039261362
27-01-2026 11:25||NIFTY27JAN2625600CE,0.4700289050698124
27-01-2026 11:25||NIFTY27JAN2626500CE,0.9796233240148278
27-01-2026 11:30||NIFTY27JAN2624200PE,0.668899396375875
27-01-2026 11:30||NIFTY27JAN2625100PE,0.3255763228942152
27-01-2026 11:30||NIFTY27JAN2625600CE,0.4418549575285619
27-01-2026 11:30||NIFTY27JAN2625900CE,0.6155284545856321
27-01-2026 11:30||NIFTY27JAN2626200CE,0.797817721303535
27-01-2026 11:35||NIFTY27JAN2624000PE,0.7945810355916489
27-01-2026 11:35||NIFTY27JAN2624900PE,0.3027411604584119
27-01-2026 11:35||NIFTY27JAN2625200CE,0.3367412213653128
27-01-2026 11:40||NIFTY27JAN2623800PE,0.9218787308357612
27-01-2026 11:40||NIFTY27JAN2624000PE,0.813626352677219
27-01-2026 11:40||NIFTY27JAN2626000CE,0.648588419530119
27-01-2026 11:40||NIFTY27JAN2626300CE,0.817200925986233
27-01-2026 11:45||NIFTY27JAN2624300PE,0.6588463780622966
27-01-2026 11:45||NIFTY27JAN2624400PE,0.5957908373705428
27-01-2026 11:45||NIFTY27JAN2624500PE,0.5374545538810551
27-01-2026 11:45||NIFTY27JAN2626100CE,0.6751791305284037
27-01-2026 11:45||NIFTY27JAN2626400CE,0.8331761262576695
27-01-2026 11:50||NIFTY27JAN2624700PE,0.415724748779192
27-01-2026 11:50||NIFTY27JAN2624900PE,0.3682948973860252
27-01-2026 11:50||NIFTY27JAN2625700CE,0.4694901911124639
27-01-2026 11:50||NIFTY27JAN2626000CE,0.6468134957573378
27-01-2026 11:55||NIFTY27JAN2623900PE,0.8914481576177774
27-01-2026 11:55||NIFTY27JAN2624000PE,0.8275986765997978
27-01-2026 11:55||NIFTY27JAN2624400PE,0.556423660554233
27-01-2026 11:55||NIFTY27JAN2624500PE,0.4953994002848141
27-01-2026 11:55||NIFTY27JAN2624800PE,0.3607706686432321
27-01-2026 11:55||NIFTY27JAN2625200CE,0.3749867552134826
27-01-2026 11:55||NIFTY27JAN2625400CE,0.3791564731313699
27-01-2026 11:55||NIFTY27JAN2626500CE,0.9661816420434242
27-01-2026 12:00||NIFTY27JAN2624200PE,0.7002849259016712
27-01-2026 12:00||NIFTY27JAN2624300PE,0.6346836182897044
27-01-2026 12:00||NIFTY27JAN2624500PE,0.5110432160052352
27-01-2026 12:00||NIFTY27JAN2625100PE,0.2961988765448803
27-01-2026 12:00||NIFTY27JAN2625500CE,0.4031726727009023
27-01-2026 12:00||NIFTY27JAN2626100CE,0.7150587612686713
27-01-2026 12:00||NIFTY27JAN2626400CE,0.8788223596323371
27-01-2026 12:00||NIFTY27JAN2626500CE,0.9196825182594588
27-01-2026 12:05||NIFTY27JAN2624500PE,0.5312682421351964
27-01-2026 12:05||NIFTY27JAN2624700PE,0.4294574902507915
27-01-2026 12:05||NIFTY27JAN2625100PE,0.3347410965912109
27-01-2026 12:05||NIFTY27JAN2625900CE,0.590566612308799
27-01-2026 12:05||NIFTY27JAN2626500CE,0.9630700616728726
27-01-2026 12:10||NIFTY27JAN2624400PE,0.6025289836223234
27-01-2026 12:10||NIFTY27JAN2625700CE,0.4828977500357908
27-01-2026 12:10||NIFTY27JAN2626400CE,0.905567294349245
27-01-2026 12:15||NIFTY27JAN2624500PE,0.55146566320595
27-01-2026 12:15||NIFTY27JAN2624600PE,0.4973658407253667
27-01-2026 12:15||NIFTY27JAN2626000CE,0.6750519440031348
27-01-2026 12:15||NIFTY27JAN2626200CE,0.7925401634773739
27-01-2026 12:20||NIFTY27JAN2624000PE,0.8786344378506322
27-01-2026 12:20||NIFTY27JAN2624200PE,0.7524256899415409
27-01-2026 12:20||NIFTY27JAN2625000PE,0.2988005034800132
27-01-2026 12:20||NIFTY27JAN2625300CE,0.3653162963747988
27-01-2026 12:20||NIFTY27JAN2625600CE,0.4494934875295783
27-01-2026 12:25||NIFTY27JAN2624100PE,0.8364733469123348
27-01-2026 12:25||NIFTY27JAN2624700PE,0.4642154451945957
27-01-2026 12:25||NIFTY27JAN2625400CE,0.3335709165753293
27-01-2026 12:25||NIFTY27JAN2625900CE,0.6196092500187124
27-01-2026 12:30||NIFTY27JAN2625300CE,0.3392152530021943
27-01-2026 12:35||NIFTY27JAN2624100PE,0.8425616242946292
27-01-2026 12:35||NIFTY27JAN2624400PE,0.6388344040048484
27-01-2026 12:35||NIFTY27JAN2624900PE,0.3827355820718859
27-01-2026 12:35||NIFTY27JAN2625100PE,0.3527087594816006
27-01-2026 12:35||NIFTY27JAN2625800CE,0.5966682355888087
27-01-2026 12:35||NIFTY27JAN2626100CE,0.7958812043810182
27-01-2026 12:40||NIFTY27JAN2624200PE,0.7748508303093479
27-01-2026 12:40||NIFTY27JAN2624700PE,0.4378830835787744
27-01-2026 12:40||NIFTY27JAN2624800PE,0.3939966684992972
27-01-2026 12:40||NIFTY27JAN2624900PE,0.3623474304291011
27-01-2026 12:40||NIFTY27JAN2625100PE,0.3246691548881258
27-01-2026 12:40||NIFTY27JAN2625200CE,0.3373309426842151
27-01-2026 12:40||NIFTY27JAN2625900CE,0.6809084257046822
27-01-2026 12:40||NIFTY27JAN2626000CE,0.7477600026636356
27-01-2026 12:40||NIFTY27JAN2626300CE,0.9386418926662132
27-01-2026 12:45||NIFTY27JAN2625200CE,0.3039699941089345
27-01-2026 12:45||NIFTY27JAN2625700CE,0.5648281620951444
27-01-2026 12:45||NIFTY27JAN2625900CE,0.6973031991120993
27-01-2026 12:45||NIFTY27JAN2626200CE,0.893195484127401
27-01-2026 12:50||NIFTY27JAN2624600PE,0.4809399424930439
27-01-2026 12:50||NIFTY27JAN2625000PE,0.2881248130741359
27-01-2026 12:50||NIFTY27JAN2625100PE,0.2566466104150393
27-01-2026 12:50||NIFTY27JAN2625900CE,0.7228079434693496
27-01-2026 12:50||NIFTY27JAN2626200CE,0.9208348818803352
27-01-2026 12:50||NIFTY27JAN2626500CE,1.0941397158088015
27-01-2026 12:55||NIFTY27JAN2623900PE,1.0301492242068653
27-01-2026 12:55||NIFTY27JAN2624000PE,0.9577260531764904
27-01-2026 12:55||NIFTY27JAN2625500CE,0.4480783600700602
27-01-2026 12:55||NIFTY27JAN2625600CE,0.5114380119455997
27-01-2026 12:55||NIFTY27JAN2625800CE,0.646929598341676
27-01-2026 12:55||NIFTY27JAN2626200CE,0.9173996088159032
27-01-2026 13:00||NIFTY27JAN2624100PE,0.8853402450520642
27-01-2026 13:00||NIFTY27JAN2624500PE,0.5879961082651867
27-01-2026 13:00||NIFTY27JAN2625400CE,0.3987962243653914
27-01-2026 13:00||NIFTY27JAN2626000CE,0.7991666374732525
27-01-2026 13:05||NIFTY27JAN2623900PE,1.0392484848278989
27-01-2026 13:05||NIFTY27JAN2624500PE,0.585012164959335
27-01-2026 13:05||NIFTY27JAN2624800PE,0.3933235154695039
27-01-2026 13:10||NIFTY27JAN2624200PE,0.8273376370975281
27-01-2026 13:10||NIFTY27JAN2624500PE,0.6096222686007987
27-01-2026 13:10||NIFTY27JAN2624600PE,0.5363212471747031
27-01-2026 13:10||NIFTY27JAN2624700PE,0.4713287564424801
27-01-2026 13:15||NIFTY27JAN2624400PE,0.6885351745533382
27-01-2026 13:15||NIFTY27JAN2625000PE,0.3100331547601055
27-01-2026 13:15||NIFTY27JAN2625200CE,0.3905253201155523
27-01-2026 13:15||NIFTY27JAN2626300CE,1.05610741305536
27-01-2026 13:20||NIFTY27JAN2624000PE,1.0154784822983505
27-01-2026 13:20||NIFTY27JAN2624200PE,0.8640204866457557
27-01-2026 13:20||NIFTY27JAN2624600PE,0.5380966506121934
27-01-2026 13:20||NIFTY27JAN2624900PE,0.3421222787793255
27-01-2026 13:20||NIFTY27JAN2625700CE,0.6258438474085465
27-01-2026 13:20||NIFTY27JAN2625900CE,0.7760944403862124
27-01-2026 13:25||NIFTY27JAN2623800PE,1.1563545261298405
27-01-2026 13:25||NIFTY27JAN2625100PE,0.2715426215165091
27-01-2026 13:25||NIFTY27JAN2625700CE,0.6298594104599277
27-01-2026 13:30||NIFTY27JAN2624100PE,1.0083017615892884
27-01-2026 13:30||NIFTY27JAN2624300PE,0.842703594194995
27-01-2026 13:30||NIFTY27JAN2625100PE,0.3431244472725566
27-01-2026 13:30||NIFTY27JAN2625400CE,0.4301800859689988
27-01-2026 13:30||NIFTY27JAN2626300CE,1.102760976621087
27-01-2026 13:35||NIFTY27JAN2623900PE,1.1585653090082104
27-01-2026 13:35||NIFTY27JAN2624300PE,0.8414499668924609
27-01-2026 13:35||NIFTY27JAN2624400PE,0.7587146130940728
27-01-2026 13:35||NIFTY27JAN2624600PE,0.6122265739429406
27-01-2026 13:35||NIFTY27JAN2624800PE,0.5197824436148745
27-01-2026 13:35||NIFTY27JAN2625300CE,0.3537597373479789
27-01-2026 13:35||NIFTY27JAN2625600CE,0.5808514568664108
27-01-2026 13:35||NIFTY27JAN2626000CE,0.9061737600191984
27-01-2026 13:35||NIFTY27JAN2626200CE,1.062190209434093
27-01-2026 13:35||NIFTY27JAN2626300CE,1.1397216317343617
27-01-2026 13:35||NIFTY27JAN2626400CE,1.211959393429728
27-01-2026 13:40||NIFTY27JAN2625500CE,0.5709366547945842
27-01-2026 13:40||NIFTY27JAN2626300CE,1.1981555199710638
27-01-2026 13:45||NIFTY27JAN2623800PE,1.2324250863641444
27-01-2026 13:45||NIFTY27JAN2623900PE,1.156999499703802
27-01-2026 13:45||NIFTY27JAN2624100PE,1.0071837850513672
27-01-2026 13:45||NIFTY27JAN2624700PE,0.4809274476216524
27-01-2026 13:45||NIFTY27JAN2625300CE,0.4603392240407949
27-01-2026 13:45||NIFTY27JAN2625600CE,0.6597923038399182
27-01-2026 13:45||NIFTY27JAN2625700CE,0.7381064784746059
27-01-2026 13:45||NIFTY27JAN2625800CE,0.8201512451003687
27-01-2026 13:45||NIFTY27JAN2625900CE,0.903727146122417
27-01-2026 13:45||NIFTY27JAN2626000CE,0.9851152250412932
27-01-2026 13:45||NIFTY27JAN2626300CE,1.2249170448206508
27-01-2026 13:45||NIFTY27JAN2626400CE,1.2930278483415036
27-01-2026 13:50||NIFTY27JAN2623900PE,1.232717965775393
27-01-2026 13:50||NIFTY27JAN2624800PE,0.4399426616133074
27-01-2026 13:50||NIFTY27JAN2625000PE,0.3542360331861623
27-01-2026 13:50||NIFTY27JAN2626200CE,1.1763390765836694
27-01-2026 13:55||NIFTY27JAN2623800PE,1.3029310585967686
27-01-2026 13:55||NIFTY27JAN2624000PE,1.168312441977001
27-01-2026 13:55||NIFTY27JAN2624100PE,1.0858018676047112
27-01-2026 13:55||NIFTY27JAN2624300PE,0.8916007972803087
27-01-2026 13:55||NIFTY27JAN2624400PE,0.7884888762969886
27-01-2026 13:55||NIFTY27JAN2624600PE,0.5851464600569466
27-01-2026 13:55||NIFTY27JAN2624900PE,0.351238964837289
27-01-2026 13:55||NIFTY27JAN2625400CE,0.5200849356836298
27-01-2026 13:55||NIFTY27JAN2625700CE,0.7930628239969666
27-01-2026 14:00||NIFTY27JAN2623800PE,1.3892137659713728
27-01-2026 14:00||NIFTY27JAN2624300PE,0.9046949667659568
27-01-2026 14:00||NIFTY27JAN2624500PE,0.7008208035469679
27-01-2026 14:00||NIFTY27JAN2625000PE,0.3908700123307603
27-01-2026 14:00||NIFTY27JAN2625100PE,0.3818345965612265
27-01-2026 14:05||NIFTY27JAN2624000PE,1.196396844593571
27-01-2026 14:05||NIFTY27JAN2624800PE,0.408048770445409
27-01-2026 14:05||NIFTY27JAN2625400CE,0.5739646850828204
27-01-2026 14:05||NIFTY27JAN2625700CE,0.8703258880570053
27-01-2026 14:05||NIFTY27JAN2625800CE,0.9656985605381072
27-01-2026 14:05||NIFTY27JAN2626100CE,1.2399010829573995
27-01-2026 14:05||NIFTY27JAN2626200CE,1.3235401393948476
27-01-2026 14:05||NIFTY27JAN2626400CE,1.4914360074958044
27-01-2026 14:10||NIFTY27JAN2623900PE,1.3218863817790838
27-01-2026 14:10||NIFTY27JAN2624000PE,1.2308284955880917
27-01-2026 14:10||NIFTY27JAN2624600PE,0.6107091418075066
27-01-2026 14:10||NIFTY27JAN2625500CE,0.6635221196328228
27-01-2026 14:10||NIFTY27JAN2626000CE,1.1532643104001756
27-01-2026 14:10||NIFTY27JAN2626200CE,1.3304682945668946
27-01-2026 14:15||NIFTY27JAN2624000PE,1.2764240303867782
27-01-2026 14:15||NIFTY27JAN2624400PE,0.8396561604726694
27-01-2026 14:15||NIFTY27JAN2624900PE,0.3595927305613745
27-01-2026 14:15||NIFTY27JAN2625600CE,0.7785960603846157
27-01-2026 14:15||NIFTY27JAN2625800CE,0.9889735765939712
27-01-2026 14:20||NIFTY27JAN2624100PE,1.1840778550505624
27-01-2026 14:20||NIFTY27JAN2625500CE,0.6930607714480235
27-01-2026 14:20||NIFTY27JAN2626000CE,1.1955102769287462
27-01-2026 14:20||NIFTY27JAN2626100CE,1.2953881738803226
27-01-2026 14:20||NIFTY27JAN2626500CE,1.7287066904331818
27-01-2026 14:25||NIFTY27JAN2623800PE,1.5429908460990789
27-01-2026 14:25||NIFTY27JAN2623900PE,1.4404323298013937
27-01-2026 14:25||NIFTY27JAN2624000PE,1.339180447954516
27-01-2026 14:25||NIFTY27JAN2624200PE,1.115426077473963
27-01-2026 14:25||NIFTY27JAN2624300PE,1.0029190459438333
27-01-2026 14:25||NIFTY27JAN2624800PE,0.418650280256474
27-01-2026 14:25||NIFTY27JAN2624900PE,0.3137090173799474
27-01-2026 14:25||NIFTY27JAN2625000PE,0.2189685241951073
27-01-2026 14:25||NIFTY27JAN2625700CE,0.9480003098692174
27-01-2026 14:30||NIFTY27JAN2624000PE,1.4159515519628945
27-01-2026 14:30||NIFTY27JAN2624200PE,1.1977900456910189
27-01-2026 14:30||NIFTY27JAN2624600PE,0.6865835356031906
27-01-2026 14:30||NIFTY27JAN2625100PE,0.241984928893723
27-01-2026 14:30||NIFTY27JAN2626400CE,1.7647315069947582
27-01-2026 14:35||NIFTY27JAN2624000PE,1.4631104191385167
27-01-2026 14:35||NIFTY27JAN2624200PE,1.2510892687890935
27-01-2026 14:35||NIFTY27JAN2624900PE,0.3466179552747915
27-01-2026 14:35||NIFTY27JAN2625000PE,0.2285786845306507
27-01-2026 14:35||NIFTY27JAN2626200CE,1.5939342249653417
27-01-2026 14:40||NIFTY27JAN2624000PE,1.5733594493505212
27-01-2026 14:40||NIFTY27JAN2624800PE,0.546586960485244
27-01-2026 14:40||NIFTY27JAN2626200CE,1.5261023436414565
27-01-2026 14:40||NIFTY27JAN2626400CE,1.746972142337378
27-01-2026 14:45||NIFTY27JAN2624000PE,1.6289804611688057
27-01-2026 14:45||NIFTY27JAN2624200PE,1.4090286490453603
27-01-2026 14:45||NIFTY27JAN2624700PE,0.7270168364463806
27-01-2026 14:45||NIFTY27JAN2625400CE,0.5518801141281691
27-01-2026 14:45||NIFTY27JAN2626400CE,1.835822318651974
27-01-2026 14:45||NIFTY27JAN2626500CE,1.9505320807593007
27-01-2026 14:50||NIFTY27JAN2623800PE,2.020853178209044
27-01-2026 14:50||NIFTY27JAN2624000PE,1.7702158372930594
27-01-2026 14:50||NIFTY27JAN2624200PE,1.530403676227456
27-01-2026 14:50||NIFTY27JAN2624800PE,0.6260354994374463
27-01-2026 14:50||NIFTY27JAN2625200CE,0.3111806196305877
27-01-2026 14:50||NIFTY27JAN2625900CE,1.2343862038929514
27-01-2026 14:55||NIFTY27JAN2623800PE,2.1347921853806566
27-01-2026 14:55||NIFTY27JAN2624000PE,1.9618230071338043
27-01-2026 14:55||NIFTY27JAN2624800PE,0.737110416627038
27-01-2026 14:55||NIFTY27JAN2625500CE,0.6770784361970492
27-01-2026 14:55||NIFTY27JAN2625800CE,1.1428500468746996
27-01-2026 14:55||NIFTY27JAN2626400CE,1.8871781420803475
27-01-2026 15:00||NIFTY27JAN2624100PE,1.8497370522704712
27-01-2026 15:00||NIFTY27JAN2624700PE,0.8635752070969268
27-01-2026 15:00||NIFTY27JAN2625100PE,0.1386520149945983
27-01-2026 15:00||NIFTY27JAN2625400CE,0.5911754682292446
27-01-2026 15:05||NIFTY27JAN2624000PE,2.159355864484453
27-01-2026 15:05||NIFTY27JAN2624100PE,1.992328293465006
27-01-2026 15:05||NIFTY27JAN2624200PE,1.8275841083570104
27-01-2026 15:05||NIFTY27JAN2624500PE,1.2976779845372803
27-01-2026 15:05||NIFTY27JAN2626300CE,2.0445393804442697
27-01-2026 15:10||NIFTY27JAN2623900PE,2.53831953596512
27-01-2026 15:10||NIFTY27JAN2624000PE,2.382362504163482
27-01-2026 15:10||NIFTY27JAN2624900PE,0.6040461439384871
27-01-2026 15:10||NIFTY27JAN2625400CE,0.6158752976093336
27-01-2026 15:10||NIFTY27JAN2625600CE,0.9887045323565604
27-01-2026 15:10||NIFTY27JAN2625800CE,1.3611838583545768
27-01-2026 15:10||NIFTY27JAN2626000CE,1.7555045978646404
27-01-2026 15:15||NIFTY27JAN2625000PE,0.5065764344539916
27-01-2026 15:15||NIFTY27JAN2625900CE,1.735602723685013
27-01-2026 15:15||NIFTY27JAN2626000CE,1.9610393956084515
27-01-2026 15:15||NIFTY27JAN2626400CE,2.702919766581069
27-01-2026 15:20||NIFTY27JAN2623800PE,3.9291563900348954
27-01-2026 15:20||NIFTY27JAN2623900PE,3.6949157468691887
27-01-2026 15:20||NIFTY27JAN2624900PE,0.9474556965126004
27-01-2026 15:20||NIFTY27JAN2625500CE,0.957408425181712
27-01-2026 15:20||NIFTY27JAN2626000CE,2.330429571950771
27-01-2026 15:20||NIFTY27JAN2626300CE,3.053133517414712
27-01-2026 15:20||NIFTY27JAN2626400CE,3.3093193015471445
27-01-2026 15:25||NIFTY27JAN2623800PE,5.5986469055646175
27-01-2026 15:25||NIFTY27JAN2624900PE,1.4511771749264444
27-01-2026 15:25||NIFTY27JAN2625100PE,0.6625485908996204
27-01-2026 15:25||NIFTY27JAN2626100CE,3.3717287575977246
27-01-2026 15:25||NIFTY27JAN2626300CE,3.970505585816261
27-01-2026 15:25||NIFTY27JAN2626400CE,4.214889109055482
27-01-2026 15:25||NIFTY27JAN2626500CE,4.759585737471575
